solver,success,converged,final_cost,iterations,time,bounds_satisfied,final_gradient_norm,problem,nvars,nresiduals,initial_objective,improvement
TRLS,true,false,9.632003823770188e-15,6,1.420986125,true,5.347337660410613e-7,NZF1,5,13,4956.907414728962,4956.907414728962
NonlinearSolve-TR,true,true,6.740325384607487e-24,6,1.2195844580000001,true,1.4221862612811415e-11,NZF1,5,13,4956.907414728962,4956.907414728962
NonlinearSolve-LM,true,true,1.4188063597299169e-18,11,2.2351305000000004,true,2.505924736351431e-9,NZF1,5,13,4956.907414728962,4956.907414728962
LSO-Levenberg-QR,true,true,5.050524982387062e-29,9,1.822697333,true,2.3620826974238674e-13,NZF1,5,13,4956.907414728962,4956.907414728962
Scipy-LeastSquares,true,true,8.169032646757891e-19,24,4.896487959,true,1.7273112685620313e-9,NZF1,5,13,4956.907414728962,4956.907414728962
NLLSsolver-LM,true,true,1.263718192309129e-29,7,1.4196739580000002,true,3.6471256160418376e-14,NZF1,5,13,4956.907414728962,4956.907414728962
LsqFit-LM,true,false,0.0004221227381944123,0,288.621502167,true,0.13902133431510777,NZF1,5,13,4956.907414728962,4956.906992606224
Optim-BFGS,true,true,8.820987389026957e-21,17,6.1485485,true,8.188154210418713e-10,NZF1,5,13,4956.907414728962,4956.907414728962
Optim-L-BFGS,true,true,4.769371190373724e-21,22,6.689266416,true,5.517739512983922e-10,NZF1,5,13,4956.907414728962,4956.907414728962
TRLS,true,true,0.0,24,3.657474375,true,0.0,mgh01,2,2,12.099999999999998,12.099999999999998
NonlinearSolve-TR,true,true,0.0,20,3.047746667,true,0.0,mgh01,2,2,12.099999999999998,12.099999999999998
NonlinearSolve-LM,true,true,5.2629398249989724e-23,29,3.855403125,true,3.1423322216797197e-10,mgh01,2,2,12.099999999999998,12.099999999999998
LSO-Levenberg-QR,true,true,1.6982696175211095e-26,35,5.4819665,true,4.128952714240617e-12,mgh01,2,2,12.099999999999998,12.099999999999998
Scipy-LeastSquares,true,true,0.0,18,3.6780482090000004,true,0.0,mgh01,2,2,12.099999999999998,12.099999999999998
NLLSsolver-LM,true,true,2.4460851037673405e-27,14,2.8444355000000003,true,7.546888228354826e-13,mgh01,2,2,12.099999999999998,12.099999999999998
LsqFit-LM,true,true,5.183062666334929e-28,0,5.885710375,true,6.24137485512939e-13,mgh01,2,2,12.099999999999998,12.099999999999998
Optim-BFGS,true,true,2.4064880728575908e-21,41,12.396252125,true,1.5156787807811358e-9,mgh01,2,2,12.099999999999998,12.099999999999998
Optim-L-BFGS,true,true,2.4337368668026897e-20,43,13.208209542,true,5.036077464835539e-9,mgh01,2,2,12.099999999999998,12.099999999999998
TRLS,true,false,24.49212684233219,24,3.655587166,true,0.0012707874322939647,mgh02,2,2,200.25,175.7578731576678
NonlinearSolve-TR,true,true,24.49212683962,73,6.498167292000001,true,9.242171264858874e-7,mgh02,2,2,200.25,175.75787316038
NonlinearSolve-LM,true,false,24.492152131212528,400,31.855502959000003,true,0.06162116490760814,mgh02,2,2,200.25,175.75784786878748
LSO-Levenberg-QR,true,true,24.49212684343562,11,2.23206975,true,0.0016698044187369795,mgh02,2,2,200.25,175.7578731565644
Scipy-LeastSquares,true,true,24.492126955944578,19,3.884293791,true,0.0006165700061624055,mgh02,2,2,200.25,175.75787304405543
NLLSsolver-LM,true,true,24.492126867644323,13,2.637659916,true,0.004315553710750622,mgh02,2,2,200.25,175.75787313235568
LsqFit-LM,true,false,24.492126839620006,0,4.668054833,true,1.6880295348769819e-6,mgh02,2,2,200.25,175.75787316038
Optim-BFGS,true,true,24.492126839620006,10,2.639125666,true,6.398609071074905e-10,mgh02,2,2,200.25,175.75787316038
Optim-L-BFGS,true,true,24.492126839620013,19,4.463845959,true,1.2453574645255468e-10,mgh02,2,2,200.25,175.75787316037997
TRLS,true,false,9.529472910828e-9,22,4.057589792,true,4.716551713145697,mgh03,2,2,0.5676308586741892,0.5676308491447163
NonlinearSolve-TR,true,true,5.0063982341978876e-24,52,10.140617833,true,2.881409609002933e-7,mgh03,2,2,0.5676308586741892,0.5676308586741892
NonlinearSolve-LM,true,true,1.0068238157383263e-19,20,4.0549655840000005,true,1.4733948870950903e-8,mgh03,2,2,0.5676308586741892,0.5676308586741892
LSO-Levenberg-QR,true,true,2.8172794243755547e-21,87,17.701706166,true,9.11224896780896e-7,mgh03,2,2,0.5676308586741892,0.5676308586741892
Scipy-LeastSquares,true,true,1.4557688448755128e-27,40,8.166810625,true,4.9133893793269e-9,mgh03,2,2,0.5676308586741892,0.5676308586741892
NLLSsolver-LM,true,true,6.097104558411806e-23,84,17.050989833000003,true,5.362359808157435e-7,mgh03,2,2,0.5676308586741892,0.5676308586741892
LsqFit-LM,true,true,3.0814879110195774e-32,0,32.067900083000005,true,1.0110075818386208e-11,mgh03,2,2,0.5676308586741892,0.5676308586741892
Optim-BFGS,true,true,9.398538128609711e-30,188,54.580333,true,9.099290278677051e-11,mgh03,2,2,0.5676308586741892,0.5676308586741892
Optim-L-BFGS,true,true,2.465190328815662e-31,199,59.853125375,true,6.065890061515452e-11,mgh03,2,2,0.5676308586741892,0.5676308586741892
TRLS,true,false,4.57689754531826e-21,21,4.467736792,true,9.567546754861287e-5,mgh04,3,2,4.999990000015e11,4.999990000015e11
NonlinearSolve-TR,true,true,3.526247689383184e-26,8,1.6240856670000001,true,2.65565347490603e-7,mgh04,3,2,4.999990000015e11,4.999990000015e11
NonlinearSolve-LM,true,true,3.944304526105059e-29,36,5.076906500000001,true,1.0028466182413128e-8,mgh04,3,2,4.999990000015e11,4.999990000015e11
LSO-Levenberg-QR,true,true,0.0,34,5.890035792,true,0.0,mgh04,3,2,4.999990000015e11,4.999990000015e11
Scipy-LeastSquares,true,true,0.0,23,4.698982458000001,true,0.0,mgh04,3,2,4.999990000015e11,4.999990000015e11
NLLSsolver-LM,true,true,0.0,17,3.452397958,true,0.0,mgh04,3,2,4.999990000015e11,4.999990000015e11
LsqFit-LM,true,true,8.874685183736383e-31,0,2.234038083,true,1.3322676295514584e-9,mgh04,3,2,4.999990000015e11,4.999990000015e11
Optim-BFGS,true,true,-6.1035156249999946e-5,18,63.149769458,true,0.0003246143482103382,mgh04,3,2,4.999990000015e11,4.9999900000150006e11
Optim-L-BFGS,true,true,-6.103515625e-5,23,100.336102166,true,3.2662904344202753e-9,mgh04,3,2,4.999990000015e11,4.9999900000150006e11
TRLS,true,false,1.3745310729815569e-15,7,1.4228751670000002,true,2.5419197458036447e-7,mgh05,3,2,7.1015625,7.101562499999998
NonlinearSolve-TR,true,true,2.4222713356086973e-23,9,1.6256552080000002,true,3.3387204707766566e-11,mgh05,3,2,7.1015625,7.1015625
NonlinearSolve-LM,true,true,1.0306898940023507e-21,11,2.033088375,true,3.315271302665532e-11,mgh05,3,2,7.1015625,7.1015625
LSO-Levenberg-QR,true,true,1.5046535690959274e-27,10,2.030600375,true,4.4954471226937703e-14,mgh05,3,2,7.1015625,7.1015625
Scipy-LeastSquares,true,true,2.2495201675537355e-23,7,1.438001584,true,3.3078243525659835e-11,mgh05,3,2,7.1015625,7.1015625
NLLSsolver-LM,true,true,0.0,9,1.8291448750000001,true,0.0,mgh05,3,2,7.1015625,7.1015625
LsqFit-LM,true,true,6.063080033841967e-19,0,1.626126167,true,4.330376141638423e-10,mgh05,3,2,7.1015625,7.1015625
Optim-BFGS,true,true,6.168145109221932e-23,16,4.467210625,true,5.367922624862732e-11,mgh05,3,2,7.1015625,7.1015625
Optim-L-BFGS,true,true,2.0042007429422646e-18,16,3.856627083,true,5.090975293991873e-9,mgh05,3,2,7.1015625,7.1015625
TRLS,true,false,62.18109121695518,19,2.438324875,true,0.013249470799273376,mgh06,10,2,2085.653080980246,2023.471989763291
NonlinearSolve-TR,true,true,62.18109117780742,62,3.2497854590000004,true,4.402892868088881e-6,mgh06,10,2,2085.653080980246,2023.4719898024387
NonlinearSolve-LM,true,false,62.18134422511307,400,32.31411475,true,1.37735816218051,mgh06,10,2,2085.653080980246,2023.4717367551332
LSO-Levenberg-QR,true,true,62.181091190186,11,1.8295129170000002,true,0.007450633369692429,mgh06,10,2,2085.653080980246,2023.4719897900602
Scipy-LeastSquares,true,true,62.18109117836786,14,2.8721275000000004,true,0.0015863958778254239,mgh06,10,2,2085.653080980246,2023.4719898018784
NLLSsolver-LM,true,true,62.181091193226436,23,4.674603584000001,true,0.008315496961506927,mgh06,10,2,2085.653080980246,2023.4719897870198
LsqFit-LM,true,false,62.1810911778074,0,4.065365041000001,true,8.865029283649298e-6,mgh06,10,2,2085.653080980246,2023.4719898024387
Optim-BFGS,true,true,1010.0,1,0.406530083,true,0.0,mgh06,10,2,2085.653080980246,1075.6530809802462
Optim-L-BFGS,true,true,1010.0,1,0.406641833,true,0.0,mgh06,10,2,2085.653080980246,1075.6530809802462
TRLS,true,false,1.0168003716646917e-18,15,2.438077459,true,2.1478290378528243e-8,mgh07,3,3,1250.0,1250.0
NonlinearSolve-TR,true,true,1.3142460634166644e-21,9,1.8275043750000002,true,9.094199630648847e-10,mgh07,3,3,1250.0,1250.0
NonlinearSolve-LM,true,true,8.39936250606437e-23,12,2.439003667,true,1.2153247169566554e-11,mgh07,3,3,1250.0,1250.0
LSO-Levenberg-QR,true,true,2.3669364456772575e-25,13,2.639626416,true,6.451259062993401e-13,mgh07,3,3,1250.0,1250.0
Scipy-LeastSquares,true,true,5.956931944996326e-29,11,2.2558163330000003,true,2.0209689179015752e-13,mgh07,3,3,1250.0,1250.0
NLLSsolver-LM,true,true,2.9878130325288558e-30,8,1.626002916,true,2.069017324903141e-15,mgh07,3,3,1250.0,1250.0
LsqFit-LM,true,true,8.918579885946505e-21,0,2.2331172500000003,true,1.2440618384885439e-10,mgh07,3,3,1250.0,1250.0
Optim-BFGS,true,true,1.9298676607989706e-20,31,9.141470917,true,1.5884230315316976e-9,mgh07,3,3,1250.0,1250.0
Optim-L-BFGS,true,true,7.149979051992138e-25,30,7.717255791,true,2.1253490793408925e-11,mgh07,3,3,1250.0,1250.0
TRLS,true,true,0.004107438653290612,5,1.2191593330000001,true,3.0358990804343524e-9,mgh08,15,3,20.840847930839004,20.836740492185715
NonlinearSolve-TR,true,true,0.0041074386532894865,38,1.4217572500000002,true,8.849653119582357e-11,mgh08,15,3,20.840847930839004,20.836740492185715
NonlinearSolve-LM,true,true,0.004107438653289482,125,9.551476875,true,9.17860973577559e-14,mgh08,15,3,20.840847930839004,20.836740492185715
LSO-Levenberg-QR,true,true,0.004107438653289494,10,2.032317333,true,2.053906707140722e-10,mgh08,15,3,20.840847930839004,20.836740492185715
Scipy-LeastSquares,true,true,0.004107438653290609,6,1.235312584,true,3.0358985345712702e-9,mgh08,15,3,20.840847930839004,20.836740492185715
NLLSsolver-LM,true,true,0.004107438653290622,5,1.016095083,true,3.050993724472598e-9,mgh08,15,3,20.840847930839004,20.836740492185715
LsqFit-LM,true,true,0.0041074386532922455,0,1.8295769160000002,true,4.794384989122096e-9,mgh08,15,3,20.840847930839004,20.83674049218571
Optim-BFGS,true,true,0.004107438653289503,21,5.0771535,true,3.5674632122588152e-9,mgh08,15,3,20.840847930839004,20.836740492185715
Optim-L-BFGS,true,true,0.004107438653289491,26,6.09544975,true,1.1574437667546957e-10,mgh08,15,3,20.840847930839004,20.836740492185715
TRLS,true,false,5.639663968820656e-9,1,0.406613375,true,1.8367932221588528e-8,mgh09,15,3,1.9440534955834423e-6,1.9384138316146217e-6
NonlinearSolve-TR,true,true,5.639663848092511e-9,34,1.0177340000000001,true,5.897086404140203e-13,mgh09,15,3,1.9440534955834423e-6,1.9384138317353498e-6
NonlinearSolve-LM,true,true,5.639663848094656e-9,104,7.722084125,true,1.5358577285739532e-14,mgh09,15,3,1.9440534955834423e-6,1.9384138317353477e-6
LSO-Levenberg-QR,true,true,5.639663848095113e-9,5,1.0163895410000001,true,7.061765509224454e-12,mgh09,15,3,1.9440534955834423e-6,1.9384138317353472e-6
Scipy-LeastSquares,true,true,5.639663848093635e-9,3,0.619426083,true,5.928484624291876e-13,mgh09,15,3,1.9440534955834423e-6,1.9384138317353485e-6
NLLSsolver-LM,true,true,5.639663848095706e-9,2,0.40684816700000004,true,5.235956514677604e-13,mgh09,15,3,1.9440534955834423e-6,1.938413831735347e-6
LsqFit-LM,true,true,5.639663865702869e-9,0,1.22004825,true,5.7358866815608855e-9,mgh09,15,3,1.9440534955834423e-6,1.9384138317177395e-6
Optim-BFGS,true,true,5.639663848094776e-9,5,1.625874125,true,1.6036775948076807e-11,mgh09,15,3,1.9440534955834423e-6,1.9384138317353477e-6
Optim-L-BFGS,true,true,5.639663869709772e-9,6,1.829212041,true,3.6365486513421144e-9,mgh09,15,3,1.9440534955834423e-6,1.9384138317137327e-6
TRLS,true,false,43.972927585237606,160,25.208271541000002,true,0.007957759936083783,mgh10,16,3,8.468039047180728e8,8.468038607451452e8
NonlinearSolve-TR,true,true,43.972927585075645,92,10.368457709000001,true,6.54272760898132e-5,mgh10,16,3,8.468039047180728e8,8.468038607451452e8
NonlinearSolve-LM,true,true,43.972927585329565,151,11.379697917000001,true,0.2220015339329186,mgh10,16,3,8.468039047180728e8,8.468038607451452e8
LSO-Levenberg-QR,true,true,43.97292758520134,175,35.151600042000005,true,0.4304598723503386,mgh10,16,3,8.468039047180728e8,8.468038607451452e8
Scipy-LeastSquares,true,true,43.97292758509322,148,30.256925458,true,0.00018757209573397587,mgh10,16,3,8.468039047180728e8,8.468038607451452e8
NLLSsolver-LM,true,true,43.972927585688225,157,31.916783625,true,0.11534755757910901,mgh10,16,3,8.468039047180728e8,8.468038607451452e8
LsqFit-LM,true,false,5370.585524356233,0,41.462802792000005,true,2.7427509945719168e6,mgh10,16,3,8.468039047180728e8,8.467985341325485e8
Optim-BFGS,true,false,44.26673012105732,400,140.778080792,true,1.6640229695499178e6,mgh10,16,3,8.468039047180728e8,8.468038604513427e8
Optim-L-BFGS,true,false,614.4735387933658,400,141.9950475,true,1.7815557084616654e7,mgh10,16,3,8.468039047180728e8,8.46803290244534e8
TRLS,true,false,0.403435278409048,102,18.9303205,true,7.007279225004742e7,mgh11,100,3,8.22642984886652,7.822994570457472
NonlinearSolve-TR,true,true,0.40343527774620663,248,34.645508084,true,7784.129883197473,mgh11,100,3,8.22642984886652,7.822994571120313
NonlinearSolve-LM,true,false,0.40343527774620663,400,34.651351167,true,2.2717300616829875e-6,mgh11,100,3,8.22642984886652,7.822994571120313
LSO-Levenberg-QR,true,true,0.4034352781397911,61,9.154648541,true,0.23403677505027973,mgh11,100,3,8.22642984886652,7.8229945707267285
Scipy-LeastSquares,true,true,0.40343527839762505,93,19.064055958,true,1.6836016508113307e8,mgh11,100,3,8.22642984886652,7.822994570468895
NLLSsolver-LM,true,true,0.40343527805799123,120,24.4320285,true,5.156854304819479e7,mgh11,100,3,8.22642984886652,7.822994570808529
LsqFit-LM,true,false,0.40343527774620663,0,40.126407875000005,true,0.14228540387196165,mgh11,100,3,8.22642984886652,7.822994571120313
Optim-BFGS,true,true,0.40343527774620663,182,78.303279792,true,5.028380124818407e-10,mgh11,100,3,8.22642984886652,7.822994571120313
Optim-L-BFGS,true,true,0.4034352777462066,347,160.716907792,true,0.0005236223008791645,mgh11,100,3,8.22642984886652,7.822994571120313
TRLS,true,false,1.0455063464716037e-10,4,1.016540292,true,2.0764277767893284e-5,mgh12,10,3,515.5769053046992,515.5769053045946
NonlinearSolve-TR,true,true,5.060727596267452e-29,11,2.235939666,true,1.4566088802241566e-14,mgh12,10,3,515.5769053046992,515.5769053046992
NonlinearSolve-LM,true,true,3.702743593585522e-17,30,3.8616125840000004,true,2.0590957644192403e-9,mgh12,10,3,515.5769053046992,515.5769053046992
LSO-Levenberg-QR,true,true,1.560332477285622e-22,31,4.267096042,true,3.896257682527891e-12,mgh12,10,3,515.5769053046992,515.5769053046992
Scipy-LeastSquares,true,true,5.67930572038078e-20,6,1.235147459,true,4.879534933482492e-10,mgh12,10,3,515.5769053046992,515.5769053046992
NLLSsolver-LM,true,true,4.622231866529366e-33,6,1.218409584,true,9.107223347712834e-17,mgh12,10,3,515.5769053046992,515.5769053046992
LsqFit-LM,true,true,0.03779437038248455,0,2.032260167,true,2.0492779766940717e-6,mgh12,10,3,515.5769053046992,515.5391109343167
Optim-BFGS,true,true,4.1613566042210825e-17,29,8.131062459,true,1.0255444006825338e-8,mgh12,10,3,515.5769053046992,515.5769053046992
Optim-L-BFGS,true,true,2.005591960144844e-17,34,9.547239917,true,3.6715905403619243e-9,mgh12,10,3,515.5769053046992,515.5769053046992
TRLS,true,false,3.841705620288847e-9,8,1.8283286250000002,true,2.7105371954210686e-6,mgh13,4,4,43.5,43.499999996158294
NonlinearSolve-TR,true,true,4.947561388109402e-18,16,3.250337875,true,5.872830970626696e-13,mgh13,4,4,43.5,43.5
NonlinearSolve-LM,true,true,4.750068290062822e-17,20,4.0619375,true,2.265778219929422e-12,mgh13,4,4,43.5,43.5
LSO-Levenberg-QR,true,true,8.681379574448982e-14,14,2.845572541,true,1.6221454048942087e-9,mgh13,4,4,43.5,43.499999999999915
Scipy-LeastSquares,true,true,9.37916411203315e-13,12,2.4602547080000003,true,5.294017961169909e-9,mgh13,4,4,43.5,43.49999999999906
NLLSsolver-LM,true,true,1.4333949574339913e-17,15,3.0465768750000004,true,1.2932828384468628e-12,mgh13,4,4,43.5,43.5
LsqFit-LM,true,true,7.356844384091273e-13,0,2.8397222920000003,true,4.275142100579366e-9,mgh13,4,4,43.5,43.49999999999926
Optim-BFGS,true,true,7.531897348370354e-13,39,9.5479225,true,6.312440576545537e-9,mgh13,4,4,43.5,43.49999999999925
Optim-L-BFGS,true,true,3.290634338933666e-16,60,13.412541833,true,8.9184664644443e-10,mgh13,4,4,43.5,43.5
TRLS,true,false,4.658047574225508e-16,70,13.416594416,true,6.511810024803032e-7,mgh14,6,4,9596.0,9596.0
NonlinearSolve-TR,true,true,-3.5510984082281442e-15,78,13.609250000000001,true,3.9210733766352004e-8,mgh14,6,4,9596.0,9596.0
NonlinearSolve-LM,true,true,3.552714639567118e-15,90,8.742892375,true,2.275313388592949e-9,mgh14,6,4,9596.0,9596.0
LSO-Levenberg-QR,true,true,-3.552713678800493e-15,63,9.34269875,true,6.305766250192013e-13,mgh14,6,4,9596.0,9596.0
Scipy-LeastSquares,true,true,3.040564845603792e-24,68,13.892828333,true,5.358163268536516e-11,mgh14,6,4,9596.0,9596.0
NLLSsolver-LM,true,true,-3.552713678800493e-15,67,13.623301875000001,true,1.330760574593328e-13,mgh14,6,4,9596.0,9596.0
LsqFit-LM,true,true,-3.55269632915973e-15,0,9.953828792000001,true,4.790184939169427e-9,mgh14,6,4,9596.0,9596.0
Optim-BFGS,true,true,3.5529264166487396e-15,91,26.821332541,true,1.4122117417031222e-8,mgh14,6,4,9596.0,9596.0
Optim-L-BFGS,true,true,3.1638505489294353e-20,99,34.53832625,true,6.188074106784816e-9,mgh14,6,4,9596.0,9596.0
TRLS,true,false,0.0001537528028989603,19,3.8618655420000003,true,1.3080697588163838e-7,mgh15,11,4,0.0026565861360542697,0.002502833333155309
NonlinearSolve-TR,true,true,0.00015375280192461848,69,8.129316209,true,1.526264683618438e-11,mgh15,11,4,0.0026565861360542697,0.0025028333341296513
NonlinearSolve-LM,true,true,0.00015375280192461835,182,13.829124833000002,true,1.1750204336449359e-12,mgh15,11,4,0.0026565861360542697,0.0025028333341296513
LSO-Levenberg-QR,true,true,0.000153752801953887,10,2.032665625,true,3.787005890228424e-8,mgh15,11,4,0.0026565861360542697,0.0025028333341003827
Scipy-LeastSquares,true,true,0.0001537528028991671,19,3.888551,true,1.3082097417980285e-7,mgh15,11,4,0.0026565861360542697,0.0025028333331551028
NLLSsolver-LM,true,true,0.00015375280241969306,11,2.2359271670000003,true,9.364500405797848e-8,mgh15,11,4,0.0026565861360542697,0.0025028333336345764
LsqFit-LM,true,true,0.00015375281034096095,0,3.455827042,true,3.7926107054447764e-7,mgh15,11,4,0.0026565861360542697,0.0025028333257133086
Optim-BFGS,true,true,0.00015375280192466903,32,7.521101333,true,4.1767526515981896e-9,mgh15,11,4,0.0026565861360542697,0.0025028333341296006
Optim-L-BFGS,true,true,0.0001537528019246272,29,8.109768667,true,4.954331114953183e-9,mgh15,11,4,0.0026565861360542697,0.0025028333341296427
TRLS,true,false,42911.10082815693,27,3.663231666,true,0.2502329166675863,mgh16,20,4,3.963346668498716e6,3.920435567670559e6
NonlinearSolve-TR,true,true,42911.100813178324,329,59.745811458000006,true,0.0013111115004877832,mgh16,20,4,3.963346668498716e6,3.9204355676855375e6
NonlinearSolve-LM,true,false,43029.311128878326,400,31.714304334,true,727.3134878459487,mgh16,20,4,3.963346668498716e6,3.9203173573698374e6
LSO-Levenberg-QR,true,false,520395.6970480201,400,74.95479325000001,true,78046.49051705192,mgh16,20,4,3.963346668498716e6,3.442950971450696e6
Scipy-LeastSquares,true,true,42911.1009858336,17,3.4812670420000003,true,0.6492535155542867,mgh16,20,4,3.963346668498716e6,3.9204355675128824e6
NLLSsolver-LM,true,true,42911.10089269328,19,3.8632667090000004,true,0.4991510675744983,mgh16,20,4,3.963346668498716e6,3.9204355676060226e6
LsqFit-LM,true,false,559838.598232601,0,51.026338375,true,80505.28370388232,mgh16,20,4,3.963346668498716e6,3.403508070266115e6
Optim-BFGS,true,true,42911.10081317816,25,6.910822167,true,1.2907354363394859e-9,mgh16,20,4,3.963346668498716e6,3.9204355676855375e6
Optim-L-BFGS,true,true,42911.10081317816,25,5.892816958,true,2.738598998690933e-10,mgh16,20,4,3.963346668498716e6,3.9204355676855375e6
TRLS,true,true,2.732447348741447e-5,25,4.272056125000001,true,6.366489936261965e-10,mgh17,33,5,0.43951314677232023,0.4394858222988328
NonlinearSolve-TR,true,true,2.7324473487412267e-5,41,1.8304710000000002,true,4.0767178378016486e-10,mgh17,33,5,0.43951314677232023,0.4394858222988328
NonlinearSolve-LM,true,true,2.732447348741277e-5,139,10.364486833,true,7.063471515851627e-12,mgh17,33,5,0.43951314677232023,0.4394858222988328
LSO-Levenberg-QR,true,true,2.732447348763578e-5,24,4.874260542,true,3.683157485394841e-7,mgh17,33,5,0.43951314677232023,0.4394858222988326
Scipy-LeastSquares,true,true,2.732447348741587e-5,17,3.480748708,true,1.3255868026664631e-8,mgh17,33,5,0.43951314677232023,0.4394858222988328
NLLSsolver-LM,true,true,2.732447348741442e-5,20,4.064461917,true,3.5805691845781327e-9,mgh17,33,5,0.43951314677232023,0.4394858222988328
LsqFit-LM,true,true,2.732447348741594e-5,0,7.725954375000001,true,7.494477370964303e-10,mgh17,33,5,0.43951314677232023,0.4394858222988328
Optim-BFGS,true,true,2.732447348741458e-5,79,24.99765875,true,3.939226342556346e-9,mgh17,33,5,0.43951314677232023,0.4394858222988328
Optim-L-BFGS,true,true,2.732447348741418e-5,106,27.639509334,true,6.547414535061296e-9,mgh17,33,5,0.43951314677232023,0.4394858222988328
TRLS,true,false,7.821181480917945e-9,64,10.57307125,true,4.583893615212151e-5,mgh18,13,6,0.3895350378279851,0.3895350300068036
NonlinearSolve-TR,true,false,0.1393888844502133,400,80.25416745800001,true,0.08293619323984046,mgh18,13,6,0.3895350378279851,0.2501461533777718
NonlinearSolve-LM,true,true,2.646012581123165e-19,43,5.490741375000001,true,2.0267472443002967e-12,mgh18,13,6,0.3895350378279851,0.3895350378279851
LSO-Levenberg-QR,true,true,0.0028278249633527973,10,2.031910625,true,5.7117212991818283e-8,mgh18,13,6,0.3895350378279851,0.3867072128646323
Scipy-LeastSquares,true,true,6.96149298966496e-20,55,11.244020292,true,8.531176210619156e-10,mgh18,13,6,0.3895350378279851,0.3895350378279851
NLLSsolver-LM,true,true,6.734591829533286e-30,55,11.175059334,true,1.3342915016370838e-15,mgh18,13,6,0.3895350378279851,0.3895350378279851
LsqFit-LM,true,true,1.2283630852508236e-21,0,8.130375375,true,4.952586047566776e-11,mgh18,13,6,0.3895350378279851,0.3895350378279851
Optim-BFGS,true,true,0.0028278249627500026,42,10.155961875,true,6.7616331187564975e-9,mgh18,13,6,0.3895350378279851,0.3867072128652351
Optim-L-BFGS,true,true,0.00282782496274996,43,10.158164041,true,3.2026132368467593e-9,mgh18,13,6,0.3895350378279851,0.38670721286523513
TRLS,true,false,0.020084300255900824,19,3.058372208,true,8.953035777037931e-7,mgh19,65,11,15.563463228651605,15.543378928395704
NonlinearSolve-TR,true,true,0.04383556087321756,101,11.003079750000001,true,1.7379095018772335e-8,mgh19,65,11,15.563463228651605,15.519627667778387
NonlinearSolve-LM,true,false,0.04383667026181928,400,33.077682583000005,true,0.002728949153709485,mgh19,65,11,15.563463228651605,15.519626558389785
LSO-Levenberg-QR,true,true,0.16467519277957493,71,9.773554041,true,3.075039146827025e-5,mgh19,65,11,15.563463228651605,15.39878803587203
Scipy-LeastSquares,true,true,0.020084300255860898,14,2.8761470420000004,true,6.659413398790819e-7,mgh19,65,11,15.563463228651605,15.543378928395743
NLLSsolver-LM,true,true,0.020084300260981708,13,2.647349042,true,7.858963689349292e-7,mgh19,65,11,15.563463228651605,15.543378928390624
LsqFit-LM,true,true,0.18120345554674452,0,19.555569792,true,2.5471843012936228e-6,mgh19,65,11,15.563463228651605,15.38225977310486
Optim-BFGS,true,true,0.020084300255541337,69,19.114814584,true,1.6985407452353384e-9,mgh19,65,11,15.563463228651605,15.543378928396063
Optim-L-BFGS,true,true,0.04383556087321765,216,53.288609292,true,8.55532582706567e-9,mgh19,65,11,15.563463228651605,15.519627667778387
TRLS,true,false,0.0011438350267862828,7,1.626113125,true,1.0376515474415912e-7,mgh20,31,6,15.0,14.998856164973214
NonlinearSolve-TR,true,true,0.0011438350267761743,43,2.8510947090000003,true,2.458504815087826e-10,mgh20,31,6,15.0,14.998856164973224
NonlinearSolve-LM,true,true,0.0011438350267761964,135,10.192090250000001,true,1.0276380139904962e-12,mgh20,31,6,15.0,14.998856164973224
LSO-Levenberg-QR,true,true,0.0011438350267763942,13,2.6448050000000003,true,1.4052105570134746e-8,mgh20,31,6,15.0,14.998856164973224
Scipy-LeastSquares,true,true,0.0011438350267862524,8,1.645706083,true,1.0376753965376344e-7,mgh20,31,6,15.0,14.998856164973214
NLLSsolver-LM,true,true,0.001143835026780534,7,1.424472792,true,6.807897518102416e-8,mgh20,31,6,15.0,14.998856164973219
LsqFit-LM,true,true,0.0011438350268609442,0,2.441532584,true,3.012488440607192e-7,mgh20,31,6,15.0,14.99885616497314
Optim-BFGS,true,true,0.0011438350267762528,38,9.152208667,true,4.438905008911858e-9,mgh20,31,6,15.0,14.998856164973224
Optim-L-BFGS,true,true,0.0011438350267761986,50,11.385340208,true,1.7653633003284815e-9,mgh20,31,6,15.0,14.998856164973224
TRLS,true,true,0.0,24,3.6629805830000004,true,0.0,mgh21,20,20,120.99999999999997,120.99999999999997
NonlinearSolve-TR,true,true,0.0,20,3.048000209,true,0.0,mgh21,20,20,120.99999999999997,120.99999999999997
NonlinearSolve-LM,true,true,-1.7663804448289482e-15,29,3.4593592920000003,true,1.0204332999854596e-7,mgh21,20,20,120.99999999999997,120.99999999999997
LSO-Levenberg-QR,true,true,1.6982696175211095e-25,35,5.481800042000001,true,1.3056894928134698e-11,mgh21,20,20,120.99999999999997,120.99999999999997
Scipy-LeastSquares,true,true,6.162975822039155e-31,18,3.684699708,true,2.482534153247273e-14,mgh21,20,20,120.99999999999997,120.99999999999997
NLLSsolver-LM,true,true,0.0,15,3.0484132080000004,true,0.0,mgh21,20,20,120.99999999999997,120.99999999999997
LsqFit-LM,true,true,1.7763568394054337e-15,0,5.890202458,true,1.9736960273112324e-12,mgh21,20,20,120.99999999999997,120.99999999999997
Optim-BFGS,true,true,-1.7763069742330284e-15,173,50.579488958,true,3.379875790454849e-9,mgh21,20,20,120.99999999999997,120.99999999999997
Optim-L-BFGS,true,true,-1.776113480409827e-15,43,13.204541125,true,1.5924996684181907e-8,mgh21,20,20,120.99999999999997,120.99999999999997
TRLS,true,false,4.0822024959346295e-10,10,2.2316228330000003,true,9.611130626358873e-6,mgh22,20,20,537.5,537.4999999995918
NonlinearSolve-TR,true,true,2.7319914629385002e-17,16,3.250619958,true,4.0292798133985e-9,mgh22,20,20,537.5,537.5
NonlinearSolve-LM,true,true,7.181523284207659e-18,25,4.6773359580000005,true,2.667855064899632e-10,mgh22,20,20,537.5,537.5
LSO-Levenberg-QR,true,true,1.3200574226120826e-15,18,3.6538798750000003,true,6.99475920722005e-9,mgh22,20,20,537.5,537.5
Scipy-LeastSquares,true,true,4.857194060586607e-16,16,3.2768500420000004,true,1.6989091861998656e-8,mgh22,20,20,537.5,537.5
NLLSsolver-LM,true,true,2.956475684214361e-17,16,3.246058875,true,4.248909014970676e-9,mgh22,20,20,537.5,537.5
LsqFit-LM,true,true,2.6374282520675143e-16,0,3.6557865420000004,true,1.2268576054905964e-8,mgh22,20,20,537.5,537.5
Optim-BFGS,true,true,9.829995148364747e-16,101,23.97871275,true,1.1669226622494839e-8,mgh22,20,20,537.5,537.5
Optim-L-BFGS,true,true,1.9718395296046176e-15,47,11.166179917,true,6.852616535240515e-9,mgh22,20,20,537.5,537.5
TRLS,true,true,1.1249887506752223e-5,18,2.6467331250000004,true,4.2480348954767004e-10,mgh23,5,4,442.53132,442.5313087501125
NonlinearSolve-TR,true,true,1.124988750449969e-5,73,5.080524209,true,6.173273705541538e-13,mgh23,5,4,442.53132,442.5313087501125
NonlinearSolve-LM,true,false,1.124992907573144e-5,400,33.111206375,true,5.787693435866407e-8,mgh23,5,4,442.53132,442.53130875007093
LSO-Levenberg-QR,true,false,34.14593095687389,400,64.99720154100001,true,48.22565987051274,mgh23,5,4,442.53132,408.3853890431261
Scipy-LeastSquares,true,true,1.124988752307926e-5,10,2.050711084,true,2.730334618240592e-9,mgh23,5,4,442.53132,442.5313087501125
NLLSsolver-LM,true,true,1.124988750816585e-5,16,3.2533618750000004,true,2.718945290356968e-9,mgh23,5,4,442.53132,442.5313087501125
LsqFit-LM,true,false,252.32682098007473,0,41.029116125,true,214.1303657396003,mgh23,5,4,442.53132,190.20449901992527
Optim-BFGS,true,true,1.124988750486043e-5,62,17.883539542,true,1.0524770530028654e-8,mgh23,5,4,442.53132,442.5313087501125
Optim-L-BFGS,true,true,1.1249887504894932e-5,65,19.103692125,true,1.8462097494780632e-8,mgh23,5,4,442.53132,442.5313087501125
TRLS,true,true,1.7284107818599147e-6,87,13.216278291,true,7.704938280975558e-9,mgh24,8,4,1.1700016711166643,1.1699999427058825
NonlinearSolve-TR,true,true,1.7284107817866938e-6,88,8.530241333000001,true,1.0895876779478453e-13,mgh24,8,4,1.1700016711166643,1.1699999427058825
NonlinearSolve-LM,true,false,1.7284152733644532e-6,400,33.548188083,true,8.127011310880507e-8,mgh24,8,4,1.1700016711166643,1.169999942701391
LSO-Levenberg-QR,true,true,1.7284107831386386e-6,137,27.829764625000003,true,4.3799114658908674e-8,mgh24,8,4,1.1700016711166643,1.1699999427058811
Scipy-LeastSquares,true,true,1.7284107828247318e-6,64,13.109782916,true,2.5886311935855443e-8,mgh24,8,4,1.1700016711166643,1.1699999427058816
NLLSsolver-LM,true,true,1.728410781931358e-6,17,3.4489155840000003,true,7.310772390527562e-9,mgh24,8,4,1.1700016711166643,1.1699999427058825
LsqFit-LM,true,false,1.7363607455833006e-6,0,41.442978042,true,7.059789530183137e-6,mgh24,8,4,1.1700016711166643,1.1699999347559187
Optim-BFGS,true,false,1.729596362482485e-6,400,138.357196375,true,4.249680309130801e-7,mgh24,8,4,1.1700016711166643,1.1699999415203017
Optim-L-BFGS,true,true,1.7284107891669872e-6,377,121.302822542,true,1.1006723756948409e-8,mgh24,8,4,1.1700016711166643,1.1699999427058752
TRLS,true,false,7.95967472116312e-16,9,2.0305002500000002,true,7.838921408419629e-7,mgh25,12,10,1.09927558125e6,1.09927558125e6
NonlinearSolve-TR,true,true,0.0,10,2.033165833,true,0.0,mgh25,12,10,1.09927558125e6,1.09927558125e6
NonlinearSolve-LM,true,true,-6.821210263296962e-13,22,4.063790708,true,4.948050645885558e-11,mgh25,12,10,1.09927558125e6,1.09927558125e6
LSO-Levenberg-QR,true,true,-9.094947017729282e-13,11,2.235084417,true,7.140866117879973e-14,mgh25,12,10,1.09927558125e6,1.09927558125e6
Scipy-LeastSquares,true,true,0.0,11,2.256479916,true,0.0,mgh25,12,10,1.09927558125e6,1.09927558125e6
NLLSsolver-LM,true,true,-2.2737367544323206e-13,10,2.030918625,true,0.0,mgh25,12,10,1.09927558125e6,1.09927558125e6
LsqFit-LM,true,true,1.0146642192952178e-40,0,2.227506459,true,2.347951754905364e-9,mgh25,12,10,1.09927558125e6,1.09927558125e6
Optim-BFGS,true,true,4.872554053756356e-55,21,14.018048875,true,1.955580909682746e-12,mgh25,12,10,1.09927558125e6,1.09927558125e6
Optim-L-BFGS,true,true,-2.2737367544323206e-13,20,4.673925375,true,5.4609635509243325e-12,mgh25,12,10,1.09927558125e6,1.09927558125e6
TRLS,true,false,1.397528071425585e-5,23,3.255197583,true,1.22620509823336e-7,mgh26,10,10,0.0035378797331114178,0.003523904452397162
NonlinearSolve-TR,true,true,1.3975280609400629e-5,153,20.924045834,true,1.1923380454430885e-9,mgh26,10,10,0.0035378797331114178,0.003523904452502017
NonlinearSolve-LM,true,false,1.399420097727595e-5,400,31.935787750000003,true,4.177977528384885e-5,mgh26,10,10,0.0035378797331114178,0.003523885532134142
LSO-Levenberg-QR,true,true,1.397528064707404e-5,24,4.267128833,true,6.671598301092623e-8,mgh26,10,10,0.0035378797331114178,0.0035239044524643438
Scipy-LeastSquares,true,true,1.3975280613201818e-5,17,3.4867942500000004,true,1.8063405434149183e-8,mgh26,10,10,0.0035378797331114178,0.003523904452498216
NLLSsolver-LM,true,true,1.3975280610337727e-5,17,3.453329166,true,1.2969679671388207e-8,mgh26,10,10,0.0035378797331114178,0.00352390445250108
LsqFit-LM,true,true,1.3975280611527852e-5,0,11.996840417000001,true,1.9511793624135827e-8,mgh26,10,10,0.0035378797331114178,0.00352390445249989
Optim-BFGS,true,true,1.3975280609502075e-5,33,7.111007167,true,9.679690923530147e-9,mgh26,10,10,0.0035378797331114178,0.0035239044525019157
Optim-L-BFGS,true,true,1.3975280609418117e-5,32,7.720864292,true,6.1169783243221755e-9,mgh26,10,10,0.0035378797331114178,0.003523904452502
TRLS,true,false,1.6708450116278824e-11,2,0.610024208,true,1.828019497644782e-5,mgh27,10,10,136.62402391433716,136.62402391432045
NonlinearSolve-TR,true,true,3.410605131648481e-13,5,1.016399625,true,0.0,mgh27,10,10,136.62402391433716,136.62402391433682
NonlinearSolve-LM,true,true,-4.547473410448873e-13,16,2.846209458,true,1.3447951893474302e-11,mgh27,10,10,136.62402391433716,136.6240239143376
LSO-Levenberg-QR,true,true,2.273736756567927e-13,11,2.229021292,true,1.973007146240048e-12,mgh27,10,10,136.62402391433716,136.62402391433693
Scipy-LeastSquares,true,true,9.705513489115152e-26,6,1.2325758340000001,true,1.4740979258806351e-12,mgh27,10,10,136.62402391433716,136.62402391433716
NLLSsolver-LM,true,true,4.070583900698641e-28,8,1.62462675,true,4.4938668397781776e-14,mgh27,10,10,136.62402391433716,136.62402391433716
LsqFit-LM,true,true,4.54747350893343e-13,0,2.2356645,true,5.445020233134024e-12,mgh27,10,10,136.62402391433716,136.6240239143367
Optim-BFGS,true,true,-2.2737367543453485e-13,14,5.483095958,true,6.560932007225663e-11,mgh27,10,10,136.62402391433716,136.62402391433739
Optim-L-BFGS,true,true,3.4106190838221414e-13,14,5.284872959,true,1.870519762003692e-8,mgh27,10,10,136.62402391433716,136.62402391433682
TRLS,true,true,4.835798353678386e-16,2,0.6098640830000001,true,6.191426821079518e-9,mgh28,10,10,0.00039425955063241,0.00039425955063192644
NonlinearSolve-TR,true,true,1.591219450868097e-18,5,1.016772,true,3.5667267811563357e-10,mgh28,10,10,0.00039425955063241,0.0003942595506324084
NonlinearSolve-LM,true,true,2.3941548821476013e-21,12,2.44190025,true,7.195725935183908e-12,mgh28,10,10,0.00039425955063241,0.00039425955063241
LSO-Levenberg-QR,true,true,6.934732222069697e-22,10,2.0330775830000003,true,3.872777621469824e-12,mgh28,10,10,0.00039425955063241,0.00039425955063241
Scipy-LeastSquares,true,true,4.835798352285531e-16,3,0.6198327920000001,true,6.191426817813956e-9,mgh28,10,10,0.00039425955063241,0.00039425955063192644
NLLSsolver-LM,true,true,2.5522359919501315e-26,3,0.6102065,true,2.3498519957061672e-14,mgh28,10,10,0.00039425955063241,0.00039425955063241
LsqFit-LM,true,true,4.533316245400448e-19,0,1.828447208,true,9.901282469903872e-11,mgh28,10,10,0.00039425955063241,0.00039425955063240956
Optim-BFGS,true,true,1.4273057481246789e-18,18,5.483582458,true,5.725616553192465e-10,mgh28,10,10,0.00039425955063241,0.0003942595506324086
Optim-L-BFGS,true,true,2.134615413056394e-17,52,12.183834208,true,1.1300105166968364e-8,mgh28,10,10,0.00039425955063241,0.00039425955063238864
TRLS,true,false,6.938403589615904e-14,2,0.6100679170000001,true,4.785958807998334e-7,mgh29,10,10,0.03170842078972631,0.03170842078965693
NonlinearSolve-TR,true,true,4.1071027654267756e-19,5,1.017207875,true,1.1603110641072016e-9,mgh29,10,10,0.03170842078972631,0.03170842078972631
NonlinearSolve-LM,true,true,1.5386519921669425e-18,6,1.2214052080000002,true,1.933959033134369e-9,mgh29,10,10,0.03170842078972631,0.03170842078972631
LSO-Levenberg-QR,true,true,5.75677859211129e-23,5,1.0170447500000002,true,1.182589159383134e-11,mgh29,10,10,0.03170842078972631,0.03170842078972631
Scipy-LeastSquares,true,true,2.0206471790522e-29,4,0.8286824580000001,true,8.182909323627935e-15,mgh29,10,10,0.03170842078972631,0.03170842078972631
NLLSsolver-LM,true,true,1.661114577033991e-33,4,0.813912959,true,6.13900002697499e-17,mgh29,10,10,0.03170842078972631,0.03170842078972631
LsqFit-LM,true,true,5.27808018807274e-24,0,1.424247,true,3.611499571889654e-12,mgh29,10,10,0.03170842078972631,0.03170842078972631
Optim-BFGS,true,true,9.104593422385946e-19,7,1.626719833,true,1.5632960060448564e-9,mgh29,10,10,0.03170842078972631,0.03170842078972631
Optim-L-BFGS,true,true,8.917358691439685e-18,7,1.622166375,true,4.306274216742091e-9,mgh29,10,10,0.03170842078972631,0.031708420789726306
TRLS,true,false,4.2132825070654436e-9,3,0.813165625,true,0.00028220290590566586,mgh30,10,10,10.5,10.499999995786718
NonlinearSolve-TR,true,true,2.2782202535580728e-23,5,1.0164726670000002,true,2.4176051493288476e-11,mgh30,10,10,10.5,10.5
NonlinearSolve-LM,true,true,1.8678151916076064e-17,8,1.6275585000000001,true,1.708000363360102e-8,mgh30,10,10,10.5,10.5
LSO-Levenberg-QR,true,true,1.2378006849580614e-24,7,1.4229181670000002,true,4.433399347332777e-12,mgh30,10,10,10.5,10.5
Scipy-LeastSquares,true,true,5.642615568451493e-19,5,1.030932125,true,3.3108451332913248e-9,mgh30,10,10,10.5,10.5
NLLSsolver-LM,true,true,4.930380657631324e-31,5,1.015875208,true,5.451080538667088e-15,mgh30,10,10,10.5,10.5
LsqFit-LM,true,true,2.466271904201855e-22,0,1.6245221250000002,true,6.242807500479972e-11,mgh30,10,10,10.5,10.5
Optim-BFGS,true,true,4.313945679831695e-20,23,8.730512209,true,2.0509444885205018e-9,mgh30,10,10,10.5,10.5
Optim-L-BFGS,true,true,3.934284912049579e-19,23,5.2845675,true,5.093067265188722e-9,mgh30,10,10,10.5,10.5
TRLS,true,false,1.1977933744256522e-16,5,1.219428291,true,9.19620349687465e-8,mgh31,10,10,180.0,180.0
NonlinearSolve-TR,true,true,3.6400075948918758e-31,6,1.2196089170000002,true,6.065241968225269e-15,mgh31,10,10,180.0,180.0
NonlinearSolve-LM,true,true,1.528156823611047e-20,9,1.8316791250000002,true,8.30024365776579e-10,mgh31,10,10,180.0,180.0
LSO-Levenberg-QR,true,true,1.0712676011304931e-26,7,1.4233902500000002,true,8.157191289849214e-13,mgh31,10,10,180.0,180.0
Scipy-LeastSquares,true,true,3.6400075948918758e-31,7,1.439284792,true,6.065241968225269e-15,mgh31,10,10,180.0,180.0
NLLSsolver-LM,true,true,7.584312120996935e-31,6,1.219044958,true,9.019630337425891e-15,mgh31,10,10,180.0,180.0
LsqFit-LM,true,true,3.1883038943041895e-21,0,1.6270330830000002,true,4.506122229975673e-10,mgh31,10,10,180.0,180.0
Optim-BFGS,true,true,1.0687598765082352e-19,34,11.177549834,true,2.9290921369481977e-9,mgh31,10,10,180.0,180.0
Optim-L-BFGS,true,true,2.232635053221744e-21,18,4.268221542,true,4.767927791107183e-10,mgh31,10,10,180.0,180.0
TRLS,true,true,4.999999999999999,2,0.609952583,true,1.1905815549843721e-15,mgh32,20,10,25.0,20.0
NonlinearSolve-TR,true,true,5.000000000000002,36,1.220650167,true,2.3629761096480587e-15,mgh32,20,10,25.0,20.0
NonlinearSolve-LM,true,true,5.0000000000000036,105,7.9327125,true,1.9330354565967278e-10,mgh32,20,10,25.0,19.999999999999996
LSO-Levenberg-QR,true,true,5.000000000000287,4,0.8129870410000001,true,7.520815456749381e-7,mgh32,20,10,25.0,19.999999999999712
Scipy-LeastSquares,true,true,5.000000000000001,3,0.619007791,true,1.6050308076832566e-15,mgh32,20,10,25.0,20.0
NLLSsolver-LM,true,true,5.000000000000005,2,0.406624916,true,6.309670456706533e-13,mgh32,20,10,25.0,19.999999999999993
LsqFit-LM,true,true,5.000000000000002,0,1.4217763330000002,true,2.5846987710704936e-10,mgh32,20,10,25.0,20.0
Optim-BFGS,true,true,5.000000000000003,1,0.40651175,true,2.6852712547870858e-15,mgh32,20,10,25.0,19.999999999999996
Optim-L-BFGS,true,true,5.000000000000003,1,0.406623,true,2.6852712547870858e-15,mgh32,20,10,25.0,19.999999999999996
TRLS,true,true,2.3170731707317196,1,0.406436917,true,4.2743990344120074e-10,mgh33,20,10,4.329335e6,4.329332682926829e6
NonlinearSolve-TR,true,true,2.31707317072528,33,0.407879875,true,4.2449538673700773e-10,mgh33,20,10,4.329335e6,4.329332682926829e6
NonlinearSolve-LM,true,true,2.3170731707654113,104,7.519282042,true,2.362718798767835e-9,mgh33,20,10,4.329335e6,4.329332682926829e6
LSO-Levenberg-QR,true,true,2.3170731707726873,4,0.812611042,true,4.1807994126849385e-5,mgh33,20,10,4.329335e6,4.329332682926829e6
Scipy-LeastSquares,true,true,2.3170731707317485,3,0.6215341670000001,true,7.205769887159082e-10,mgh33,20,10,4.329335e6,4.329332682926829e6
NLLSsolver-LM,true,true,2.317073170685944,3,0.6100797920000001,true,2.0782567526904957e-8,mgh33,20,10,4.329335e6,4.329332682926829e6
LsqFit-LM,true,true,2.3170731708970607,0,1.4230225,true,1.3771623913227637e-9,mgh33,20,10,4.329335e6,4.329332682926829e6
Optim-BFGS,true,true,2.317073170766662,1,0.609757291,true,2.1898245242695617e-10,mgh33,20,10,4.329335e6,4.329332682926829e6
Optim-L-BFGS,true,true,2.317073170766662,1,0.609865833,true,2.1898245242695617e-10,mgh33,20,10,4.329335e6,4.329332682926829e6
TRLS,true,true,3.067567567567561,1,0.406472834,true,3.946760319662341e-10,mgh34,20,10,2.033998e6,2.0339949324324324e6
NonlinearSolve-TR,true,true,3.067567567575793,33,0.40718216700000004,true,3.707214647339164e-10,mgh34,20,10,2.033998e6,2.0339949324324324e6
NonlinearSolve-LM,true,true,3.0675675675643106,88,7.5183592500000005,true,2.157861233764466e-10,mgh34,20,10,2.033998e6,2.0339949324324324e6
LSO-Levenberg-QR,true,true,3.06756756752236,4,0.812842209,true,5.1321007680698334e-5,mgh34,20,10,2.033998e6,2.0339949324324324e6
Scipy-LeastSquares,true,true,3.067567567567549,3,0.6206408330000001,true,7.275957614183426e-11,mgh34,20,10,2.033998e6,2.0339949324324324e6
NLLSsolver-LM,true,true,3.0675675675632874,3,0.609737375,true,7.275957614183426e-12,mgh34,20,10,2.033998e6,2.0339949324324324e6
LsqFit-LM,true,true,3.0675675675573757,0,1.414427,true,2.3276839178808485e-9,mgh34,20,10,2.033998e6,2.0339949324324324e6
Optim-BFGS,true,true,3.067567567552487,1,0.606565208,true,4.0876702867979895e-11,mgh34,20,10,2.033998e6,2.0339949324324324e6
Optim-L-BFGS,true,true,3.067567567552487,1,0.606976334,true,4.0876702867979895e-11,mgh34,20,10,2.033998e6,2.0339949324324324e6
TRLS,true,true,0.0,24,3.6565585,true,0.0,nls_rosenbrock,2,2,12.099999999999998,12.099999999999998
NonlinearSolve-TR,true,true,0.0,20,3.046235292,true,0.0,nls_rosenbrock,2,2,12.099999999999998,12.099999999999998
NonlinearSolve-LM,true,true,5.2629398249989724e-23,29,3.859187291,true,3.1423322216797197e-10,nls_rosenbrock,2,2,12.099999999999998,12.099999999999998
LSO-Levenberg-QR,true,true,1.6982696175211095e-26,35,5.482135,true,4.128952714240617e-12,nls_rosenbrock,2,2,12.099999999999998,12.099999999999998
Scipy-LeastSquares,true,true,0.0,18,3.6861259580000003,true,0.0,nls_rosenbrock,2,2,12.099999999999998,12.099999999999998
NLLSsolver-LM,true,true,2.4460851037673405e-27,14,2.84547025,true,7.546888228354826e-13,nls_rosenbrock,2,2,12.099999999999998,12.099999999999998
LsqFit-LM,true,true,5.183062666334929e-28,0,5.8929768750000004,true,6.24137485512939e-13,nls_rosenbrock,2,2,12.099999999999998,12.099999999999998
Optim-BFGS,true,true,2.4064880728575908e-21,41,12.391312208,true,1.5156787807811358e-9,nls_rosenbrock,2,2,12.099999999999998,12.099999999999998
Optim-L-BFGS,true,true,2.4337368668026897e-20,43,13.209248791,true,5.036077464835539e-9,nls_rosenbrock,2,2,12.099999999999998,12.099999999999998
TRLS,true,true,0.0,1,0.40652816700000005,true,0.0,tp201,2,2,22.5,22.5
NonlinearSolve-TR,true,true,0.0,4,0.813190292,true,0.0,tp201,2,2,22.5,22.5
NonlinearSolve-LM,true,true,-1.4210854715202004e-14,7,1.4232854590000001,true,3.781289898785697e-10,tp201,2,2,22.5,22.500000000000014
LSO-Levenberg-QR,true,true,0.0,6,1.219538083,true,7.470589015188291e-13,tp201,2,2,22.5,22.5
Scipy-LeastSquares,true,true,0.0,2,0.416107875,true,0.0,tp201,2,2,22.5,22.5
NLLSsolver-LM,true,true,0.0,3,0.609847166,true,0.0,tp201,2,2,22.5,22.5
LsqFit-LM,true,true,1.4210854715202004e-14,0,1.422410417,true,5.055135187478466e-10,tp201,2,2,22.5,22.499999999999986
Optim-BFGS,true,true,0.0,3,1.012957542,true,0.0,tp201,2,2,22.5,22.5
Optim-L-BFGS,true,true,0.0,3,1.016438584,true,0.0,tp201,2,2,22.5,22.5
TRLS,true,false,24.492127449663066,17,2.236512416,true,0.0208605494842345,tp202,2,2,628.0,603.507872550337
NonlinearSolve-TR,true,true,24.49212683962,69,5.283650459,true,4.738099022119775e-7,tp202,2,2,628.0,603.50787316038
NonlinearSolve-LM,true,false,24.49225388325217,400,32.09757475,true,0.03942587955935343,tp202,2,2,628.0,603.5077461167479
LSO-Levenberg-QR,true,true,24.492126842736294,14,2.640673375,true,0.001453897373488023,tp202,2,2,628.0,603.5078731572637
Scipy-LeastSquares,true,true,24.492126879797258,12,2.463455166,true,0.005103068665035189,tp202,2,2,628.0,603.5078731202027
NLLSsolver-LM,true,true,24.492126914260414,15,3.050106833,true,0.007969577042184952,tp202,2,2,628.0,603.5078730857396
LsqFit-LM,true,false,24.492126839620003,0,5.28053975,true,1.1439975344707885e-6,tp202,2,2,628.0,603.50787316038
Optim-BFGS,true,true,24.492126839620017,10,2.641245167,true,3.780309809680063e-12,tp202,2,2,628.0,603.50787316038
Optim-L-BFGS,true,true,24.492126839620006,17,4.064377334,true,5.88783393617828e-10,tp202,2,2,628.0,603.50787316038
TRLS,true,false,9.185384241522499e-17,4,1.016462792,true,6.645754222074402e-8,tp203,3,2,0.26489050000000003,0.2648904999999999
NonlinearSolve-TR,true,true,2.738263504450712e-24,8,1.626250583,true,1.0956704744824337e-11,tp203,3,2,0.26489050000000003,0.26489050000000003
NonlinearSolve-LM,true,true,8.472609939224421e-19,9,1.8286895,true,8.322157517952242e-10,tp203,3,2,0.26489050000000003,0.26489050000000003
LSO-Levenberg-QR,true,true,2.012940653395019e-22,8,1.626083833,true,1.6060462179905314e-11,tp203,3,2,0.26489050000000003,0.26489050000000003
Scipy-LeastSquares,true,true,0.0,6,1.2314527910000002,true,0.0,tp203,3,2,0.26489050000000003,0.26489050000000003
NLLSsolver-LM,true,true,0.0,5,1.0163735,true,0.0,tp203,3,2,0.26489050000000003,0.26489050000000003
LsqFit-LM,true,true,1.130493701296803e-20,0,1.62605525,true,1.0044264205143731e-10,tp203,3,2,0.26489050000000003,0.26489050000000003
Optim-BFGS,true,true,1.9300505290925636e-20,11,2.842578667,true,5.214136655878507e-10,tp203,3,2,0.26489050000000003,0.26489050000000003
Optim-L-BFGS,true,true,5.34944648926307e-20,11,2.640852875,true,1.951113164364802e-10,tp203,3,2,0.26489050000000003,0.26489050000000003
TRLS,true,false,0.09180060122744915,23,3.861239625,true,5.216365070996932e-5,tp204,3,2,0.17700048708268049,0.08519988585523133
NonlinearSolve-TR,true,true,0.09180060075449675,68,5.061850333000001,true,9.72526030280634e-9,tp204,3,2,0.17700048708268049,0.08519988632818373
NonlinearSolve-LM,true,false,0.09180158901560209,400,31.709399334,true,0.0024189420547889727,tp204,3,2,0.17700048708268049,0.0851988980670784
LSO-Levenberg-QR,true,true,0.09180060378804031,30,5.078187666000001,true,0.0001904100324552471,tp204,3,2,0.17700048708268049,0.08519988329464018
Scipy-LeastSquares,true,true,0.0918006012277312,19,3.8921227500000004,true,5.221548825570473e-5,tp204,3,2,0.17700048708268049,0.08519988585494928
NLLSsolver-LM,true,true,0.09180060142176863,16,3.252922667,true,5.487345614710978e-5,tp204,3,2,0.17700048708268049,0.08519988566091186
LsqFit-LM,true,true,0.09180060075449674,0,6.7016969170000005,true,7.611133161219762e-9,tp204,3,2,0.17700048708268049,0.08519988632818375
Optim-BFGS,true,true,0.09180060075449675,8,2.234251583,true,1.1476254884440428e-10,tp204,3,2,0.17700048708268049,0.08519988632818373
Optim-L-BFGS,true,true,0.09180060075449675,9,2.436941,true,1.4196897513194008e-10,tp204,3,2,0.17700048708268049,0.08519988632818373
TRLS,true,false,2.2056143879278952e-14,7,1.42297925,true,1.0205556587376362e-6,tp205,3,2,7.1015625,7.101562499999978
NonlinearSolve-TR,true,true,2.0689479613134765e-26,7,1.422225,true,8.511087393802008e-13,tp205,3,2,7.1015625,7.1015625
NonlinearSolve-LM,true,true,3.8530466968808254e-18,9,1.8293757920000002,true,1.6411846851743502e-9,tp205,3,2,7.1015625,7.1015625
LSO-Levenberg-QR,true,true,3.37541008873394e-26,9,1.8295090840000001,true,2.055653707491496e-13,tp205,3,2,7.1015625,7.1015625
Scipy-LeastSquares,true,true,1.3165184399585594e-23,8,1.640973833,true,2.539078762317469e-11,tp205,3,2,7.1015625,7.1015625
NLLSsolver-LM,true,true,2.465190328815662e-32,7,1.4222598340000001,true,6.753223014464261e-16,tp205,3,2,7.1015625,7.1015625
LsqFit-LM,true,true,7.411724885633649e-25,0,2.0327539580000002,true,1.7819309033004999e-12,tp205,3,2,7.1015625,7.1015625
Optim-BFGS,true,true,2.417491485389e-22,13,3.452601541,true,9.988610304325145e-11,tp205,3,2,7.1015625,7.1015625
Optim-L-BFGS,true,true,2.604141834089108e-22,12,3.044952917,true,1.0660552965937509e-10,tp205,3,2,7.1015625,7.1015625
TRLS,true,true,0.0,3,0.8126944580000001,true,0.0,tp206,2,2,242.0968,242.0968
NonlinearSolve-TR,true,true,0.0,3,0.6098251250000001,true,0.0,tp206,2,2,242.0968,242.0968
NonlinearSolve-LM,true,true,1.5790290902484242e-21,17,2.237066209,true,7.360679488738527e-10,tp206,2,2,242.0968,242.0968
LSO-Levenberg-QR,true,true,6.162975822039155e-31,7,1.4227617920000002,true,1.1102230246251565e-15,tp206,2,2,242.0968,242.0968
Scipy-LeastSquares,true,true,0.0,4,0.8229159580000001,true,0.0,tp206,2,2,242.0968,242.0968
NLLSsolver-LM,true,true,2.465190328815662e-32,4,0.813208,true,2.220446049250313e-16,tp206,2,2,242.0968,242.0968
LsqFit-LM,true,true,4.593204250407562e-28,0,1.6246464580000002,true,2.2938489299569345e-13,tp206,2,2,242.0968,242.0968
Optim-BFGS,true,true,1.139167487990191e-19,7,2.031139875,true,1.5789335993357954e-9,tp206,2,2,242.0968,242.0968
Optim-L-BFGS,true,true,8.159416348154437e-24,13,3.252247875,true,4.956626526625118e-10,tp206,2,2,242.0968,242.0968
TRLS,true,true,0.0,5,1.0164267500000002,true,0.0,tp207,2,2,2.5168,2.5168
NonlinearSolve-TR,true,true,0.0,5,1.014921458,true,0.0,tp207,2,2,2.5168,2.5168
NonlinearSolve-LM,true,true,8.389933437591852e-19,18,2.440610834,true,4.191001423428107e-9,tp207,2,2,2.5168,2.5168
LSO-Levenberg-QR,true,true,1.5599084067557599e-25,9,1.828078542,true,1.3675969349801576e-12,tp207,2,2,2.5168,2.5168
Scipy-LeastSquares,true,true,0.0,7,1.43637575,true,0.0,tp207,2,2,2.5168,2.5168
NLLSsolver-LM,true,true,0.0,8,1.6200589170000002,true,3.3306690738754696e-16,tp207,2,2,2.5168,2.5168
LsqFit-LM,true,true,1.7969240748366617e-23,0,1.828879125,true,1.340096775980902e-11,tp207,2,2,2.5168,2.5168
Optim-BFGS,true,true,2.9919985990754376e-22,13,3.248331292,true,6.710821462689619e-11,tp207,2,2,2.5168,2.5168
Optim-L-BFGS,true,true,2.4707631929234674e-23,13,3.454506875,true,7.652362448352622e-12,tp207,2,2,2.5168,2.5168
TRLS,true,true,0.0,24,3.6592512920000004,true,0.0,tp208,2,2,12.099999999999998,12.099999999999998
NonlinearSolve-TR,true,true,0.0,20,3.048260667,true,0.0,tp208,2,2,12.099999999999998,12.099999999999998
NonlinearSolve-LM,true,true,5.2629398249989724e-23,29,3.8590810830000004,true,3.1423322216797197e-10,tp208,2,2,12.099999999999998,12.099999999999998
LSO-Levenberg-QR,true,true,1.6982696175211095e-26,35,5.4781263330000005,true,4.128952714240617e-12,tp208,2,2,12.099999999999998,12.099999999999998
Scipy-LeastSquares,true,true,0.0,18,3.6860450410000003,true,0.0,tp208,2,2,12.099999999999998,12.099999999999998
NLLSsolver-LM,true,true,2.4460851037673405e-27,14,2.8467080410000003,true,7.546888228354826e-13,tp208,2,2,12.099999999999998,12.099999999999998
LsqFit-LM,true,true,5.183062666334929e-28,0,5.890807833,true,6.24137485512939e-13,tp208,2,2,12.099999999999998,12.099999999999998
Optim-BFGS,true,true,2.4064880728575908e-21,41,12.388404833,true,1.5156787807811358e-9,tp208,2,2,12.099999999999998,12.099999999999998
Optim-L-BFGS,true,true,2.4337368668026897e-20,43,13.205251667,true,5.036077464835539e-9,tp208,2,2,12.099999999999998,12.099999999999998
TRLS,true,true,0.0,52,9.956476250000001,true,0.0,tp209,2,2,970.4199999999996,970.4199999999996
NonlinearSolve-TR,true,true,0.0,86,13.195617417000001,true,0.0,tp209,2,2,970.4199999999996,970.4199999999996
NonlinearSolve-LM,true,true,6.162975822039155e-27,32,4.675228458,true,1.123458326097796e-11,tp209,2,2,970.4199999999996,970.4199999999996
LSO-Levenberg-QR,true,true,0.0,90,15.232952083,true,1.2644330027455908e-12,tp209,2,2,970.4199999999996,970.4199999999996
Scipy-LeastSquares,true,true,0.0,49,10.015943458,true,0.0,tp209,2,2,970.4199999999996,970.4199999999996
NLLSsolver-LM,true,true,6.162975822039155e-29,32,6.498390333000001,true,1.8655645932354876e-12,tp209,2,2,970.4199999999996,970.4199999999996
LsqFit-LM,true,true,6.162975822039155e-29,0,27.621076375,true,2.6444242883992304e-12,tp209,2,2,970.4199999999996,970.4199999999996
Optim-BFGS,true,true,2.934269209773035e-22,160,54.649236833,true,5.4231875331962115e-9,tp209,2,2,970.4199999999996,970.4199999999996
Optim-L-BFGS,true,true,2.934269209773035e-22,172,56.273669833,true,5.381574599953604e-9,tp209,2,2,970.4199999999996,970.4199999999996
TRLS,true,true,0.0,233,42.8650645,true,0.0,tp210,2,2,96802.41999999997,96802.41999999997
NonlinearSolve-TR,true,true,0.0,256,43.871178333,true,0.0,tp210,2,2,96802.41999999997,96802.41999999997
NonlinearSolve-LM,true,true,8.89933708702454e-24,39,5.6887648340000005,true,8.95084510571903e-9,tp210,2,2,96802.41999999997,96802.41999999997
LSO-Levenberg-QR,true,true,6.162975822039155e-27,266,49.97488175,true,2.0975049819254197e-10,tp210,2,2,96802.41999999997,96802.41999999997
Scipy-LeastSquares,true,true,0.0,211,43.152884958,true,0.0,tp210,2,2,96802.41999999997,96802.41999999997
NLLSsolver-LM,true,true,6.162975822039155e-27,206,41.852213959000004,true,2.4830018736942274e-10,tp210,2,2,96802.41999999997,96802.41999999997
LsqFit-LM,true,false,0.8090032001123251,0,42.453313459,true,4.545300547476467,tp210,2,2,96802.41999999997,96801.61099679986
Optim-BFGS,true,false,0.22727687462337426,400,140.150277916,true,95.83348828232788,tp210,2,2,96802.41999999997,96802.19272312535
Optim-L-BFGS,true,false,0.237555498597875,400,154.777338625,true,93.83366319047452,tp210,2,2,96802.41999999997,96802.18244450138
TRLS,true,true,0.0,28,4.065376917,true,0.0,tp211,2,2,374.51919999999996,374.51919999999996
NonlinearSolve-TR,true,true,0.0,5,0.81341925,true,0.0,tp211,2,2,374.51919999999996,374.51919999999996
NonlinearSolve-LM,true,true,1.2779546664580391e-26,32,4.263166042,true,1.4667172441714346e-11,tp211,2,2,374.51919999999996,374.51919999999996
LSO-Levenberg-QR,true,true,3.944304526105059e-29,30,5.074757667,true,3.508243097735408e-13,tp211,2,2,374.51919999999996,374.51919999999996
Scipy-LeastSquares,true,true,0.0,17,3.483763042,true,0.0,tp211,2,2,374.51919999999996,374.51919999999996
NLLSsolver-LM,true,true,2.465190328815662e-30,14,2.8459175,true,3.1717422174305014e-14,tp211,2,2,374.51919999999996,374.51919999999996
LsqFit-LM,true,true,5.679798517591285e-27,0,4.267457875,true,2.08701330613874e-12,tp211,2,2,374.51919999999996,374.51919999999996
Optim-BFGS,true,true,2.491638425244176e-22,58,18.285945959,true,6.987974561850834e-10,tp211,2,2,374.51919999999996,374.51919999999996
Optim-L-BFGS,true,true,8.712728342109016e-25,48,13.208731833,true,4.026743459486269e-11,tp211,2,2,374.51919999999996,374.51919999999996
TRLS,true,true,0.0,1,0.40642750000000005,true,0.0,tp212,2,2,50.0,50.0
NonlinearSolve-TR,true,true,2.3885165047620023e-22,6,1.2190841250000002,true,1.545482612219031e-10,tp212,2,2,50.0,50.0
NonlinearSolve-LM,true,true,2.2082682452155476e-18,13,2.031172541,true,5.976801622055697e-9,tp212,2,2,50.0,50.0
LSO-Levenberg-QR,true,true,7.572856479080722e-30,10,2.028552083,true,1.3840923932556788e-14,tp212,2,2,50.0,50.0
Scipy-LeastSquares,true,true,2.8939463918473212e-34,2,0.414833708,true,1.668831274215972e-16,tp212,2,2,50.0,50.0
NLLSsolver-LM,true,true,2.319177562979896e-31,3,0.6096690840000001,true,2.262081717740984e-15,tp212,2,2,50.0,50.0
LsqFit-LM,true,true,6.486772392600066e-23,0,2.234061708,true,4.43401283172177e-11,tp212,2,2,50.0,50.0
Optim-BFGS,true,true,1.452386699407555e-22,14,5.68502075,true,4.910991246314243e-11,tp212,2,2,50.0,50.0
Optim-L-BFGS,true,true,8.315348423324668e-19,16,4.876938708,true,5.687409252274121e-9,tp212,2,2,50.0,50.0
TRLS,true,false,6.507214589740522e-9,43,8.738227792,true,6.281778928976119e-7,tp213,1,2,1.874048e6,1.8740479999999935e6
NonlinearSolve-TR,true,true,2.887314936452739e-16,104,19.706820209,true,2.170481766105459e-13,tp213,1,2,1.874048e6,1.874048e6
NonlinearSolve-LM,true,true,4.462507515983104e-17,192,19.910462791,true,4.015144147110744e-14,tp213,1,2,1.874048e6,1.874048e6
LSO-Levenberg-QR,true,false,0.9847846583229443,400,67.63515125,true,7.23056851899444,tp213,1,2,1.874048e6,1.8740470152153417e6
Scipy-LeastSquares,true,true,6.256943918951358e-11,42,8.592521542,true,9.307459695787973e-9,tp213,1,2,1.874048e6,1.874048e6
NLLSsolver-LM,true,true,1.2430628910276702e-15,85,17.262075375000002,true,7.546319351704765e-13,tp213,1,2,1.874048e6,1.874048e6
LsqFit-LM,true,false,0.7514130937162549,0,56.87370979200001,true,5.712431826296515,tp213,1,2,1.874048e6,1.8740472485869064e6
Optim-BFGS,true,true,1.0779819094158875e-11,46,17.463188625,true,6.417959356849489e-9,tp213,1,2,1.874048e6,1.874048e6
Optim-L-BFGS,true,true,6.064410192063653e-11,46,15.641541,true,6.165410415834409e-9,tp213,1,2,1.874048e6,1.874048e6
TRLS,true,true,1.765076275432014e-29,1,0.406356875,true,1.1190695630917482e-14,tp240,3,3,14863.375,14863.375
NonlinearSolve-TR,true,true,0.0,3,0.607754083,true,0.0,tp240,3,3,14863.375,14863.375
NonlinearSolve-LM,true,true,9.02306875000076e-19,8,1.626202916,true,1.3433592214196196e-9,tp240,3,3,14863.375,14863.375
LSO-Levenberg-QR,true,true,3.3265565519168747e-25,7,1.422517,true,8.15666239084838e-13,tp240,3,3,14863.375,14863.375
Scipy-LeastSquares,true,true,3.347959870189424e-39,3,0.622602042,true,1.35416039699999e-19,tp240,3,3,14863.375,14863.375
NLLSsolver-LM,true,true,1.2540548021763483e-36,3,0.6099260000000001,true,1.5881272525213545e-18,tp240,3,3,14863.375,14863.375
LsqFit-LM,true,true,2.9592846210131117e-23,0,1.6248901660000001,true,7.693258933145044e-12,tp240,3,3,14863.375,14863.375
Optim-BFGS,true,true,3.035166984741131e-27,3,1.016418084,true,1.5582453777926785e-13,tp240,3,3,14863.375,14863.375
Optim-L-BFGS,true,true,1.2943629732866362e-26,3,1.01655675,true,3.217707508280505e-13,tp240,3,3,14863.375,14863.375
TRLS,true,false,4.4572678484265265e-18,13,2.434785083,true,1.826889109242349e-7,tp241,5,3,314.5,314.5
NonlinearSolve-TR,true,true,1.0097419586828951e-28,14,2.437733875,true,8.695218566294993e-13,tp241,5,3,314.5,314.5
NonlinearSolve-LM,true,true,2.999224224971195e-18,19,3.0493505840000004,true,2.5458734491532974e-9,tp241,5,3,314.5,314.5
LSO-Levenberg-QR,true,true,4.938885564265738e-27,21,3.656570459,true,3.514974180709129e-13,tp241,5,3,314.5,314.5
Scipy-LeastSquares,true,true,2.524354896707238e-29,13,2.6640339170000003,true,4.3476021800031626e-13,tp241,5,3,314.5,314.5
NLLSsolver-LM,true,true,2.524354896707238e-29,15,3.0491266660000003,true,4.347664695872224e-13,tp241,5,3,314.5,314.5
LsqFit-LM,true,true,3.9936083326813723e-28,0,2.64130725,true,9.992065613538868e-14,tp241,5,3,314.5,314.5
Optim-BFGS,true,true,4.051482521347233e-24,31,11.783160208,true,9.52444660789618e-11,tp241,5,3,314.5,314.5
Optim-L-BFGS,true,true,4.364281120920814e-22,34,10.160217708,true,8.335112999342247e-10,tp241,5,3,314.5,314.5
TRLS,true,false,1.0455063464716037e-10,4,1.0145082090000002,true,2.0764277767893284e-5,tp245,10,3,515.5769053046992,515.5769053045946
NonlinearSolve-TR,true,true,5.060727596267452e-29,11,2.236260417,true,1.4566088802241566e-14,tp245,10,3,515.5769053046992,515.5769053046992
NonlinearSolve-LM,true,true,3.702743593585522e-17,30,3.8595498750000004,true,2.0590957644192403e-9,tp245,10,3,515.5769053046992,515.5769053046992
LSO-Levenberg-QR,true,true,1.560332477285622e-22,31,4.266741541,true,3.896257682527891e-12,tp245,10,3,515.5769053046992,515.5769053046992
Scipy-LeastSquares,true,true,5.67930572038078e-20,6,1.234541291,true,4.879534933482492e-10,tp245,10,3,515.5769053046992,515.5769053046992
NLLSsolver-LM,true,true,4.622231866529366e-33,6,1.218394125,true,9.107223347712834e-17,tp245,10,3,515.5769053046992,515.5769053046992
LsqFit-LM,true,true,0.03779437038248455,0,2.033121667,true,2.0492779766940717e-6,tp245,10,3,515.5769053046992,515.5391109343167
Optim-BFGS,true,true,4.1613566042210825e-17,29,8.127778542,true,1.0255444006825338e-8,tp245,10,3,515.5769053046992,515.5769053046992
Optim-L-BFGS,true,true,2.005591960144844e-17,34,9.550376375,true,3.6715905403619243e-9,tp245,10,3,515.5769053046992,515.5769053046992
TRLS,true,true,2.465190328815662e-30,5,1.0139497080000002,true,3.845925372767128e-14,tp246,3,3,4.2,4.2
NonlinearSolve-TR,true,true,0.0,5,1.01514125,true,0.0,tp246,3,3,4.2,4.2
NonlinearSolve-LM,true,true,5.03648244938355e-25,12,2.440326083,true,1.4472052639470518e-11,tp246,3,3,4.2,4.2
LSO-Levenberg-QR,true,true,1.1102230246259023e-16,12,2.4373211670000003,true,1.6657508185432713e-13,tp246,3,3,4.2,4.2
Scipy-LeastSquares,true,true,0.0,5,1.02948725,true,0.0,tp246,3,3,4.2,4.2
NLLSsolver-LM,true,true,6.162975822039155e-31,7,1.42299875,true,1.846845239577304e-14,tp246,3,3,4.2,4.2
LsqFit-LM,true,true,2.442317362335561e-22,0,2.2353265,true,2.2251166079591028e-10,tp246,3,3,4.2,4.2
Optim-BFGS,true,true,2.2637297233280214e-19,22,6.500230417,true,1.2221214746698676e-8,tp246,3,3,4.2,4.2
Optim-L-BFGS,true,true,2.9323390121158023e-19,24,6.298257,true,1.3145674758404498e-8,tp246,3,3,4.2,4.2
TRLS,true,false,1.1714291758835328e-9,9,2.032836125,true,1.6862031805419638e-6,tp256,4,4,107.50000000000001,107.49999999882859
NonlinearSolve-TR,true,true,4.108381655943842e-18,16,3.249953833,true,7.630864916503454e-13,tp256,4,4,107.50000000000001,107.50000000000001
NonlinearSolve-LM,true,true,5.6183937917377766e-18,22,4.470720292,true,6.374766371951142e-13,tp256,4,4,107.50000000000001,107.50000000000001
LSO-Levenberg-QR,true,true,2.77789856757728e-14,14,2.8406812500000003,true,5.549434518492327e-10,tp256,4,4,107.50000000000001,107.49999999999999
Scipy-LeastSquares,true,true,2.85993451143442e-13,13,2.668166208,true,3.2933655879686055e-9,tp256,4,4,107.50000000000001,107.49999999999973
NLLSsolver-LM,true,true,4.369431532842161e-18,16,3.245984083,true,8.04414611067907e-13,tp256,4,4,107.50000000000001,107.50000000000001
LsqFit-LM,true,true,1.3257387161911028e-13,0,3.046917708,true,1.5063028085419674e-9,tp256,4,4,107.50000000000001,107.49999999999989
Optim-BFGS,true,true,7.910607344261664e-13,48,11.367867666,true,1.1168967332770337e-8,tp256,4,4,107.50000000000001,107.49999999999922
Optim-L-BFGS,true,true,1.1070878384111912e-17,59,13.21120525,true,1.3351346708364583e-9,tp256,4,4,107.50000000000001,107.50000000000001
TRLS,true,false,4.658047072476697e-16,70,13.401769834000001,true,6.511809652015232e-7,tp260,7,4,9596.0,9596.0
NonlinearSolve-TR,true,true,3.554328946639777e-15,78,13.609173333000001,true,3.92106968588446e-8,tp260,7,4,9596.0,9596.0
NonlinearSolve-LM,true,true,7.105428324185559e-15,90,8.740935417000001,true,2.2779335693946723e-9,tp260,7,4,9596.0,9596.0
LSO-Levenberg-QR,true,true,-3.5527136788004784e-15,63,9.348085916,true,6.056792380573849e-13,tp260,7,4,9596.0,9596.0
Scipy-LeastSquares,true,true,3.042546058982046e-24,68,13.910546584,true,5.3598520684221604e-11,tp260,7,4,9596.0,9596.0
NLLSsolver-LM,true,true,7.105427357601014e-15,67,13.615071458000001,true,1.342255504421689e-13,tp260,7,4,9596.0,9596.0
LsqFit-LM,true,true,1.734950644703701e-20,0,9.956250375,true,4.790175532350253e-9,tp260,7,4,9596.0,9596.0
Optim-BFGS,true,true,7.10564009544924e-15,91,26.803603209,true,1.4122117417031222e-8,tp260,7,4,9596.0,9596.0
Optim-L-BFGS,true,true,3.55274531730599e-15,99,34.534422291,true,6.188074106784816e-9,tp260,7,4,9596.0,9596.0
TRLS,true,false,9.267096163724378e-9,9,1.829851541,true,3.5551528158990923e-6,tp261,5,4,1.0,0.9999999907329038
NonlinearSolve-TR,true,true,1.8584349302524912e-17,16,3.2521964170000004,true,1.1960643962399049e-12,tp261,5,4,1.0,1.0
NonlinearSolve-LM,true,true,2.4209817908778768e-17,22,4.473475625,true,1.3839637161398223e-13,tp261,5,4,1.0,1.0
LSO-Levenberg-QR,true,true,8.524624026426582e-13,14,2.642889458,true,1.0855844388675083e-9,tp261,5,4,1.0,0.9999999999991476
Scipy-LeastSquares,true,true,2.7341656245963514e-12,12,2.4593543340000004,true,7.02466463635547e-9,tp261,5,4,1.0,0.9999999999972659
NLLSsolver-LM,true,true,3.028676917557842e-16,28,5.688075,true,8.914403324964969e-13,tp261,5,4,1.0,0.9999999999999997
LsqFit-LM,true,true,5.0887822639934445e-12,0,2.843293375,true,5.305262035171052e-9,tp261,5,4,1.0,0.9999999999949112
Optim-BFGS,true,true,1.2083146440208816e-12,45,10.969240834,true,6.530539142005931e-9,tp261,5,4,1.0,0.9999999999987916
Optim-L-BFGS,true,true,3.200896126547535e-12,31,7.112285459,true,5.493319692049669e-9,tp261,5,4,1.0,0.9999999999967991
TRLS,true,false,0.5000001174744021,9,1.6272308750000002,true,8.524174763671991e-5,tp266,10,5,0.6667079434222745,0.16670782594787237
NonlinearSolve-TR,true,true,0.5000001156838235,62,4.062776542,true,1.0375853088192719e-8,tp266,10,5,0.6667079434222745,0.16670782773845094
NonlinearSolve-LM,true,false,0.5000018805259692,400,32.138293250000004,true,0.0027577275524345124,tp266,10,5,0.6667079434222745,0.1667060628963053
LSO-Levenberg-QR,true,true,0.5000001169140658,13,2.2369092090000002,true,7.124341834835603e-5,tp266,10,5,0.6667079434222745,0.1667078265082087
Scipy-LeastSquares,true,true,0.500000115937224,10,2.0490425830000003,true,3.2253246357466414e-5,tp266,10,5,0.6667079434222745,0.16670782748505042
NLLSsolver-LM,true,true,0.5000001157392151,8,1.6255015830000001,true,2.2385900644612553e-5,tp266,10,5,0.6667079434222745,0.16670782768305936
LsqFit-LM,true,true,0.5000001156838239,0,7.725282292,true,3.196883642255288e-8,tp266,10,5,0.6667079434222745,0.1667078277384506
Optim-BFGS,true,true,0.5000001156838235,17,5.080388958,true,7.776261225413674e-9,tp266,10,5,0.6667079434222745,0.16670782773845094
Optim-L-BFGS,true,true,0.5000001156838235,12,2.846125541,true,2.3877679100033128e-9,tp266,10,5,0.6667079434222745,0.16670782773845094
TRLS,true,false,1.7720398043209187e-13,11,2.0344893330000002,true,1.3179991328442078e-6,tp267,11,5,1.1483942770375843,1.1483942770374072
NonlinearSolve-TR,true,false,0.003227421327938223,400,75.79084591600001,true,0.0013795367763857597,tp267,11,5,1.1483942770375843,1.1451668557096462
NonlinearSolve-LM,true,false,0.0013251105335441763,400,32.728515458000004,true,2.947458328192466e-5,tp267,11,5,1.1483942770375843,1.1470691665040402
LSO-Levenberg-QR,true,true,0.007483130703378039,26,4.268583667000001,true,3.696658032271606e-7,tp267,11,5,1.1483942770375843,1.1409111463342063
Scipy-LeastSquares,true,true,2.325771489769492e-27,10,2.049755416,true,1.2904299933765215e-13,tp267,11,5,1.1483942770375843,1.1483942770375843
NLLSsolver-LM,true,true,1.5313770642620251e-25,13,2.6416325,true,5.488519932792939e-15,tp267,11,5,1.1483942770375843,1.1483942770375843
LsqFit-LM,true,true,0.0013249938657050983,0,10.965263208000001,true,8.976495578564145e-9,tp267,11,5,1.1483942770375843,1.1470692831718792
Optim-BFGS,true,true,5.082680756555996e-19,51,11.981062959,true,1.64704275445501e-9,tp267,11,5,1.1483942770375843,1.1483942770375843
Optim-L-BFGS,true,true,2.112885745585019e-16,44,10.362464375,true,9.321792558481022e-9,tp267,11,5,1.1483942770375843,1.1483942770375841
TRLS,true,true,0.0,2,0.609628791,true,0.0,tp271,6,6,375.0,375.0
NonlinearSolve-TR,true,true,0.0,1,0.20300558300000002,true,0.0,tp271,6,6,375.0,375.0
NonlinearSolve-LM,true,true,1.1368683772161603e-13,7,1.4234132080000002,true,9.445084750471886e-9,tp271,6,6,375.0,374.9999999999999
LSO-Levenberg-QR,true,true,1.1368683772161603e-13,6,1.2193007500000002,true,1.8636911548601657e-11,tp271,6,6,375.0,374.9999999999999
Scipy-LeastSquares,true,true,0.0,3,0.6247817910000001,true,0.0,tp271,6,6,375.0,375.0
NLLSsolver-LM,true,true,0.0,3,0.608894,true,0.0,tp271,6,6,375.0,375.0
LsqFit-LM,true,true,-5.684341886080802e-14,0,1.4208362090000002,true,1.2629534641629997e-8,tp271,6,6,375.0,375.00000000000006
Optim-BFGS,true,true,-5.684341886080802e-14,6,2.641790166,true,3.1776437161565096e-14,tp271,6,6,375.0,375.00000000000006
Optim-L-BFGS,true,true,0.0,9,2.234113125,true,3.4860126442122407e-10,tp271,6,6,375.0,375.0
TRLS,true,false,9.826307044340257e-9,78,12.420267459000002,true,0.0002896487879479297,tp272,13,6,0.3895350378279851,0.38953502800167805
NonlinearSolve-TR,true,false,0.13967359067269802,400,80.25672041700001,true,0.2054836097348547,tp272,13,6,0.3895350378279851,0.24986144715528708
NonlinearSolve-LM,true,true,2.6474741495116837e-19,43,5.491494208000001,true,2.0581662457897324e-12,tp272,13,6,0.3895350378279851,0.3895350378279851
LSO-Levenberg-QR,true,true,0.002827824963352798,10,2.0305939580000003,true,5.7117213162282605e-8,tp272,13,6,0.3895350378279851,0.3867072128646323
Scipy-LeastSquares,true,true,1.7872629883913549e-31,54,11.04062575,true,1.12573289071884e-15,tp272,13,6,0.3895350378279851,0.3895350378279851
NLLSsolver-LM,true,true,7.242203055587826e-23,58,11.784268459000002,true,2.9180781342024293e-12,tp272,13,6,0.3895350378279851,0.3895350378279851
LsqFit-LM,true,true,1.2635859845046247e-21,0,8.333356583,true,5.069096502412476e-11,tp272,13,6,0.3895350378279851,0.3895350378279851
Optim-BFGS,true,true,0.002827824962750004,42,10.151627875,true,6.761631233082262e-9,tp272,13,6,0.3895350378279851,0.3867072128652351
Optim-L-BFGS,true,true,0.002827824962749975,43,10.160572541,true,3.2026124037197836e-9,tp272,13,6,0.3895350378279851,0.38670721286523513
TRLS,true,false,2.0808338702245132e-13,7,1.624225459,true,7.190273696144373e-6,tp273,7,6,28500.0,28500.0
NonlinearSolve-TR,true,true,8.74384693973769e-35,7,1.420852417,true,7.297165351232694e-8,tp273,7,6,28500.0,28500.0
NonlinearSolve-LM,true,true,1.3192351998480252e-34,10,2.032667958,true,8.663722048904443e-8,tp273,7,6,28500.0,28500.0
LSO-Levenberg-QR,true,true,4.0185242700055475e-61,9,1.828990917,true,3.1776437161565096e-14,tp273,7,6,28500.0,28500.0
Scipy-LeastSquares,true,true,3.1554436208840472e-30,9,1.8425849580000002,true,2.0097183471152322e-14,tp273,7,6,28500.0,28500.0
NLLSsolver-LM,true,true,1.0938894043115288e-61,8,1.6260594160000001,true,1.4210854715202004e-14,tp273,7,6,28500.0,28500.0
LsqFit-LM,true,true,7.596454196607841e-62,0,2.029825,true,1.4210854715202004e-14,tp273,7,6,28500.0,28500.0
Optim-BFGS,true,true,-1.7053025658242404e-13,43,29.850238333,true,1.3299978748961097e-7,tp273,7,6,28500.0,28500.0
Optim-L-BFGS,true,true,-5.684341886080802e-14,18,4.266964792,true,3.2463099479283006e-9,tp273,7,6,28500.0,28500.0
TRLS,true,false,2.7967281803407456e-17,58,9.759479208,true,4.639592725698688e-8,tp282,11,10,96.232,96.232
NonlinearSolve-TR,true,true,2.2204460492941984e-16,50,9.552159542,true,5.538951960956552e-13,tp282,11,10,96.232,96.232
NonlinearSolve-LM,true,true,2.113624118134514e-18,70,6.709698666,true,1.0249440784294952e-8,tp282,11,10,96.232,96.232
LSO-Levenberg-QR,true,true,1.110223024628476e-16,60,10.356684833000001,true,1.3342760819022723e-13,tp282,11,10,96.232,96.232
Scipy-LeastSquares,true,true,2.911414430234585e-27,46,9.410170375,true,5.240535399128526e-13,tp282,11,10,96.232,96.232
NLLSsolver-LM,true,true,4.5606021083089745e-30,40,8.117987125,true,4.5310703036305396e-14,tp282,11,10,96.232,96.232
LsqFit-LM,true,true,1.8102747304104574e-19,0,20.525724875,true,3.0586981366885704e-9,tp282,11,10,96.232,96.232
Optim-BFGS,true,true,7.648972205677597e-21,164,52.192576083,true,1.6028923983003676e-9,tp282,11,10,96.232,96.232
Optim-L-BFGS,true,true,3.1441777076603363e-19,153,43.068127875,true,1.0813538565947094e-8,tp282,11,10,96.232,96.232
TRLS,true,true,0.0,24,3.667748834,true,0.0,tp286,20,20,120.99999999999997,120.99999999999997
NonlinearSolve-TR,true,true,0.0,20,3.046829083,true,0.0,tp286,20,20,120.99999999999997,120.99999999999997
NonlinearSolve-LM,true,true,8.981566334437261e-16,29,3.46014525,true,1.0205244554604935e-7,tp286,20,20,120.99999999999997,120.99999999999997
LSO-Levenberg-QR,true,true,1.6982696175211095e-25,35,5.49468225,true,1.3056894928134698e-11,tp286,20,20,120.99999999999997,120.99999999999997
Scipy-LeastSquares,true,true,0.0,18,3.687945542,true,0.0,tp286,20,20,120.99999999999997,120.99999999999997
NLLSsolver-LM,true,true,0.0,15,3.048670291,true,0.0,tp286,20,20,120.99999999999997,120.99999999999997
LsqFit-LM,true,true,1.7763568394054337e-15,0,5.887330791,true,1.9736960273112324e-12,tp286,20,20,120.99999999999997,120.99999999999997
Optim-BFGS,true,true,8.894993606533645e-16,173,53.627112417,true,1.6846207923547413e-8,tp286,20,20,120.99999999999997,120.99999999999997
Optim-L-BFGS,true,true,8.884217639947356e-16,43,13.204299458,true,1.5924517475236167e-8,tp286,20,20,120.99999999999997,120.99999999999997
TRLS,true,false,5.857145879417663e-9,9,2.030592666,true,3.7704649355669824e-6,tp288,20,20,537.5,537.4999999941429
NonlinearSolve-TR,true,true,2.0541908279719202e-17,16,3.2502049580000003,true,1.7063132595644338e-12,tp288,20,20,537.5,537.5
NonlinearSolve-LM,true,true,2.8091969992560586e-17,22,4.4718476250000005,true,1.4254218930564752e-12,tp288,20,20,537.5,537.5
LSO-Levenberg-QR,true,true,1.3889492844503867e-13,14,2.846158333,true,1.2408912835865999e-9,tp288,20,20,537.5,537.4999999999999
Scipy-LeastSquares,true,true,1.4299672557171521e-12,13,2.663216417,true,7.364189331082897e-9,tp288,20,20,537.5,537.4999999999985
NLLSsolver-LM,true,true,2.1847157281865267e-17,16,3.253096959,true,1.798725756165112e-12,tp288,20,20,537.5,537.5
LsqFit-LM,true,true,6.628693580422528e-13,0,3.0468856250000003,true,3.3681954747045636e-9,tp288,20,20,537.5,537.4999999999993
Optim-BFGS,true,true,4.959968084529428e-12,96,23.56507175,true,1.7727688521341524e-8,tp288,20,20,537.5,537.499999999995
Optim-L-BFGS,true,true,5.535403043774141e-17,59,13.205082333,true,2.9854272368175754e-9,tp288,20,20,537.5,537.5
TRLS,true,false,1.8151341179504961e-9,8,1.8272775,true,9.353712830111845e-7,tp290,1,2,4.5,4.499999998184866
NonlinearSolve-TR,true,true,4.303697117470449e-17,15,3.0457542500000003,true,1.7872436670798863e-12,tp290,1,2,4.5,4.5
NonlinearSolve-LM,true,true,8.577745752086165e-18,20,4.063953625,true,5.331290767248318e-13,tp290,1,2,4.5,4.5
LSO-Levenberg-QR,true,false,0.0008002582001711547,400,68.25693004200001,true,0.022632893998255414,tp290,1,2,4.5,4.499199741799829
Scipy-LeastSquares,true,true,4.9666650564185773e-14,8,1.6437352500000002,true,4.935014271909166e-10,tp290,1,2,4.5,4.49999999999995
NLLSsolver-LM,true,true,6.77054596568905e-18,15,3.048089125,true,4.4644736144620216e-13,tp290,1,2,4.5,4.5
LsqFit-LM,true,false,4.843369793845272e-5,0,68.84188262500001,true,0.00276170673489793,tp290,1,2,4.5,4.4999515663020615
Optim-BFGS,true,true,1.7673156518688618e-12,40,8.733582583,true,5.556929285148641e-9,tp290,1,2,4.5,4.4999999999982325
Optim-L-BFGS,true,true,2.4669467496411662e-12,25,5.688836,true,7.1404465222714515e-9,tp290,1,2,4.5,4.499999999997533
TRLS,true,false,1.7399438853259513e-9,19,4.064205209,true,1.7269365556329836e-6,tp291,1,10,1512.5,1512.4999999982601
NonlinearSolve-TR,true,true,3.57811688273601e-17,33,6.702523375,true,1.6417240716458752e-12,tp291,1,10,1512.5,1512.5
NonlinearSolve-LM,true,true,2.4256983760427434e-17,72,8.532555667,true,1.1998064317174785e-12,tp291,1,10,1512.5,1512.5
LSO-Levenberg-QR,true,false,20.854302839125406,400,58.503627208000005,true,96.09284645714439,tp291,1,10,1512.5,1491.6456971608745
Scipy-LeastSquares,true,true,9.589371582196074e-13,24,4.91737975,true,7.020317728500727e-9,tp291,1,10,1512.5,1512.499999999999
NLLSsolver-LM,true,true,6.49671158476764e-16,35,7.109379625000001,true,1.3889731405085936e-11,tp291,1,10,1512.5,1512.5
LsqFit-LM,true,false,7.806858103032828,0,53.01566183400001,true,47.791101306504764,tp291,1,10,1512.5,1504.693141896967
Optim-BFGS,true,true,2.676058138957038e-12,93,23.54538275,true,1.295957580004732e-8,tp291,1,10,1512.5,1512.4999999999973
Optim-L-BFGS,true,true,1.757676965844748e-12,31,6.897147917,true,5.721850129993166e-9,tp291,1,10,1512.5,1512.4999999999982
TRLS,true,false,8.113082011571134e-9,70,14.242102583000001,true,4.417580091548684e-6,tp292,1,30,108112.5,108112.49999999188
NonlinearSolve-TR,true,true,3.6637618600942247e-16,141,27.425346667000003,true,1.3411158202484453e-11,tp292,1,30,108112.5,108112.5
NonlinearSolve-LM,true,true,3.865277480414994e-16,231,21.129071708,true,1.6267725285853406e-11,tp292,1,30,108112.5,108112.5
LSO-Levenberg-QR,true,false,9675.450338336508,400,58.151844833000006,true,13187.166162998328,tp292,1,30,108112.5,98437.04966166349
Scipy-LeastSquares,true,true,3.705438904769695e-12,99,20.224767500000002,true,1.3179372106408514e-8,tp292,1,30,108112.5,108112.5
NLLSsolver-LM,true,true,2.5925359603382096e-15,117,23.781073792,true,5.4181042834968254e-11,tp292,1,30,108112.5,108112.5
LsqFit-LM,true,false,2433.4903821096045,0,50.610812041,true,4386.545596156741,tp292,1,30,108112.5,105679.00961789039
Optim-BFGS,true,true,1.7661089399790343e-12,167,47.118595333,true,1.9066783862523663e-8,tp292,1,30,108112.5,108112.5
Optim-L-BFGS,true,true,1.1154046120177946e-12,39,8.526387125,true,7.781310168860298e-9,tp292,1,30,108112.5,108112.5
TRLS,true,false,9.800685106924516e-9,114,23.220249834,true,5.587759200106771e-6,tp293,1,50,812812.5,812812.4999999902
NonlinearSolve-TR,true,true,4.133353102027486e-16,227,44.485891959,true,1.3278000897386264e-11,tp293,1,50,812812.5,812812.5
NonlinearSolve-LM,true,false,9.677639826032974e-16,400,34.529934291000004,true,4.3978956898797384e-11,tp293,1,50,812812.5,812812.5
LSO-Levenberg-QR,true,false,78600.06731717743,400,57.633375042000004,true,72512.35438438106,tp293,1,50,812812.5,734212.4326828226
Scipy-LeastSquares,true,true,2.2707868098071325e-12,167,34.114761,true,1.140088906267482e-8,tp293,1,50,812812.5,812812.5
NLLSsolver-LM,true,true,5.393149518991848e-15,190,38.637956125,true,8.722574144377339e-11,tp293,1,50,812812.5,812812.5
LsqFit-LM,true,false,54391.35295277544,0,51.664583750000006,true,62751.21338991922,tp293,1,50,812812.5,758421.1470472246
Optim-BFGS,true,true,1.6115834974824325e-12,298,82.236075,true,2.5804769138208627e-8,tp293,1,50,812812.5,812812.5
Optim-L-BFGS,true,true,2.314002225235842e-12,44,9.749213334,true,1.3456160648779534e-8,tp293,1,50,812812.5,812812.5
TRLS,true,false,1.7571404606823246e-15,27,4.062844458,true,8.220700542920605e-7,tp294,10,6,520.3,520.3
NonlinearSolve-TR,true,true,8.9231675211024e-22,18,3.046435542,true,6.278306118976665e-10,tp294,10,6,520.3,520.3
NonlinearSolve-LM,true,true,1.0727752052242638e-22,42,4.878689083,true,4.535497368135348e-10,tp294,10,6,520.3,520.3
LSO-Levenberg-QR,true,true,4.419469961984278e-26,35,5.891293083000001,true,7.819116698595484e-12,tp294,10,6,520.3,520.3
Scipy-LeastSquares,true,true,1.0556684545087309e-27,20,4.093020125000001,true,6.577431207983575e-13,tp294,10,6,520.3,520.3
NLLSsolver-LM,true,true,1.8920335773660205e-28,16,3.25152075,true,1.9427805365177245e-13,tp294,10,6,520.3,520.3
LsqFit-LM,true,true,-8.881784196991995e-16,0,6.295005708000001,true,1.0402265659613465e-12,tp294,10,6,520.3,520.3
Optim-BFGS,true,true,1.9869702504651476,50,13.399149125,true,4.666289524095985e-9,tp294,10,6,520.3,518.3130297495348
Optim-L-BFGS,true,true,4.440947048110018e-16,62,17.064218625,true,2.6695795062053795e-9,tp294,10,6,520.3,520.3
TRLS,true,false,1.1209445531051019e-9,35,5.694224875000001,true,0.0006484699187049621,tp295,18,10,1028.4999999999998,1028.4999999988788
NonlinearSolve-TR,true,true,2.588449845256445e-29,32,5.487507416000001,true,1.2872939023133667e-13,tp295,18,10,1028.4999999999998,1028.4999999999998
NonlinearSolve-LM,true,true,-8.881782106257206e-16,55,5.894155875,true,6.28241714958367e-10,tp295,18,10,1028.4999999999998,1028.4999999999998
LSO-Levenberg-QR,true,true,8.881784197511669e-16,30,5.484241333,true,8.473127104928127e-12,tp295,18,10,1028.4999999999998,1028.4999999999998
Scipy-LeastSquares,true,true,7.679067874260787e-29,22,4.507634583000001,true,2.0765800920923372e-13,tp295,18,10,1028.4999999999998,1028.4999999999998
NLLSsolver-LM,true,true,3.0814879110195774e-30,29,5.889448917,true,5.546405779892495e-14,tp295,18,10,1028.4999999999998,1028.4999999999998
LsqFit-LM,true,true,1.1000911842339891e-27,0,6.699075167,true,1.0838746785525848e-12,tp295,18,10,1028.4999999999998,1028.4999999999998
Optim-BFGS,true,true,3.8009775704174756e-19,97,29.254373084,true,1.8145346971570798e-8,tp295,18,10,1028.4999999999998,1028.4999999999998
Optim-L-BFGS,true,true,-1.7763541358859186e-15,93,35.340554208,true,1.3722362197863408e-9,tp295,18,10,1028.4999999999998,1028.4999999999998
TRLS,true,false,7.414969540730133e-11,57,8.346848792000001,true,0.0001672242040644704,tp296,30,16,1790.8,1790.7999999999258
NonlinearSolve-TR,true,true,-1.7757437493756622e-15,41,6.912060125,true,1.4939192310083056e-8,tp296,30,16,1790.8,1790.8
NonlinearSolve-LM,true,true,-1.775028730710529e-15,79,7.524291667000001,true,1.8142737354178103e-8,tp296,30,16,1790.8,1790.8
LSO-Levenberg-QR,true,true,-1.776356839400089e-15,34,6.708279792000001,true,4.844899559135081e-13,tp296,30,16,1790.8,1790.8
Scipy-LeastSquares,true,true,6.518782905172941e-27,48,9.808786167000001,true,1.6443957533304185e-12,tp296,30,16,1790.8,1790.8
NLLSsolver-LM,true,true,2.465190328815662e-30,36,7.313651833000001,true,6.303974991675718e-14,tp296,30,16,1790.8,1790.8
LsqFit-LM,true,true,8.88178419701107e-16,0,8.127073000000001,true,1.0197537363878695e-12,tp296,30,16,1790.8,1790.8
Optim-BFGS,true,true,1.993311921926903,112,34.72591775,true,1.0510640406767406e-8,tp296,30,16,1790.8,1788.806688078073
Optim-L-BFGS,true,true,-1.7759015115383843e-15,127,66.205284834,true,1.2512332155592994e-8,tp296,30,16,1790.8,1790.8
TRLS,true,false,4.767547255479529e-10,46,9.168917542,true,0.00042419882455656043,tp297,58,30,10176.099999999993,10176.099999999517
NonlinearSolve-TR,true,true,4.483376372777137e-22,66,12.216723458,true,4.4665528392154153e-10,tp297,58,30,10176.099999999993,10176.099999999993
NonlinearSolve-LM,true,true,-1.7763565664581478e-15,135,11.818235542,true,4.801097985164803e-10,tp297,58,30,10176.099999999993,10176.099999999993
LSO-Levenberg-QR,true,true,6.162975822039155e-30,44,8.949792083,true,1.017476246003464e-13,tp297,58,30,10176.099999999993,10176.099999999993
Scipy-LeastSquares,true,true,1.9126912068248776e-21,64,13.129646417,true,9.46735803177505e-10,tp297,58,30,10176.099999999993,10176.099999999993
NLLSsolver-LM,true,true,1.1093356479670479e-29,40,8.133290958,true,7.044187925770156e-14,tp297,58,30,10176.099999999993,10176.099999999993
LsqFit-LM,true,true,1.203012880462043e-27,0,9.352264792,true,1.1366660308203521e-12,tp297,58,30,10176.099999999993,10176.099999999993
Optim-BFGS,true,false,-1.0525335744268377e-14,273,910.830045792,true,3.4385980857043254e-7,tp297,58,30,10176.099999999993,10176.099999999993
Optim-L-BFGS,true,false,-1.3815731263542487e-14,267,903.515240916,true,4.2285612351950043e-7,tp297,58,30,10176.099999999993,10176.099999999993
TRLS,true,true,7.962717665504733e-25,71,14.331268292,true,1.832952582220052e-11,tp298,98,50,17194.099999999988,17194.099999999988
NonlinearSolve-TR,true,true,7.113770644661848e-15,92,17.727606208,true,5.529492326210656e-8,tp298,98,50,17194.099999999988,17194.099999999988
NonlinearSolve-LM,true,true,-1.0658140985596443e-14,215,18.229834334,true,2.2504147182482709e-10,tp298,98,50,17194.099999999988,17194.099999999988
LSO-Levenberg-QR,true,true,4.930380657631324e-30,65,13.241103792,true,8.550476163334524e-14,tp298,98,50,17194.099999999988,17194.099999999988
Scipy-LeastSquares,true,true,2.2755405251105113e-25,106,21.902875834,true,9.772548057204935e-12,tp298,98,50,17194.099999999988,17194.099999999988
NLLSsolver-LM,true,true,2.2186712959340957e-29,61,12.414300708,true,1.0112608281988429e-13,tp298,98,50,17194.099999999988,17194.099999999988
LsqFit-LM,true,true,-7.10542735759984e-15,0,13.840291209,true,1.128964907948308e-12,tp298,98,50,17194.099999999988,17194.099999999988
Optim-BFGS,true,true,-1.4210371313897533e-14,289,91.029583042,true,2.259612180274813e-8,tp298,98,50,17194.099999999988,17194.099999999988
Optim-L-BFGS,true,true,-3.906568863502088e-14,320,333.232170666,true,7.589399360424204e-8,tp298,98,50,17194.099999999988,17194.099999999988
TRLS,true,false,3.048190078569745e-13,125,25.373217042,true,1.0907733745387993e-5,tp299,198,100,34739.099999999984,34739.099999999984
NonlinearSolve-TR,true,true,-1.4210852773177948e-14,138,26.858501,true,8.943809177980032e-10,tp299,198,100,34739.099999999984,34739.099999999984
NonlinearSolve-LM,true,false,0.9254995770693974,400,32.532196958,true,1.7160877720039323,tp299,198,100,34739.099999999984,34738.174500422916
LSO-Levenberg-QR,true,true,-7.105427357600961e-15,119,24.235900041,true,2.278512798858372e-13,tp299,198,100,34739.099999999984,34739.099999999984
Scipy-LeastSquares,true,true,3.8879971138045805e-26,210,45.087297666000005,true,4.082080113185376e-12,tp299,198,100,34739.099999999984,34739.099999999984
NLLSsolver-LM,false,false,Inf,0,Inf,false,Inf,tp299,198,100,34739.099999999984,-Inf
LsqFit-LM,true,true,7.105427357602161e-15,0,25.002114458,true,1.0740282678327842e-12,tp299,198,100,34739.099999999984,34739.099999999984
Optim-BFGS,true,false,13.76078621707089,400,138.273738583,true,3.5717850107331692,tp299,198,100,34739.099999999984,34725.339213782914
Optim-L-BFGS,true,false,10.211760482652418,400,98.0127535,true,6.307074906233552,tp299,198,100,34739.099999999984,34728.888239517335
TRLS,true,false,6.223315007738557e-14,7,1.626460875,true,9.456692691487673e-6,tp303,22,20,6132.75625,6132.75625
NonlinearSolve-TR,true,true,6.9954832678145985e-19,12,1.219721292,true,3.170569263689027e-8,tp303,22,20,6132.75625,6132.75625
NonlinearSolve-LM,true,true,2.8055078305227605e-17,20,3.0503360830000004,true,7.665516266083114e-9,tp303,22,20,6132.75625,6132.75625
LSO-Levenberg-QR,true,true,1.0097401503251133e-22,9,1.8275952500000001,true,1.4633521966787897e-11,tp303,22,20,6132.75625,6132.75625
Scipy-LeastSquares,true,true,3.825865342799806e-39,9,1.8460278330000002,true,2.3447318083077774e-18,tp303,22,20,6132.75625,6132.75625
NLLSsolver-LM,true,true,4.22518622772536e-55,9,1.827868,true,2.4636144320835765e-26,tp303,22,20,6132.75625,6132.75625
LsqFit-LM,true,true,1.7387234185646368e-20,0,1.8284705,true,5.934564237902537e-10,tp303,22,20,6132.75625,6132.75625
Optim-BFGS,true,true,2.4781274627239602e-20,15,3.656736916,true,5.9674694502228736e-9,tp303,22,20,6132.75625,6132.75625
Optim-L-BFGS,true,true,1.215719465221399e-22,27,6.091698167,true,1.2906140462262397e-10,tp303,22,20,6132.75625,6132.75625
TRLS,true,false,7.556587210405969e-21,10,2.23814,true,1.273571223676787e-8,tp304,52,50,8.260334283203125e6,8.260334283203125e6
NonlinearSolve-TR,true,true,4.674426019553379e-19,12,1.832689291,true,1.0016696925469176e-7,tp304,52,50,8.260334283203125e6,8.260334283203125e6
NonlinearSolve-LM,true,true,3.2078126092546186e-17,25,4.0777691250000005,true,8.186876014132847e-9,tp304,52,50,8.260334283203125e6,8.260334283203125e6
LSO-Levenberg-QR,true,true,4.741973188748856e-30,12,2.4439344590000003,true,3.1586264386143363e-15,tp304,52,50,8.260334283203125e6,8.260334283203125e6
Scipy-LeastSquares,true,true,7.556587223219504e-21,11,2.2701233750000003,true,1.2735712247565703e-8,tp304,52,50,8.260334283203125e6,8.260334283203125e6
NLLSsolver-LM,true,true,3.4306440529232764e-41,11,2.238088625,true,8.581198198512343e-19,tp304,52,50,8.260334283203125e6,8.260334283203125e6
LsqFit-LM,true,true,1.8068177420290736e-33,0,2.439361709,true,1.2919982945245536e-16,tp304,52,50,8.260334283203125e6,8.260334283203125e6
Optim-BFGS,true,true,7.36812597224053e-21,21,5.27978525,true,1.2575895194027208e-8,tp304,52,50,8.260334283203125e6,8.260334283203125e6
Optim-L-BFGS,true,true,3.418660711851795e-18,36,8.33151725,true,1.0790616559524968e-8,tp304,52,50,8.260334283203125e6,8.260334283203125e6
TRLS,true,false,3.731020752342611e-21,12,2.6437343330000003,true,2.5123751666880213e-8,tp305,102,100,2.03246158565625e9,2.03246158565625e9
NonlinearSolve-TR,true,true,2.3139208496812763e-19,14,2.232557333,true,1.9785403397113959e-7,tp305,102,100,2.03246158565625e9,2.03246158565625e9
NonlinearSolve-LM,true,true,5.012693772681491e-20,31,4.883331625,true,3.2251612153781884e-10,tp305,102,100,2.03246158565625e9,2.03246158565625e9
LSO-Levenberg-QR,true,true,4.559050757039214e-26,13,2.648675292,true,3.190615701593636e-13,tp305,102,100,2.03246158565625e9,2.03246158565625e9
Scipy-LeastSquares,true,true,3.731020736038382e-21,13,2.718790375,true,2.5123751611985914e-8,tp305,102,100,2.03246158565625e9,2.03246158565625e9
NLLSsolver-LM,false,false,Inf,0,Inf,false,Inf,tp305,102,100,2.03246158565625e9,-Inf
LsqFit-LM,true,true,1.5355529079159016e-39,0,2.843937666,true,1.3344485307560411e-19,tp305,102,100,2.03246158565625e9,2.03246158565625e9
Optim-BFGS,true,true,1.7578196865531476e-23,27,9.340728416,true,1.7244786490762976e-9,tp305,102,100,2.03246158565625e9,2.03246158565625e9
Optim-L-BFGS,true,true,3.1351203275698204e-23,45,13.007532916,true,1.6505754973569682e-9,tp305,102,100,2.03246158565625e9,2.03246158565625e9
TRLS,true,false,0.3865995306959072,26,5.2762913750000004,true,0.00010825425616554113,tp308,3,2,43.84302407279772,43.45642454210181
NonlinearSolve-TR,true,true,0.3865995282464618,94,10.156870334,true,9.96708579612865e-10,tp308,3,2,43.84302407279772,43.456424544551254
NonlinearSolve-LM,true,true,0.3865995282464618,79,15.641306209000001,true,9.624621819777568e-9,tp308,3,2,43.84302407279772,43.456424544551254
LSO-Levenberg-QR,true,true,0.3865995295286312,20,3.6488367920000004,true,7.943261326861457e-5,tp308,3,2,43.84302407279772,43.45642454326909
Scipy-LeastSquares,true,true,0.3865995312056062,27,5.517866916,true,0.00011898454650903488,tp308,3,2,43.84302407279772,43.45642454159211
NLLSsolver-LM,true,true,0.38659952919150575,19,3.8587935420000004,true,6.828753420145799e-5,tp308,3,2,43.84302407279772,43.45642454360621
LsqFit-LM,true,true,0.3865995293152923,0,5.076826959,true,7.152121294895828e-5,tp308,3,2,43.84302407279772,43.45642454348243
Optim-BFGS,true,true,0.3865995282464619,15,3.859871292,true,5.289349774032269e-10,tp308,3,2,43.84302407279772,43.456424544551254
Optim-L-BFGS,true,true,0.3865995282464618,14,3.448745625,true,1.9300890516114467e-9,tp308,3,2,43.84302407279772,43.456424544551254
TRLS,true,false,4.2497230269004604e-10,4,1.01609675,true,0.0001786686993879048,tp311,2,2,53.0,52.999999999575024
NonlinearSolve-TR,true,true,0.0,6,1.219369042,true,0.0,tp311,2,2,53.0,53.0
NonlinearSolve-LM,true,true,7.821627991352566e-21,9,1.6239773750000002,true,5.01491389655768e-10,tp311,2,2,53.0,53.0
LSO-Levenberg-QR,true,true,2.818600014354675e-26,9,1.6235182080000001,true,9.699054745056643e-13,tp311,2,2,53.0,53.0
Scipy-LeastSquares,true,true,3.2116054212943355e-22,6,1.232814459,true,1.5587983545964956e-10,tp311,2,2,53.0,53.0
NLLSsolver-LM,true,true,3.549874073494553e-30,6,1.219617333,true,1.0986160316453366e-14,tp311,2,2,53.0,53.0
LsqFit-LM,true,true,9.833156616031093e-20,0,1.4228656670000002,true,1.7395111110930192e-9,tp311,2,2,53.0,53.0
Optim-BFGS,true,true,1.081142473922429e-20,11,4.874279416,true,7.477388845120419e-10,tp311,2,2,53.0,53.0
Optim-L-BFGS,true,true,2.146459363100617e-22,11,4.672869667,true,1.2022344618317027e-10,tp311,2,2,53.0,53.0
TRLS,true,false,2.961281380992072,23,2.642905042,true,0.00023082362462778657,tp312,2,2,1.6653845e6,1.665381538718619e6
NonlinearSolve-TR,true,true,2.9612813806220117,67,4.06303475,true,4.187806422194876e-7,tp312,2,2,1.6653845e6,1.6653815387186194e6
NonlinearSolve-LM,true,false,2.9617333837145488,400,32.709215208,true,0.2696748190764707,tp312,2,2,1.6653845e6,1.6653815382666162e6
LSO-Levenberg-QR,true,true,2.9612813809494685,49,8.327409292,true,0.00206661503304541,tp312,2,2,1.6653845e6,1.6653815387186192e6
Scipy-LeastSquares,true,true,2.961281380986704,13,2.668500125,true,0.0002306879049822147,tp312,2,2,1.6653845e6,1.665381538718619e6
NLLSsolver-LM,true,true,2.961281381379541,14,2.8437830830000004,true,0.001057609973714746,tp312,2,2,1.6653845e6,1.6653815387186187e6
LsqFit-LM,true,false,817119.1106067144,0,79.39825287500001,true,3.0766498850524607e6,tp312,2,2,1.6653845e6,848265.3893932856
Optim-BFGS,true,true,2.9612813806220126,45,13.809858916,true,4.407685580937983e-9,tp312,2,2,1.6653845e6,1.6653815387186194e6
Optim-L-BFGS,true,true,2.9612813806220153,45,14.618835667,true,4.1079884565416446e-10,tp312,2,2,1.6653845e6,1.6653815387186194e6
TRLS,true,false,0.021635177019155582,6,1.419790917,true,4.0618082496946086e-5,tp333,8,3,17.00317717278122,16.981541995762065
NonlinearSolve-TR,true,false,1.313834945845953,400,79.017933041,true,4.252853517823119,tp333,8,3,17.00317717278122,15.689342226935269
NonlinearSolve-LM,true,true,0.021635177018515542,124,9.564062167000001,true,1.563622327841073e-12,tp333,8,3,17.00317717278122,16.981541995762704
LSO-Levenberg-QR,true,true,0.021635177018738124,7,1.4220768750000001,true,2.3774578530527195e-5,tp333,8,3,17.00317717278122,16.981541995762484
Scipy-LeastSquares,true,true,0.021635177019155617,7,1.439961375,true,4.0618476105341976e-5,tp333,8,3,17.00317717278122,16.981541995762065
NLLSsolver-LM,true,true,0.021635177018724965,9,1.8291994580000002,true,2.3235405442040737e-5,tp333,8,3,17.00317717278122,16.981541995762495
LsqFit-LM,true,true,0.021635177018704495,0,2.031399709,true,2.207043122487854e-5,tp333,8,3,17.00317717278122,16.981541995762516
Optim-BFGS,true,true,2.804132946920191,1,0.812991458,true,1.6497138724536065e-11,tp333,8,3,17.00317717278122,14.19904422586103
Optim-L-BFGS,true,true,2.804132946920191,1,0.811165292,true,1.6497138724536065e-11,tp333,8,3,17.00317717278122,14.19904422586103
TRLS,true,true,0.004107438653290612,5,1.218292375,true,3.0358990804343524e-9,tp334,15,3,20.840847930839004,20.836740492185715
NonlinearSolve-TR,true,true,0.0041074386532894865,38,1.42160325,true,8.849653119582357e-11,tp334,15,3,20.840847930839004,20.836740492185715
NonlinearSolve-LM,true,true,0.004107438653289482,125,9.551615,true,9.17860973577559e-14,tp334,15,3,20.840847930839004,20.836740492185715
LSO-Levenberg-QR,true,true,0.004107438653289494,10,2.0308055,true,2.053906707140722e-10,tp334,15,3,20.840847930839004,20.836740492185715
Scipy-LeastSquares,true,true,0.004107438653290609,6,1.227617583,true,3.0358985345712702e-9,tp334,15,3,20.840847930839004,20.836740492185715
NLLSsolver-LM,true,true,0.004107438653290622,5,1.016558917,true,3.050993724472598e-9,tp334,15,3,20.840847930839004,20.836740492185715
LsqFit-LM,true,true,0.0041074386532922455,0,1.829215083,true,4.794384989122096e-9,tp334,15,3,20.840847930839004,20.83674049218571
Optim-BFGS,true,true,0.004107438653289503,21,5.075231916,true,3.5674632122588152e-9,tp334,15,3,20.840847930839004,20.836740492185715
Optim-L-BFGS,true,true,0.004107438653289491,26,6.088979459,true,1.1574437667546957e-10,tp334,15,3,20.840847930839004,20.836740492185715
TRLS,true,false,0.0001537528028989603,19,3.8615354170000002,true,1.3080697588163838e-7,tp350,11,4,0.0026565861360542697,0.002502833333155309
NonlinearSolve-TR,true,true,0.00015375280192461848,69,8.128172792,true,1.526264683618438e-11,tp350,11,4,0.0026565861360542697,0.0025028333341296513
NonlinearSolve-LM,true,true,0.00015375280192461835,182,13.822202334,true,1.1750204336449359e-12,tp350,11,4,0.0026565861360542697,0.0025028333341296513
LSO-Levenberg-QR,true,true,0.000153752801953887,10,2.03225025,true,3.787005890228424e-8,tp350,11,4,0.0026565861360542697,0.0025028333341003827
Scipy-LeastSquares,true,true,0.0001537528028991671,19,3.889044208,true,1.3082097417980285e-7,tp350,11,4,0.0026565861360542697,0.0025028333331551028
NLLSsolver-LM,true,true,0.00015375280241969306,11,2.233923625,true,9.364500405797848e-8,tp350,11,4,0.0026565861360542697,0.0025028333336345764
LsqFit-LM,true,true,0.00015375281034096095,0,3.455510834,true,3.7926107054447764e-7,tp350,11,4,0.0026565861360542697,0.0025028333257133086
Optim-BFGS,true,true,0.00015375280192466903,32,7.512801,true,4.1767526515981896e-9,tp350,11,4,0.0026565861360542697,0.0025028333341296006
Optim-L-BFGS,true,true,0.0001537528019246272,29,8.124883583,true,4.954331114953183e-9,tp350,11,4,0.0026565861360542697,0.0025028333341296427
TRLS,true,false,159.2858744330458,12,2.639967833,true,9.966485115026955e-5,tp351,7,4,14526.50117831444,14367.215303881394
NonlinearSolve-TR,true,true,159.28587439556148,55,5.281156292,true,2.523181407543254e-8,tp351,7,4,14526.50117831444,14367.215303918878
NonlinearSolve-LM,true,true,159.2858743955615,150,11.579443459,true,1.6417867232606437e-9,tp351,7,4,14526.50117831444,14367.215303918878
LSO-Levenberg-QR,true,true,159.28587441742923,10,2.030041209,true,9.498352385440866e-5,tp351,7,4,14526.50117831444,14367.21530389701
Scipy-LeastSquares,true,true,159.2858744329679,13,2.664650416,true,9.955862571729454e-5,tp351,7,4,14526.50117831444,14367.215303881472
NLLSsolver-LM,true,true,159.28587439565632,8,1.625894541,true,8.639919726810177e-6,tp351,7,4,14526.50117831444,14367.215303918783
LsqFit-LM,true,true,159.2858743955701,0,3.047928916,true,1.451704024051836e-6,tp351,7,4,14526.50117831444,14367.21530391887
Optim-BFGS,true,true,159.28587439556156,33,7.721552292,true,3.978614184904289e-10,tp351,7,4,14526.50117831444,14367.215303918878
Optim-L-BFGS,true,true,159.28587439556188,46,10.768135667,true,1.566244122282741e-11,tp351,7,4,14526.50117831444,14367.215303918878
TRLS,true,true,451.6171658982095,2,0.6092565830000001,true,2.1485917185394778e-14,tp352,40,4,5651.900278734281,5200.283112836071
NonlinearSolve-TR,true,true,451.617165898208,35,0.8113232920000001,true,5.687160113108057e-14,tp352,40,4,5651.900278734281,5200.283112836072
NonlinearSolve-LM,true,true,451.617165898208,111,8.328793459,true,1.7284821083252495e-9,tp352,40,4,5651.900278734281,5200.283112836072
LSO-Levenberg-QR,true,true,451.617165898208,6,1.219071084,true,1.2480862699713168e-6,tp352,40,4,5651.900278734281,5200.283112836072
Scipy-LeastSquares,true,true,451.6171658982095,3,0.624371667,true,1.2711525174206502e-13,tp352,40,4,5651.900278734281,5200.283112836071
NLLSsolver-LM,true,true,451.61716589820753,2,0.40647379100000003,true,1.1463502265256038e-8,tp352,40,4,5651.900278734281,5200.283112836073
LsqFit-LM,true,true,451.6171658982098,0,1.624972458,true,2.5753354119751038e-9,tp352,40,4,5651.900278734281,5200.28311283607
Optim-BFGS,true,true,451.61716589820935,4,1.82902,true,2.703683713476974e-13,tp352,40,4,5651.900278734281,5200.283112836071
Optim-L-BFGS,true,true,451.617165898208,12,3.04348975,true,2.8471876498111303e-9,tp352,40,4,5651.900278734281,5200.283112836072
TRLS,true,false,0.0011438350267862299,7,1.626704375,true,1.0376515260921949e-7,tp370,31,6,15.0,14.998856164973214
NonlinearSolve-TR,true,true,0.0011438350267761704,42,2.850176958,true,3.0454752557053164e-9,tp370,31,6,15.0,14.998856164973224
NonlinearSolve-LM,true,true,0.0011438350267761635,135,10.185722167,true,1.4555771989953697e-12,tp370,31,6,15.0,14.998856164973224
LSO-Levenberg-QR,true,true,0.001143835026776404,13,2.645052,true,1.4052104773898016e-8,tp370,31,6,15.0,14.998856164973224
Scipy-LeastSquares,true,true,0.0011438350267862925,8,1.6439065000000002,true,1.0376515588533047e-7,tp370,31,6,15.0,14.998856164973214
NLLSsolver-LM,true,true,0.0011438350267805638,7,1.421273875,true,6.807897563640742e-8,tp370,31,6,15.0,14.998856164973219
LsqFit-LM,true,true,0.0011438350268609912,0,2.440379,true,3.012488454621219e-7,tp370,31,6,15.0,14.99885616497314
Optim-BFGS,true,true,0.001143835026776198,38,9.152509209,true,4.438906933500203e-9,tp370,31,6,15.0,14.998856164973224
Optim-L-BFGS,true,true,0.0011438350267761793,50,11.391090125,true,1.7653839104652752e-9,tp370,31,6,15.0,14.998856164973224
TRLS,true,true,6.998800690485618e-7,6,1.4257339580000001,true,2.635777827078403e-11,tp371,31,9,15.0,14.999999300119931
NonlinearSolve-TR,true,true,6.998800690449517e-7,39,2.0382695,true,1.3777844489182868e-13,tp371,31,9,15.0,14.999999300119931
NonlinearSolve-LM,true,true,6.998800690462975e-7,153,11.636098917,true,9.287531295822679e-12,tp371,31,9,15.0,14.999999300119931
LSO-Levenberg-QR,true,true,6.998800690924399e-7,21,4.274568542,true,6.19039698857982e-11,tp371,31,9,15.0,14.999999300119931
Scipy-LeastSquares,true,true,6.998800690482889e-7,6,1.235512583,true,4.5517988681228927e-11,tp371,31,9,15.0,14.999999300119931
NLLSsolver-LM,true,true,6.998800690461633e-7,9,1.8326984590000002,true,1.529837858691373e-13,tp371,31,9,15.0,14.999999300119931
LsqFit-LM,true,true,6.9988006915204e-7,0,3.0535266670000003,true,5.4611567620822e-10,tp371,31,9,15.0,14.999999300119931
Optim-BFGS,true,true,6.998800690512226e-7,75,17.496934875,true,4.6953902841143276e-9,tp371,31,9,15.0,14.999999300119931
Optim-L-BFGS,true,true,6.998800690547075e-7,343,79.321328,true,6.244458346964162e-9,tp371,31,9,15.0,14.999999300119931
TRLS,true,false,0.020068868148759314,14,2.242086542,true,8.905626128059096e-7,tp379,65,11,1.0467097571060324,1.0266408889572731
NonlinearSolve-TR,true,true,0.02006886814677384,48,3.6680932910000004,true,9.261361533794498e-11,tp379,65,11,1.0467097571060324,1.0266408889592586
NonlinearSolve-LM,true,true,0.020068868146773833,132,9.994282666,true,1.73871099011178e-13,tp379,65,11,1.0467097571060324,1.0266408889592586
LSO-Levenberg-QR,true,true,0.02006886814702671,11,2.2396084170000004,true,2.0321575369974185e-7,tp379,65,11,1.0467097571060324,1.0266408889590057
Scipy-LeastSquares,true,true,0.020068868147134714,11,2.2613798750000003,true,2.6921893321089973e-7,tp379,65,11,1.0467097571060324,1.0266408889588976
NLLSsolver-LM,true,true,0.020068868147292425,11,2.240658083,true,4.259071334735006e-7,tp379,65,11,1.0467097571060324,1.02664088895874
LsqFit-LM,true,true,0.020068868148281873,0,2.444820542,true,5.091878362008692e-7,tp379,65,11,1.0467097571060324,1.0266408889577505
Optim-BFGS,true,true,0.020068868146773854,65,18.106470542,true,5.028728969979487e-10,tp379,65,11,1.0467097571060324,1.0266408889592586
Optim-L-BFGS,true,true,0.02006886814677386,97,22.365250458,true,1.3879528472288575e-8,tp379,65,11,1.0467097571060324,1.0266408889592586
