solver,success,converged,final_cost,iterations,time,bounds_satisfied,final_gradient_norm,problem,nvars,nresiduals,dist_x0,initial_objective,improvement
TRLS,true,true,0.0,17,0.00018334900000000002,true,0.0,hs01,2,2,3.0,454.5,454.5
LM-QR-scaled,true,true,2.5637979419682884e-30,3,2.0979e-5,true,5.004828258095395e-14,hs01,2,2,3.0000000000000004,454.5,454.5
LM-QRChol,true,true,0.0,17,8.2859e-5,true,0.0,hs01,2,2,3.0,454.5,454.5
LsqFit-LM,true,true,5.183062666334929e-28,0,9.7899e-5,true,6.23091592812782e-13,hs01,2,2,2.9999999999988227,454.5,454.5
JSO-TRON,true,false,4.028031140996788e-17,14,0.00011371900000000001,true,2.0069955508163906e-7,hs01,2,2,3.0,454.5,454.5
Scipy-LeastSquares,true,true,0.0,18,0.007103461,true,0.0,hs01,2,2,3.0,454.5,454.5
Scipy-LSMR,true,true,0.0,18,0.015957998,true,0.0,hs01,2,2,3.0,454.5,454.5
PRIMA-BOBYQA,true,true,4.461580565048237e-22,145,0.003155048,true,1.87758277195461e-9,hs01,2,2,2.999999998743765,454.5,454.5
LSO-Levenberg-QR,true,true,3.749554490128622e-27,36,6.982450000000001e-5,true,1.92853582045564e-12,hs01,2,2,2.999999999996545,454.5,454.5
NonlinearSolve-TrustRegion,true,true,3.944304526105059e-29,8,6.766e-5,true,1.9860273225978184e-13,hs01,2,2,3.0,454.5,454.5
NonlinearSolve-LevenbergMarquardt,true,true,1.8507662912616463e-25,19,0.00019051900000000002,true,1.680707887928812e-11,hs01,2,2,2.9999999999721645,454.5,454.5
NonlinearSolve-GaussNewton,true,true,4.3849844756210565e-18,38,9.9939e-5,true,6.62192153050839e-8,hs01,2,2,3.0,454.5,454.5
NonlinearSolve-PolyAlg,true,true,4.3849844756210565e-18,38,0.00010778900000000001,true,6.62192153050839e-8,hs01,2,2,3.0,454.5,454.5
TRLS,true,false,2.470614658994796,6,9.751900000000001e-5,true,0.9094852359413671,hs02,2,2,0.9256349576531973,454.5,452.0293853410052
LM-QR-scaled,true,false,2.470614658994665,9,0.000134429,true,0.9094954116738141,hs02,2,2,0.9256349927200993,454.5,452.0293853410053
LM-QRChol,true,false,2.470614658994796,6,4.0069000000000005e-5,true,0.9094852359413671,hs02,2,2,0.9256349576531973,454.5,452.0293853410052
LsqFit-LM,false,false,Inf,0,Inf,false,Inf,hs02,2,2,NaN,454.5,-Inf
JSO-TRON,true,false,2.4706146589945925,18,0.00021531800000000001,true,0.9094916184571259,hs02,2,2,0.9256349796484522,454.5,452.0293853410054
Scipy-LeastSquares,false,false,Inf,0,Inf,false,Inf,hs02,2,2,NaN,454.5,-Inf
Scipy-LSMR,false,false,Inf,0,Inf,false,Inf,hs02,2,2,NaN,454.5,-Inf
PRIMA-BOBYQA,true,true,2.470614658994593,32,0.000690446,true,0.9094916040520706,hs02,2,2,0.9256349795988109,454.5,452.0293853410054
LSO-Levenberg-QR,false,false,Inf,0,Inf,false,Inf,hs02,2,2,NaN,454.5,-Inf
NonlinearSolve-TrustRegion,true,true,2.470614658994593,37,0.00010545900000000001,true,0.9094914761080061,hs02,2,2,0.9256349791579025,454.5,452.0293853410054
NonlinearSolve-LevenbergMarquardt,true,false,2.4706146589945925,450,0.00275756,true,0.9094916085802485,hs02,2,2,0.9256349796144154,454.5,452.0293853410054
NonlinearSolve-GaussNewton,true,true,0.025213093946803555,37,0.000191308,true,0.09162696387592373,hs02,2,2,3.2629077102036903,454.5,454.47478690605317
NonlinearSolve-PolyAlg,true,true,0.025213093946803555,672,0.0041162510000000005,true,0.09162696387592373,hs02,2,2,3.2629077102036903,454.5,454.47478690605317
TRLS,true,false,9.25473831125742e-10,15,0.001031962,true,0.0002732487205575301,hs25,3,99,51.5638150766087,16.417499999831797,16.417499998906322
LM-QR-scaled,true,false,1.8360549447004474e-9,44,0.003116718,true,0.0003846930177357405,hs25,3,99,51.56513078438764,16.417499999831797,16.41749999799574
LM-QRChol,true,false,9.254738311477595e-10,15,0.000791315,true,0.00027324872056097577,hs25,3,99,51.5638150766087,16.417499999831797,16.417499998906322
LsqFit-LM,true,true,16.417499999821484,0,0.00011358900000000001,true,1.059801221248665e-8,hs25,3,99,0.001001055705349521,16.417499999831797,1.0313527809557854e-11
JSO-TRON,true,true,3.021380553290548e-13,52,0.009242045,true,2.027406848360768e-9,hs25,3,99,51.56093530775459,16.417499999831797,16.417499999831495
Scipy-LeastSquares,true,true,1.2374757700036897e-23,21,0.009083546000000001,true,1.850268085659531e-11,hs25,3,99,51.560643904456384,16.417499999831797,16.417499999831797
Scipy-LSMR,true,true,9.513526829605633e-22,14,0.012258834000000001,true,2.9260135852333285e-10,hs25,3,99,51.560643904094036,16.417499999831797,16.417499999831797
PRIMA-BOBYQA,true,true,1.09780433317372e-22,386,0.026205986,true,9.446484787145887e-12,hs25,3,99,51.56064390068055,16.417499999831797,16.417499999831797
LSO-Levenberg-QR,true,true,15.929867558100566,1,7.887000000000001e-5,true,1.2643976623608497,hs25,3,99,13.439121995130487,16.417499999831797,0.48763244173123077
NonlinearSolve-TrustRegion,true,true,0.0011248205183749815,65,0.002316874,true,0.00403842090836071,hs25,3,99,64.89176298255065,16.417499999831797,16.416375179313423
NonlinearSolve-LevenbergMarquardt,true,true,0.0028905285100344516,173,0.01138714,true,7.012208496417765e-5,hs25,3,99,11.370868154437195,16.417499999831797,16.414609471321764
NonlinearSolve-GaussNewton,true,true,16.41525280550386,33,0.000666555,true,0.22754287593743355,hs25,3,99,100.79990079360199,16.417499999831797,0.002247194327935631
NonlinearSolve-PolyAlg,true,true,1.7960361102155545e-19,315,0.011728287,true,3.540668475575764e-9,hs25,3,99,51.560643895221745,16.417499999831797,16.417499999831797
TRLS,true,true,0.0,21,0.000257388,true,0.0,tp229,2,2,2.2,12.099999999999998,12.099999999999998
LM-QR-scaled,true,true,0.0,14,0.000225738,true,0.0,tp229,2,2,2.2,12.099999999999998,12.099999999999998
LM-QRChol,true,true,0.0,21,0.00010696900000000001,true,0.0,tp229,2,2,2.2,12.099999999999998,12.099999999999998
LsqFit-LM,true,true,5.183062666334929e-28,0,0.00010020000000000001,true,6.24137485512939e-13,tp229,2,2,2.1999999999988216,12.099999999999998,12.099999999999998
JSO-TRON,true,true,1.5407439555097887e-29,15,0.000125189,true,1.2412670766236365e-13,tp229,2,2,2.2,12.099999999999998,12.099999999999998
Scipy-LeastSquares,true,true,2.3336022284787333e-25,23,0.007899045,true,1.0059690882035773e-11,tp229,2,2,2.1999999999995037,12.099999999999998,12.099999999999998
Scipy-LSMR,true,true,2.340475364004746e-25,23,0.018752218,true,1.0084313827287522e-11,tp229,2,2,2.1999999999995037,12.099999999999998,12.099999999999998
PRIMA-BOBYQA,true,true,1.0466768206957955e-20,155,0.0032877970000000003,true,4.879805989664833e-9,tp229,2,2,2.200000001766696,12.099999999999998,12.099999999999998
LSO-Levenberg-QR,true,true,1.6982696175211095e-26,35,3.742633333333333e-5,true,4.128952714240617e-12,tp229,2,2,2.1999999999926194,12.099999999999998,12.099999999999998
NonlinearSolve-TrustRegion,true,true,1.2052251938940684e-18,25,0.000102479,true,3.471630415373778e-8,tp229,2,2,2.199999999999945,12.099999999999998,12.099999999999998
NonlinearSolve-LevenbergMarquardt,true,true,1.3657456713137648e-20,27,0.000234898,true,2.5594140732355745e-9,tp229,2,2,2.199999994740301,12.099999999999998,12.099999999999998
NonlinearSolve-GaussNewton,true,false,12.099999999999978,450,0.0018772270000000002,true,116.4338438771132,tp229,2,2,4.440892098500626e-16,12.099999999999998,1.9539925233402755e-14
NonlinearSolve-PolyAlg,true,true,6.202481976172623e-23,463,0.002066545,true,1.6432272652790754e-10,tp229,2,2,2.199999999656427,12.099999999999998,12.099999999999998
TRLS,true,false,5.542533137035369e-12,5,0.000154379,true,5.186728638872084e-6,tp242,3,10,9.124143466757104,137.9404745253174,137.94047452531186
LM-QR-scaled,true,false,1.944892664236083e-11,5,0.00016401800000000001,true,9.71371163417487e-6,tp242,3,10,9.124143177868348,137.9404745253174,137.94047452529796
LM-QRChol,true,false,5.54253313656633e-12,5,7.845000000000001e-5,true,5.186728638635399e-6,tp242,3,10,9.124143466757104,137.9404745253174,137.94047452531186
LsqFit-LM,true,true,8.208249527283213e-17,0,8.495900000000001e-5,true,1.2022141418798505e-8,tp242,3,10,9.124143789193326,137.9404745253174,137.9404745253174
JSO-TRON,true,true,2.292761433644087e-22,6,0.00014676900000000002,true,1.1113997116148635e-11,tp242,3,10,9.124143795484454,137.9404745253174,137.9404745253174
Scipy-LeastSquares,true,true,1.283824941735135e-21,10,0.003109169,true,6.3756566057499e-11,tp242,3,10,9.124143795434073,137.9404745253174,137.9404745253174
Scipy-LSMR,true,true,1.452223809788826e-21,10,0.007306398,true,6.375990773914072e-11,tp242,3,10,9.124143795466114,137.9404745253174,137.9404745253174
PRIMA-BOBYQA,true,true,5.993895227443157e-22,122,0.0038631940000000003,true,1.3436513975980554e-11,tp242,3,10,9.124143795475673,137.9404745253174,137.9404745253174
LSO-Levenberg-QR,true,true,5.5654140252979085e-25,9,5.0579500000000006e-5,true,1.2261623931794197e-12,tp242,3,10,9.124143795446347,137.9404745253174,137.9404745253174
NonlinearSolve-TrustRegion,true,true,1.8439214129797776e-25,18,0.000213648,true,1.178923450914722e-12,tp242,3,10,9.124143795446988,137.9404745253174,137.9404745253174
NonlinearSolve-LevenbergMarquardt,true,true,1.8888907078941175e-17,50,0.0008549240000000001,true,4.281527354599179e-9,tp242,3,10,9.124143789882414,137.9404745253174,137.9404745253174
NonlinearSolve-GaussNewton,true,true,3.5747670011450706e-17,18,0.000301438,true,2.6239458740112847e-8,tp242,3,10,14.361406615594916,137.9404745253174,137.9404745253174
NonlinearSolve-PolyAlg,true,true,3.5747670011450706e-17,18,0.000308238,true,2.6239458740112847e-8,tp242,3,10,14.361406615594916,137.9404745253174,137.9404745253174
TRLS,true,false,2.799524896221511e-10,5,6.685e-5,true,1.9192516280612397e-5,tp244,3,10,8.944111069972081,0.7994222703038896,0.7994222700239371
LM-QR-scaled,true,true,7.893920122578961e-18,7,0.00011654900000000001,true,3.6042455553244442e-9,tp244,3,10,8.944271898506656,0.7994222703038896,0.7994222703038896
LM-QRChol,true,false,2.799524896221511e-10,5,5.428e-5,true,1.9192516280612397e-5,tp244,3,10,8.944111069972081,0.7994222703038896,0.7994222700239371
LsqFit-LM,true,true,6.805119180177744e-21,0,7.233000000000001e-5,true,9.655974975993194e-12,tp244,3,10,8.944271908265982,0.7994222703038896,0.7994222703038896
JSO-TRON,true,true,4.21560924099563e-21,9,0.000213818,true,3.708041143288135e-11,tp244,3,10,8.944271909436235,0.7994222703038896,0.7994222703038896
Scipy-LeastSquares,true,true,1.5316885248822595e-23,9,0.00292644,true,1.3670218398675068e-12,tp244,3,10,8.944271909929729,0.7994222703038896,0.7994222703038896
Scipy-LSMR,true,true,4.9571707849660795e-22,9,0.0073534080000000005,true,7.677332833825295e-12,tp244,3,10,8.944271909601822,0.7994222703038896,0.7994222703038896
PRIMA-BOBYQA,true,true,2.4360047745007336e-21,109,0.0034595650000000004,true,3.358332755588439e-11,tp244,3,10,8.944271909922278,0.7994222703038896,0.7994222703038896
LSO-Levenberg-QR,true,true,1.2016281177109339e-20,8,2.900966666666667e-5,true,1.1987055622781603e-11,tp244,3,10,8.94427190769095,0.7994222703038896,0.7994222703038896
NonlinearSolve-TrustRegion,true,true,4.1795280482183e-17,19,0.000175739,true,4.932759017863598e-9,tp244,3,10,8.944271876451849,0.7994222703038896,0.7994222703038896
NonlinearSolve-LevenbergMarquardt,true,true,1.6975746219981398e-17,36,0.000644846,true,5.188505837348863e-10,tp244,3,10,8.944271823540232,0.7994222703038896,0.7994222703038896
NonlinearSolve-GaussNewton,true,true,0.7994222703038896,39,0.000545996,true,0.6127771621222462,tp244,3,10,3.1401849173675503e-16,0.7994222703038896,0.0
NonlinearSolve-PolyAlg,true,true,4.5343925832858596e-17,73,0.0009775930000000001,true,3.2265781573736138e-9,tp244,3,10,8.944271797296512,0.7994222703038896,0.7994222703038896
TRLS,true,true,1.2266248474132164e-33,4,4.5900000000000004e-5,true,9.309889239983947e-16,tp247,3,3,2.0,1250.0,1250.0
LM-QR-scaled,true,true,4.69275380892527e-37,4,4.6319e-5,true,1.8209688668664935e-17,tp247,3,3,2.0,1250.0,1250.0
LM-QRChol,true,true,0.0,4,2.438e-5,true,0.0,tp247,3,3,2.0,1250.0,1250.0
LsqFit-LM,false,false,Inf,0,Inf,false,Inf,tp247,3,3,NaN,1250.0,-Inf
JSO-TRON,true,true,0.0,1,1.497e-5,true,0.0,tp247,3,3,2.0,1250.0,1250.0
Scipy-LeastSquares,false,false,Inf,0,Inf,false,Inf,tp247,3,3,NaN,1250.0,-Inf
Scipy-LSMR,false,false,Inf,0,Inf,false,Inf,tp247,3,3,NaN,1250.0,-Inf
PRIMA-BOBYQA,true,true,2.465190328815662e-32,51,0.0014139900000000002,true,2.220446049250313e-16,tp247,3,3,2.0,1250.0,1250.0
LSO-Levenberg-QR,false,false,Inf,0,Inf,false,Inf,tp247,3,3,NaN,1250.0,-Inf
NonlinearSolve-TrustRegion,true,true,8.707778766493408e-20,4,6.516e-5,true,4.1731951228030084e-10,tp247,3,3,2.0000000004173195,1250.0,1250.0
NonlinearSolve-LevenbergMarquardt,true,false,0.4049999999776523,450,0.003637075,true,0.8999999999751692,tp247,3,3,1.1000000000248307,1250.0,1249.5950000000223
NonlinearSolve-GaussNewton,true,false,0.40499999999836295,1,5.454e-5,true,0.899999999998181,tp247,3,3,1.100000000001819,1250.0,1249.5950000000016
NonlinearSolve-PolyAlg,true,true,8.707778766493408e-20,158,0.0013803,true,4.1731951228030084e-10,tp247,3,3,2.0000000004173195,1250.0,1250.0
TRLS,true,false,62.18109119301643,18,0.00029864800000000004,true,0.008309032911301199,tp307,2,10,0.14829654509596416,2085.653080980246,2023.4719897872296
LM-QR-scaled,true,false,62.181091230332434,24,0.000376797,true,0.028083269221051668,tp307,2,10,0.14830172884825665,2085.653080980246,2023.4719897499137
LM-QRChol,true,false,62.18109119301639,18,0.00015916900000000002,true,0.0083090329103619,tp307,2,10,0.14829654509596438,2085.653080980246,2023.4719897872299
LsqFit-LM,true,false,62.18109117780743,0,0.0008815540000000001,true,9.514942028901183e-6,tp307,2,10,0.14829828680627283,2085.653080980246,2023.4719898024387
JSO-TRON,true,false,62.18109117780741,53,0.0011030620000000001,true,1.9082785091257784e-7,tp307,2,10,0.14829828878915513,2085.653080980246,2023.4719898024387
Scipy-LeastSquares,true,true,62.181091195422994,13,0.005573121,true,0.017128345194132845,tp307,2,10,0.14829989650223682,2085.653080980246,2023.471989784823
Scipy-LSMR,true,true,62.181091195422965,13,0.012388174,true,0.017128345238019642,tp307,2,10,0.1482998965018863,2085.653080980246,2023.471989784823
PRIMA-BOBYQA,true,true,62.1810911778074,75,0.0018379870000000001,true,6.411792130934808e-6,tp307,2,10,0.14829828820266355,2085.653080980246,2023.4719898024387
LSO-Levenberg-QR,true,true,62.18109119018601,11,7.3009e-5,true,0.007450633382982066,tp307,2,10,0.14829987255380445,2085.653080980246,2023.4719897900602
NonlinearSolve-TrustRegion,true,true,62.18109117780742,63,0.000338808,true,1.2339696961843022e-6,tp307,2,10,0.1482982890921545,2085.653080980246,2023.4719898024387
NonlinearSolve-LevenbergMarquardt,true,false,62.18109319024582,450,0.004480449,true,0.22467581114663052,tp307,2,10,0.14831952723551406,2085.653080980246,2023.4719877900004
NonlinearSolve-GaussNewton,true,false,2085.653080980246,4,8.904900000000001e-5,true,46854.40915996655,tp307,2,10,0.0,2085.653080980246,0.0
NonlinearSolve-PolyAlg,true,true,62.18109117780742,664,0.009392774000000001,true,1.2339696961843022e-6,tp307,2,10,0.1482982890921545,2085.653080980246,2023.4719898024387
TRLS,true,false,2.73244734874183e-5,21,0.0008667340000000001,true,1.3915846608831924e-8,tp358,5,33,0.6491775698288279,0.43951314677232023,0.4394858222988328
LM-QR-scaled,true,false,2.7324473487418545e-5,22,0.000897794,true,1.4142055300268914e-8,tp358,5,33,0.6491775654920181,0.43951314677232023,0.4394858222988328
LM-QRChol,true,false,2.7324473487416397e-5,21,0.0005276860000000001,true,1.3916008837374172e-8,tp358,5,33,0.6491775698288708,0.43951314677232023,0.4394858222988328
LsqFit-LM,true,true,2.732447348741392e-5,0,0.0011448510000000001,true,7.514909960342962e-10,tp358,5,33,0.6491779428225085,0.43951314677232023,0.4394858222988328
JSO-TRON,true,false,2.7324475500772987e-5,139,0.012092065,true,1.3097267944870387e-8,tp358,5,33,0.648732111378904,0.43951314677232023,0.43948582229681943
Scipy-LeastSquares,true,true,2.7324473487484848e-5,37,0.013871162000000001,true,1.5640460560946705e-7,tp358,5,33,0.6491753885754623,0.43951314677232023,0.43948582229883276
Scipy-LSMR,true,true,2.7324487071185245e-5,49,0.056579123,true,2.2581658613264546e-7,tp358,5,33,0.648020443280421,0.43951314677232023,0.439485822285249
PRIMA-BOBYQA,true,false,3.2748060434136095e-5,2250,0.121873775,true,0.0212182692807517,tp358,5,33,0.18758165357414916,0.43951314677232023,0.4394803987118861
LSO-Levenberg-QR,true,true,2.732447348742952e-5,24,0.000523956,true,4.400680970644638e-8,tp358,5,33,0.6491768033758455,0.43951314677232023,0.4394858222988328
NonlinearSolve-TrustRegion,true,true,2.732447348741275e-5,138,0.002233875,true,2.125420552105892e-12,tp358,5,33,0.6491779205043219,0.43951314677232023,0.4394858222988328
NonlinearSolve-LevenbergMarquardt,true,false,0.06452424139094048,450,0.015123934,true,1.1360031188733053,tp358,5,33,0.011114408135204784,0.43951314677232023,0.37498890538137974
NonlinearSolve-GaussNewton,true,true,0.42843767801996735,41,0.0008920940000000001,true,2.621611661194021,tp358,5,33,1.0032283131792905,0.43951314677232023,0.01107546875235288
NonlinearSolve-PolyAlg,true,true,2.732447348741275e-5,975,0.02699742,true,2.125420552105892e-12,tp358,5,33,0.6491779205043219,0.43951314677232023,0.4394858222988328
TRLS,true,false,1825.5487677514468,23,0.00046799700000000005,true,0.03436364915282326,PALMER2NE,4,23,14.08385964855489,7169.038552541558,5343.489784790111
LM-QR-scaled,true,false,1825.54879392975,23,0.0005813460000000001,true,0.6274182659101796,PALMER2NE,4,23,14.390582920393086,7169.038552541558,5343.489758611808
LM-QRChol,true,false,1825.5487677514468,23,0.00024275900000000002,true,0.03436364915508811,PALMER2NE,4,23,14.08385964855489,7169.038552541558,5343.489784790111
LsqFit-LM,true,false,1825.5487677445572,0,0.0015859490000000001,true,4.9965462950240867e-5,PALMER2NE,4,23,14.091985107696054,7169.038552541558,5343.4897847970005
JSO-TRON,false,false,Inf,0,Inf,false,Inf,PALMER2NE,4,23,NaN,7169.038552541558,-Inf
Scipy-LeastSquares,true,true,1825.5487686507888,21,0.009357585,true,0.28992611604585244,PALMER2NE,4,23,14.087782986043374,7169.038552541558,5343.489783890769
Scipy-LSMR,true,true,1825.5487680457459,21,0.020434806,true,0.04894483826516172,PALMER2NE,4,23,14.452609728358848,7169.038552541558,5343.489784495812
PRIMA-BOBYQA,true,true,1825.5487677445574,497,0.017989184000000002,true,1.716440614641643e-5,PALMER2NE,4,23,14.126520360742774,7169.038552541558,5343.4897847970005
LSO-Levenberg-QR,true,true,2290.5882055239313,127,0.000802685,true,1.202345023734321,PALMER2NE,4,23,227.10583110599967,7169.038552541558,4878.450347017626
NonlinearSolve-TrustRegion,true,true,1825.5487677445576,60,0.00037180700000000004,true,0.0026667055164954854,PALMER2NE,4,23,37.30322186657845,7169.038552541558,5343.4897847970005
NonlinearSolve-LevenbergMarquardt,true,true,2290.583006241152,292,0.003647735,true,3.815614491031738e-12,PALMER2NE,4,23,5.50083629318301e24,7169.038552541558,4878.455546300405
NonlinearSolve-GaussNewton,true,false,5844.16088303876,2,9.429000000000001e-5,true,2.609634217855614e6,PALMER2NE,4,23,26.59107974992566,7169.038552541558,1324.8776695027973
NonlinearSolve-PolyAlg,true,true,1825.5487677445576,488,0.0068526310000000005,true,0.0026667055164954854,PALMER2NE,4,23,37.30322186657845,7169.038552541558,5343.4897847970005
TRLS,true,false,0.18419408788221658,13,0.016425185000000002,true,0.005226452685194231,FBRAIN2NE,4,2211,1.1881658792165481,2.1461103577456613,1.9619162698634447
LM-QR-scaled,true,false,0.18419408789634054,15,0.019436363,true,0.005226271503989675,FBRAIN2NE,4,2211,1.1881479734008509,2.1461103577456613,1.9619162698493207
LM-QRChol,true,false,0.18419408788221658,13,0.012468392,true,0.005226452685194329,FBRAIN2NE,4,2211,1.1881658792165481,2.1461103577456613,1.9619162698634447
LsqFit-LM,true,false,0.18420752739514917,0,0.35052746100000004,true,0.12159370150839754,FBRAIN2NE,4,2211,1.1816979525276556,2.1461103577456613,1.9619028303505122
JSO-TRON,false,false,Inf,0,Inf,false,Inf,FBRAIN2NE,4,2211,NaN,2.1461103577456613,-Inf
Scipy-LeastSquares,true,true,0.18419408787164412,11,0.019374754,true,0.005226403398773481,FBRAIN2NE,4,2211,1.1881611521356792,2.1461103577456613,1.9619162698740171
Scipy-LSMR,true,true,0.184194700869553,11,0.025416952000000003,true,0.005225988759192857,FBRAIN2NE,4,2211,1.188010586027811,2.1461103577456613,1.9619156568761082
PRIMA-BOBYQA,true,true,0.18419408787020014,602,0.364350015,true,0.005226376983051813,FBRAIN2NE,4,2211,1.1881586404807367,2.1461103577456613,1.961916269875461
LSO-Levenberg-QR,true,false,0.18439975054083327,450,0.31361958,true,0.17661693388982808,FBRAIN2NE,4,2211,1.1598330140540143,2.1461103577456613,1.961710607204828
NonlinearSolve-TrustRegion,true,true,0.1841940878702001,58,0.037917574,true,0.0052263770331490225,FBRAIN2NE,4,2211,1.188158644239101,2.1461103577456613,1.961916269875461
NonlinearSolve-LevenbergMarquardt,true,false,0.18419408787020014,450,0.42168872300000004,true,0.005226377032302142,FBRAIN2NE,4,2211,1.1881586442391159,2.1461103577456613,1.961916269875461
NonlinearSolve-GaussNewton,true,true,2.1461103577456213,36,0.042282633,true,78.48892578386703,FBRAIN2NE,4,2211,5.102800490722269e-16,2.1461103577456613,3.9968028886505635e-14
NonlinearSolve-PolyAlg,true,true,0.1841940878702001,733,0.843693193,true,0.0052263770331490225,FBRAIN2NE,4,2211,1.188158644239101,2.1461103577456613,1.961916269875461
TRLS,true,false,0.02797441948785498,47,0.00143662,true,2.672737399433537e-6,PALMER6ANE,6,13,49.213793425419894,1795.0831104693395,1795.0551360498516
LM-QR-scaled,true,false,0.027974419489334348,64,0.001864947,true,7.563272818390798e-6,PALMER6ANE,6,13,49.21348227482574,1795.0831104693395,1795.0551360498503
LM-QRChol,true,false,0.027974419487854573,47,0.000537006,true,2.6727403441617906e-6,PALMER6ANE,6,13,49.21379342541798,1795.0831104693395,1795.0551360498516
LsqFit-LM,true,true,0.027974419486941394,0,0.0011836420000000002,true,8.777782585311801e-9,PALMER6ANE,6,13,49.21428862781475,1795.0831104693395,1795.0551360498525
JSO-TRON,false,false,Inf,0,Inf,false,Inf,PALMER6ANE,6,13,NaN,1795.0831104693395,-Inf
Scipy-LeastSquares,true,true,0.027974419487827414,86,0.038244802,true,2.5709798623807066e-6,PALMER6ANE,6,13,49.21380144930916,1795.0831104693395,1795.0551360498516
Scipy-LSMR,true,false,0.028002132584773538,998,1.035541228,true,4.806176652246976e-5,PALMER6ANE,6,13,46.53107071077488,1795.0831104693395,1795.0551083367548
PRIMA-BOBYQA,true,false,0.03945600932306209,2700,0.12837963,true,0.16092795089817033,PALMER6ANE,6,13,22.245127325129268,1795.0831104693395,1795.0436544600166
LSO-Levenberg-QR,true,true,0.02797441948785405,64,0.000510496,true,2.5769608884429123e-6,PALMER6ANE,6,13,49.21379330188846,1795.0831104693395,1795.0551360498516
NonlinearSolve-TrustRegion,true,true,0.02797441948693765,100,0.000640136,true,1.7566988802742557e-10,PALMER6ANE,6,13,49.21429167323538,1795.0831104693395,1795.0551360498525
NonlinearSolve-LevenbergMarquardt,true,true,0.027974419486939364,167,0.0024549330000000003,true,5.800820183193036e-11,PALMER6ANE,6,13,49.21429721769872,1795.0831104693395,1795.0551360498525
NonlinearSolve-GaussNewton,true,true,0.027974419486938448,82,0.001115712,true,3.670494527917388e-12,PALMER6ANE,6,13,49.214297217836865,1795.0831104693395,1795.0551360498525
NonlinearSolve-PolyAlg,true,true,0.02797441948693765,623,0.007232709,true,1.7566988802742557e-10,PALMER6ANE,6,13,49.21429167323538,1795.0831104693395,1795.0551360498525
TRLS,true,false,0.20830147225757414,5,0.0036657940000000004,true,3.5054534694652106e-8,FBRAINNE,2,2211,1.0702329231907062,0.6311737562503313,0.4228722839927572
LM-QR-scaled,true,false,0.20830147225757414,5,0.0037070140000000002,true,3.5054534694652106e-8,FBRAINNE,2,2211,1.0702329231907062,0.6311737562503313,0.4228722839927572
LM-QRChol,true,false,0.20830147225757414,5,0.0037149440000000004,true,3.5054534694652106e-8,FBRAINNE,2,2211,1.0702329231907062,0.6311737562503313,0.4228722839927572
LsqFit-LM,true,true,0.20830147225757303,0,0.006509794,true,2.5347250136748664e-8,FBRAINNE,2,2211,1.070232959811779,0.6311737562503313,0.42287228399275834
JSO-TRON,false,false,Inf,0,Inf,false,Inf,FBRAINNE,2,2211,NaN,0.6311737562503313,-Inf
Scipy-LeastSquares,true,true,0.208301472257572,6,0.006482305000000001,true,7.381170884767143e-9,FBRAINNE,2,2211,1.0702330772170126,0.6311737562503313,0.42287228399275933
Scipy-LSMR,true,true,0.208301472257572,6,0.008883798,true,7.381171299809755e-9,FBRAINNE,2,2211,1.070233077217012,0.6311737562503313,0.42287228399275933
PRIMA-BOBYQA,true,true,0.2083014722575719,71,0.023820403,true,4.260640459606532e-9,FBRAINNE,2,2211,1.07023303699416,0.6311737562503313,0.42287228399275945
LSO-Levenberg-QR,true,true,0.20830147225757287,7,0.004429309,true,1.8313531113984323e-7,FBRAINNE,2,2211,1.0702331326344854,0.6311737562503313,0.42287228399275845
NonlinearSolve-TrustRegion,true,true,0.20830147225757187,40,0.010604456,true,9.609836657342906e-11,FBRAINNE,2,2211,1.0702330501577106,0.6311737562503313,0.42287228399275945
NonlinearSolve-LevenbergMarquardt,true,true,0.20830147225757187,114,0.050303627000000004,true,1.0630949191237734e-12,FBRAINNE,2,2211,1.0702330505069877,0.6311737562503313,0.42287228399275945
NonlinearSolve-GaussNewton,true,true,0.6311737562503401,41,0.026376955,true,25.218663948709132,FBRAINNE,2,2211,3.469446951953614e-16,0.6311737562503313,-8.770761894538737e-15
NonlinearSolve-PolyAlg,true,true,0.2083014722575719,320,0.206085435,true,6.733822414332598e-10,FBRAINNE,2,2211,1.0702330493668393,0.6311737562503313,0.42287228399275945
TRLS,true,true,0.0027864045000420617,8,0.00019172900000000002,true,0.029508497334456957,HATFLDBNE,4,4,1.263021392056136,0.4751316701949487,0.4723452656949066
LM-QR-scaled,true,true,0.002786404500042063,8,0.00019769900000000002,true,0.029508497542702926,HATFLDBNE,4,4,1.26302139185806,0.4751316701949487,0.4723452656949066
LM-QRChol,true,true,0.0027864045000420617,8,6.6129e-5,true,0.029508497334456957,HATFLDBNE,4,4,1.263021392056136,0.4751316701949487,0.4723452656949066
LsqFit-LM,true,false,0.003020310609292969,0,0.001344291,true,0.05532485226603286,HATFLDBNE,4,4,1.2920363924583862,0.4751316701949487,0.4721113595856557
JSO-TRON,false,false,Inf,0,Inf,false,Inf,HATFLDBNE,4,4,NaN,0.4751316701949487,-Inf
Scipy-LeastSquares,true,true,0.002786404500042091,11,0.004845846,true,0.029508497169617304,HATFLDBNE,4,4,1.2630213918675954,0.4751316701949487,0.4723452656949066
Scipy-LSMR,true,true,0.002786404500042085,11,0.011566289,true,0.029508497172209325,HATFLDBNE,4,4,1.2630213918722113,0.4751316701949487,0.4723452656949066
PRIMA-BOBYQA,true,true,0.0027864045000420648,183,0.005858809,true,0.029508494815723513,HATFLDBNE,4,4,1.2630213890330306,0.4751316701949487,0.4723452656949066
LSO-Levenberg-QR,true,false,0.0027931199636549334,450,0.0019514760000000002,true,0.033462882798911645,HATFLDBNE,4,4,1.267802066910307,0.4751316701949487,0.47233855023129373
NonlinearSolve-TrustRegion,true,true,0.0027864045000420617,71,0.000248059,true,0.02950849718747375,HATFLDBNE,4,4,1.2630213919011692,0.4751316701949487,0.4723452656949066
NonlinearSolve-LevenbergMarquardt,true,false,0.0027864045000420617,450,0.00584797,true,0.02950849718746986,HATFLDBNE,4,4,1.263021391901168,0.4751316701949487,0.4723452656949066
NonlinearSolve-GaussNewton,true,true,0.0027864045000420617,44,0.00029487800000000005,true,0.029508497188245386,HATFLDBNE,4,4,1.263021391902095,0.4751316701949487,0.4723452656949066
NonlinearSolve-PolyAlg,true,true,0.0027864045000420617,811,0.008956037,true,0.029508497188245386,HATFLDBNE,4,4,1.263021391902095,0.4751316701949487,0.4723452656949066
TRLS,true,true,6.121791352605562e-6,27,0.004460159,true,3.5509035949246685e-9,SANTA,21,23,4.724910587381458,0.7153074006951836,0.715301278903831
LM-QR-scaled,true,true,6.121791352522659e-6,17,0.002415313,true,1.1861638723895764e-9,SANTA,21,23,4.724910022878813,0.7153074006951836,0.7153012789038311
LM-QRChol,true,true,6.121791352605764e-6,27,0.001020523,true,3.5509037510994953e-9,SANTA,21,23,4.724910587381438,0.7153074006951836,0.715301278903831
LsqFit-LM,true,true,6.121791352518168e-6,0,0.000773715,true,9.099902633599026e-10,SANTA,21,23,4.7249098384629225,0.7153074006951836,0.7153012789038311
JSO-TRON,false,false,Inf,0,Inf,false,Inf,SANTA,21,23,NaN,0.7153074006951836,-Inf
Scipy-LeastSquares,true,true,6.121791352536096e-6,13,0.007251719,true,1.7586641004394805e-9,SANTA,21,23,4.724909980002989,0.7153074006951836,0.7153012789038311
Scipy-LSMR,true,true,6.121793446539372e-6,68,0.162210782,true,1.0203373590664839e-7,SANTA,21,23,3.6848023958654212,0.7153074006951836,0.7153012789017371
PRIMA-BOBYQA,true,true,6.1217913529909264e-6,6514,1.199419336,true,3.9760282906283665e-9,SANTA,21,23,4.724906289606104,0.7153074006951836,0.7153012789038307
LSO-Levenberg-QR,true,true,6.121791352514783e-6,24,0.0007624550000000001,true,8.905351499669836e-10,SANTA,21,23,4.724909905934079,0.7153074006951836,0.7153012789038311
NonlinearSolve-TrustRegion,true,true,6.121791352512142e-6,55,0.001706768,true,1.7730387881896733e-10,SANTA,21,23,4.7249100310112935,0.7153074006951836,0.7153012789038311
NonlinearSolve-LevenbergMarquardt,true,true,6.1217913525117065e-6,138,0.008451641000000001,true,6.865443260169163e-11,SANTA,21,23,4.724910044128476,0.7153074006951836,0.7153012789038311
NonlinearSolve-GaussNewton,true,true,0.018213021017777095,215,0.016788513,true,0.07918749874879355,SANTA,21,23,2163.988708520702,0.7153074006951836,0.6970943796774065
NonlinearSolve-PolyAlg,true,true,6.121791352511538e-6,622,0.21338340300000003,true,8.918867565176355e-13,SANTA,21,23,4.724910044182163,0.7153074006951836,0.7153012789038311
TRLS,true,false,0.047120993947879414,450,0.016801082000000002,true,4.908726808040074,PALMER5ANE,8,12,695.6882391079118,12448.054356092955,12448.007235099007
LM-QR-scaled,true,false,0.0425620438582201,450,0.016362546000000002,true,7.44678009450322,PALMER5ANE,8,12,948.5568856930378,12448.054356092955,12448.011794049096
LM-QRChol,true,false,0.04712099394543714,450,0.005340172000000001,true,4.908726813991495,PALMER5ANE,8,12,695.6882392171824,12448.054356092955,12448.007235099009
LsqFit-LM,true,false,0.09628805977300878,0,0.0026213010000000004,true,0.18639584237974693,PALMER5ANE,8,12,81.38887261514463,12448.054356092955,12447.958068033182
JSO-TRON,false,false,Inf,0,Inf,false,Inf,PALMER5ANE,8,12,NaN,12448.054356092955,-Inf
Scipy-LeastSquares,true,false,0.02817070609688234,820,0.35446555300000004,true,8.717913031052655,PALMER5ANE,8,12,3528.4579727403975,12448.054356092955,12448.026185386858
Scipy-LSMR,true,false,0.08598436552707299,999,1.2752502730000002,true,0.006410246647691709,PALMER5ANE,8,12,113.2926605300553,12448.054356092955,12447.968371727427
PRIMA-BOBYQA,true,false,8.582233467871259,3600,0.213966749,true,74.35643341687782,PALMER5ANE,8,12,38.876076975554476,12448.054356092955,12439.472122625084
LSO-Levenberg-QR,true,false,0.03403930224859621,450,0.004509089,true,16.76486155381244,PALMER5ANE,8,12,1905.9834673082062,12448.054356092955,12448.020316790706
NonlinearSolve-TrustRegion,true,false,0.044395093860491085,450,0.0035829240000000004,true,7.2873823107238795,PALMER5ANE,8,12,834.2980985688623,12448.054356092955,12448.009960999094
NonlinearSolve-LevenbergMarquardt,true,true,0.010236193309109548,223,0.004028652000000001,true,0.010473648706946444,PALMER5ANE,8,12,5.724500530537703e6,12448.054356092955,12448.044119899645
NonlinearSolve-GaussNewton,true,false,12448.054356092955,1,7.6629e-5,true,648.4816328864817,PALMER5ANE,8,12,0.0,12448.054356092955,0.0
NonlinearSolve-PolyAlg,true,true,0.010236193309109548,784,0.011980216,true,0.010473648706946444,PALMER5ANE,8,12,5.724500530537703e6,12448.054356092955,12448.044119899645
TRLS,true,false,25.745597817156806,3,4.1740000000000004e-5,true,3.3283786367324634e-7,LEVYMONE10,10,20,0.028742801164463018,25.75966748701061,0.014069669853803646
LM-QR-scaled,true,false,25.745597817156806,3,4.3599e-5,true,3.3283786367324634e-7,LEVYMONE10,10,20,0.028742801164463018,25.75966748701061,0.014069669853803646
LM-QRChol,true,false,25.745597817156806,3,4.4200000000000004e-5,true,3.3283786367324634e-7,LEVYMONE10,10,20,0.028742801164463018,25.75966748701061,0.014069669853803646
LsqFit-LM,true,true,25.7455978171568,0,5.8580000000000005e-5,true,5.6004167759129086e-8,LEVYMONE10,10,20,0.028742809807141022,25.75966748701061,0.014069669853810751
JSO-TRON,false,false,Inf,0,Inf,false,Inf,LEVYMONE10,10,20,NaN,25.75966748701061,-Inf
Scipy-LeastSquares,true,true,25.74559781715681,4,0.001522039,true,4.2977326735435105e-7,LEVYMONE10,10,20,0.02874279813828067,25.75966748701061,0.014069669853800093
Scipy-LSMR,true,true,25.745597817192085,4,0.00285882,true,0.00015209429939050072,LEVYMONE10,10,20,0.02874139492153322,25.75966748701061,0.014069669818525199
PRIMA-BOBYQA,true,true,24.90933083319332,168,0.010733284000000001,true,3.064189404739743e-6,LEVYMONE10,10,20,1.0254943560582945,25.75966748701061,0.8503366538172905
LSO-Levenberg-QR,true,true,25.74559781722632,3,3.8780000000000005e-5,true,9.726289644271865e-5,LEVYMONE10,10,20,0.02874070481296043,25.75966748701061,0.01406966978429125
NonlinearSolve-TrustRegion,true,true,25.745597817156803,35,0.00047614600000000005,true,5.4459976155653956e-8,LEVYMONE10,10,20,0.028742813255428774,25.75966748701061,0.014069669853807198
NonlinearSolve-LevenbergMarquardt,true,true,25.7455978171568,103,0.0026996710000000003,true,1.6144499963629432e-9,LEVYMONE10,10,20,0.028742811514690655,25.75966748701061,0.014069669853810751
NonlinearSolve-GaussNewton,true,true,25.745597817156803,35,0.000801784,true,5.4459976155653956e-8,LEVYMONE10,10,20,0.028742813255428774,25.75966748701061,0.014069669853807198
NonlinearSolve-PolyAlg,true,true,25.745597817156803,281,0.006217846,true,5.4459976155653956e-8,LEVYMONE10,10,20,0.028742813255428774,25.75966748701061,0.014069669853807198
TRLS,true,false,9.254738288946439e-10,15,0.0007043150000000001,true,0.0002732487201889105,HS25NE,3,99,51.563815071577615,16.417499999831797,16.417499998906322
LM-QR-scaled,true,false,1.8360549373580273e-9,44,0.0021668860000000002,true,0.00038469301691281243,HS25NE,3,99,51.56513077935175,16.417499999831797,16.41749999799574
LM-QRChol,true,false,9.254738288946439e-10,15,0.000476206,true,0.0002732487201889105,HS25NE,3,99,51.563815071577615,16.417499999831797,16.417499998906322
LsqFit-LM,true,true,16.417499999821484,0,8.522e-5,true,1.0598012202160158e-8,HS25NE,3,99,0.0010010557044233795,16.417499999831797,1.0313527809557854e-11
JSO-TRON,false,false,Inf,0,Inf,false,Inf,HS25NE,3,99,NaN,16.417499999831797,-Inf
Scipy-LeastSquares,true,true,7.827832513432805e-21,21,0.008225222,true,1.8498540412243722e-11,HS25NE,3,99,51.56064389942916,16.417499999831797,16.417499999831797
Scipy-LSMR,true,true,8.766796515892319e-21,14,0.011752538,true,2.9259858001028603e-10,HS25NE,3,99,51.56064389906679,16.417499999831797,16.417499999831797
PRIMA-BOBYQA,true,true,7.849126407754643e-21,335,0.013591295000000001,true,6.111738963381731e-12,HS25NE,3,99,51.56064390395259,16.417499999831797,16.417499999831797
LSO-Levenberg-QR,true,true,15.92986755810057,1,3.7829e-5,true,1.2643976622255462,HS25NE,3,99,13.439121995130487,16.417499999831797,0.4876324417312272
NonlinearSolve-TrustRegion,true,true,0.0011248205194275538,65,0.001326651,true,0.004038420886853002,HS25NE,3,99,64.89176299145373,16.417499999831797,16.416375179312368
NonlinearSolve-LevenbergMarquardt,true,true,0.002890528508308324,177,0.0063017360000000005,true,7.012208493531986e-5,HS25NE,3,99,11.37086815465577,16.417499999831797,16.414609471323487
NonlinearSolve-GaussNewton,true,true,16.41525280550386,33,0.000937524,true,0.22754287593714248,HS25NE,3,99,100.79990079360199,16.417499999831797,0.002247194327935631
NonlinearSolve-PolyAlg,true,true,1.8741887235921358e-19,315,0.008901667,true,3.5406625582978607e-9,HS25NE,3,99,51.56064389019451,16.417499999831797,16.417499999831797
TRLS,true,false,32.66617982074745,3,3.419e-5,true,1.967874603252826e-6,LEVYMONE9,8,16,0.036001886795816035,32.69306457882094,0.02688475807348567
LM-QR-scaled,true,false,32.66617982074745,3,3.541e-5,true,1.967874603252826e-6,LEVYMONE9,8,16,0.036001886795816035,32.69306457882094,0.02688475807348567
LM-QRChol,true,false,32.66617982074745,3,3.588e-5,true,1.967874603252826e-6,LEVYMONE9,8,16,0.036001886795816035,32.69306457882094,0.02688475807348567
LsqFit-LM,true,true,32.6661798207474,0,4.8179e-5,true,2.6538191102142825e-7,LEVYMONE9,8,16,0.03600193037201862,32.69306457882094,0.02688475807353541
JSO-TRON,false,false,Inf,0,Inf,false,Inf,LEVYMONE9,8,16,NaN,32.69306457882094,-Inf
Scipy-LeastSquares,true,true,32.66617982074748,4,0.00141631,true,2.4251510473811806e-6,LEVYMONE9,8,16,0.036001875091607675,32.69306457882094,0.02688475807345725
Scipy-LSMR,true,true,32.66617982074756,4,0.002921309,true,1.6850677361040948e-5,LEVYMONE9,8,16,0.036001874418041376,32.69306457882094,0.02688475807337909
PRIMA-BOBYQA,true,true,31.360557731079485,157,0.009258085000000001,true,2.5121879739306035e-6,LEVYMONE9,8,16,1.0319200913770163,32.69306457882094,1.3325068477414526
LSO-Levenberg-QR,true,true,32.66617982074748,4,4.063e-5,true,2.4655101891233813e-6,LEVYMONE9,8,16,0.03600187531327109,32.69306457882094,0.02688475807345725
NonlinearSolve-TrustRegion,true,true,32.6661798207474,35,0.00019463800000000002,true,1.4320278120930183e-7,LEVYMONE9,8,16,0.036001933498973786,32.69306457882094,0.02688475807353541
NonlinearSolve-LevenbergMarquardt,true,true,32.66617982074741,102,0.001950356,true,4.1717658988805687e-7,LEVYMONE9,8,16,0.03600192673208697,32.69306457882094,0.026884758073528303
NonlinearSolve-GaussNewton,true,true,32.6661798207474,35,0.0006199160000000001,true,1.4320278120930183e-7,LEVYMONE9,8,16,0.036001933498973786,32.69306457882094,0.02688475807353541
NonlinearSolve-PolyAlg,true,true,32.6661798207474,280,0.004740067000000001,true,1.4320278120930183e-7,LEVYMONE9,8,16,0.036001933498973786,32.69306457882094,0.02688475807353541
TRLS,true,false,4.917646547729685,4,2.6589000000000002e-5,true,1.4270649912532533e-6,LEVYMONE7,4,8,2.008822530083497,28.325158500922406,23.40751195319272
LM-QR-scaled,true,false,4.917646547729685,4,2.627e-5,true,1.4270649912532533e-6,LEVYMONE7,4,8,2.008822530083497,28.325158500922406,23.40751195319272
LM-QRChol,true,false,4.917646547729685,4,2.771e-5,true,1.4270649912532533e-6,LEVYMONE7,4,8,2.008822530083497,28.325158500922406,23.40751195319272
LsqFit-LM,true,true,4.917646547729624,0,3.2349000000000005e-5,true,2.3552814073525366e-7,LEVYMONE7,4,8,2.0088225299090148,28.325158500922406,23.40751195319278
JSO-TRON,false,false,Inf,0,Inf,false,Inf,LEVYMONE7,4,8,NaN,28.325158500922406,-Inf
Scipy-LeastSquares,true,true,4.9176465477296905,6,0.001914146,true,1.272381056482345e-6,LEVYMONE7,4,8,2.0088225500399384,28.325158500922406,23.407511953192717
Scipy-LSMR,true,true,4.917646547729688,6,0.004701877,true,1.2385123343119554e-6,LEVYMONE7,4,8,2.0088225493917897,28.325158500922406,23.407511953192717
PRIMA-BOBYQA,true,true,4.917646547729621,67,0.002181665,true,1.8565202223387742e-7,LEVYMONE7,4,8,2.0088225292056134,28.325158500922406,23.407511953192785
LSO-Levenberg-QR,true,true,4.917646547729619,5,3.2119e-5,true,6.892914972274181e-8,LEVYMONE7,4,8,2.008822531606124,28.325158500922406,23.407511953192788
NonlinearSolve-TrustRegion,true,true,4.917646547729619,37,0.000182809,true,4.7667758984955356e-11,LEVYMONE7,4,8,2.008822527772546,28.325158500922406,23.407511953192788
NonlinearSolve-LevenbergMarquardt,true,true,4.917646547729619,106,0.001084282,true,4.856423531799857e-12,LEVYMONE7,4,8,2.008822527774857,28.325158500922406,23.407511953192788
NonlinearSolve-GaussNewton,true,true,4.917646547729621,37,0.000367277,true,5.726634781018928e-14,LEVYMONE7,4,8,2.008822527774524,28.325158500922406,23.407511953192785
NonlinearSolve-PolyAlg,true,true,4.917646547729619,294,0.002749131,true,4.7667758984955356e-11,LEVYMONE7,4,8,2.008822527772546,28.325158500922406,23.407511953192788
TRLS,true,false,2.470614658994796,6,9.7379e-5,true,0.9094852359413671,HS2NE,2,2,0.9256349576531973,454.5,452.0293853410052
LM-QR-scaled,true,false,2.470614658994665,9,0.000134789,true,0.9094954116738141,HS2NE,2,2,0.9256349927200993,454.5,452.0293853410053
LM-QRChol,true,false,2.470614658994796,6,4.1150000000000004e-5,true,0.9094852359413671,HS2NE,2,2,0.9256349576531973,454.5,452.0293853410052
LsqFit-LM,false,false,Inf,0,Inf,false,Inf,HS2NE,2,2,NaN,454.5,-Inf
JSO-TRON,false,false,Inf,0,Inf,false,Inf,HS2NE,2,2,NaN,454.5,-Inf
Scipy-LeastSquares,false,false,Inf,0,Inf,false,Inf,HS2NE,2,2,NaN,454.5,-Inf
Scipy-LSMR,false,false,Inf,0,Inf,false,Inf,HS2NE,2,2,NaN,454.5,-Inf
PRIMA-BOBYQA,true,true,2.4706146589945925,32,0.000687626,true,0.9094916203434837,HS2NE,2,2,0.9256349796549528,454.5,452.0293853410054
LSO-Levenberg-QR,false,false,Inf,0,Inf,false,Inf,HS2NE,2,2,NaN,454.5,-Inf
NonlinearSolve-TrustRegion,true,true,2.470614658994592,37,0.000107489,true,0.9094914761080061,HS2NE,2,2,0.9256349791579025,454.5,452.0293853410054
NonlinearSolve-LevenbergMarquardt,true,false,2.470614658994592,450,0.0029587990000000002,true,0.9094916085802485,HS2NE,2,2,0.9256349796144154,454.5,452.0293853410054
NonlinearSolve-GaussNewton,true,true,0.025213093946803537,37,0.000210709,true,0.09162696387592373,HS2NE,2,2,3.2629077102036903,454.5,454.47478690605317
NonlinearSolve-PolyAlg,true,true,0.025213093946803537,672,0.004384589,true,0.09162696387592373,HS2NE,2,2,3.2629077102036903,454.5,454.47478690605317
TRLS,true,false,0.008554858513528515,26,0.000948453,true,3.6650886090444363e-8,PALMER2ANE,6,23,32.04790538974239,1814.8281030433127,1814.8195481847993
LM-QR-scaled,true,false,0.008554858513648001,30,0.000978233,true,1.01221277000523e-6,PALMER2ANE,6,23,32.04787585687272,1814.8281030433127,1814.819548184799
LM-QRChol,true,false,0.008554858513528519,26,0.000331878,true,3.665036223109395e-8,PALMER2ANE,6,23,32.04790538974273,1814.8281030433127,1814.8195481847993
LsqFit-LM,true,true,0.008554858513514322,0,0.000427997,true,8.35770295132309e-9,PALMER2ANE,6,23,32.04792030589476,1814.8281030433127,1814.8195481847993
JSO-TRON,false,false,Inf,0,Inf,false,Inf,PALMER2ANE,6,23,NaN,1814.8281030433127,-Inf
Scipy-LeastSquares,true,true,0.008554858513587891,53,0.02279855,true,4.858193117216096e-7,PALMER2ANE,6,23,32.047887265523684,1814.8281030433127,1814.819548184799
Scipy-LSMR,true,true,0.008556157686419158,539,0.596205116,true,7.745715466978108e-5,PALMER2ANE,6,23,31.914410260531707,1814.8281030433127,1814.8195468856263
PRIMA-BOBYQA,true,false,0.008618383758725052,2700,0.13013117700000001,true,0.010877256153679583,PALMER2ANE,6,23,31.51324094616653,1814.8281030433127,1814.819484659554
LSO-Levenberg-QR,true,true,0.008554858513581188,48,0.00045202700000000003,true,7.530804962432874e-7,PALMER2ANE,6,23,32.047949784135014,1814.8281030433127,1814.819548184799
NonlinearSolve-TrustRegion,true,true,0.008554858513513786,53,0.00033186800000000003,true,4.7737830010689496e-11,PALMER2ANE,6,23,32.047918773830595,1814.8281030433127,1814.8195481847993
NonlinearSolve-LevenbergMarquardt,true,true,0.008554858513513943,154,0.002465483,true,9.374696819191509e-11,PALMER2ANE,6,23,32.0479192476028,1814.8281030433127,1814.8195481847993
NonlinearSolve-GaussNewton,true,true,0.00855485851351431,67,0.000999963,true,3.1290483912972867e-12,PALMER2ANE,6,23,32.0479192476029,1814.8281030433127,1814.8195481847993
NonlinearSolve-PolyAlg,true,true,0.008554858513513699,476,0.006778393000000001,true,6.53872536421659e-13,PALMER2ANE,6,23,32.04791924760228,1814.8281030433127,1814.8195481847993
TRLS,true,true,0.0001119775251249222,29,0.0013080210000000001,true,1.5394008677695702e-9,PALMER6ENE,8,13,66.57223196148938,3226.230221343384,3226.230109365859
LM-QR-scaled,true,true,0.00011197752512853988,8,0.00024536800000000004,true,1.6674021958889805e-9,PALMER6ENE,8,13,66.572284052899,3226.230221343384,3226.230109365859
LM-QRChol,true,true,0.00011197752512493812,29,0.000437066,true,1.5393815507835075e-9,PALMER6ENE,8,13,66.57223196148941,3226.230221343384,3226.230109365859
LsqFit-LM,true,true,0.0001119775251266327,0,0.000655685,true,1.6027999150929768e-9,PALMER6ENE,8,13,66.57223095057341,3226.230221343384,3226.230109365859
JSO-TRON,false,false,Inf,0,Inf,false,Inf,PALMER6ENE,8,13,NaN,3226.230221343384,-Inf
Scipy-LeastSquares,true,true,0.00011197752512503027,29,0.011614229,true,1.5410052550664696e-9,PALMER6ENE,8,13,66.57223193556253,3226.230221343384,3226.230109365859
Scipy-LSMR,true,true,0.00011197850490886743,73,0.09510745300000001,true,6.580794960733842e-7,PALMER6ENE,8,13,66.56607807729678,3226.230221343384,3226.2301093648794
PRIMA-BOBYQA,true,false,0.01170393677885026,3600,0.199706729,true,0.007178965708399657,PALMER6ENE,8,13,25.43077540843858,3226.230221343384,3226.2185174066053
LSO-Levenberg-QR,true,true,0.00011197752510582772,54,0.0005599860000000001,true,3.1443874814513176e-10,PALMER6ENE,8,13,66.57225175489529,3226.230221343384,3226.230109365859
NonlinearSolve-TrustRegion,true,true,0.00011197752510492887,48,0.000383387,true,3.60686190772752e-12,PALMER6ENE,8,13,66.57225696859983,3226.230221343384,3226.230109365859
NonlinearSolve-LevenbergMarquardt,true,true,0.00011197752510494003,170,0.003148268,true,2.9644758171505666e-10,PALMER6ENE,8,13,66.57225693873447,3226.230221343384,3226.230109365859
NonlinearSolve-GaussNewton,true,false,3226.230221343384,1,7.755900000000001e-5,true,8288.716205651781,PALMER6ENE,8,13,0.0,3226.230221343384,0.0
NonlinearSolve-PolyAlg,true,true,0.00011197752510491779,587,0.014399259000000001,true,1.7035964763123442e-12,PALMER6ENE,8,13,66.5722569306816,3226.230221343384,3226.230109365859
TRLS,true,false,0.04494181668917576,44,0.001867537,true,5.151657532397184e-6,PALMER1ANE,6,35,105.92273166488164,24409.671168339813,24409.626226523123
LM-QR-scaled,true,false,0.044941816689078734,18,0.000706405,true,4.504196630634178e-6,PALMER1ANE,6,35,105.92273404022367,24409.671168339813,24409.626226523123
LM-QRChol,true,false,0.044941816689185794,44,0.000639755,true,5.151657885155383e-6,PALMER1ANE,6,35,105.92273166488361,24409.671168339813,24409.626226523123
LsqFit-LM,true,true,0.04494181668864247,0,0.001743958,true,1.135169954002283e-7,PALMER1ANE,6,35,105.92275503610992,24409.671168339813,24409.626226523123
JSO-TRON,false,false,Inf,0,Inf,false,Inf,PALMER1ANE,6,35,NaN,24409.671168339813,-Inf
Scipy-LeastSquares,true,true,0.04494181668931152,18,0.0069514320000000004,true,5.842371682290724e-6,PALMER1ANE,6,35,105.922729354515,24409.671168339813,24409.626226523123
Scipy-LSMR,true,true,0.04494308927903963,535,0.600147697,true,0.00017970797639363045,PALMER1ANE,6,35,105.8864324865697,24409.671168339813,24409.626225250533
PRIMA-BOBYQA,true,false,0.8551459887980113,2700,0.12962539,true,3.4297813749320514,PALMER1ANE,6,35,90.82627580602156,24409.671168339813,24408.816022351017
LSO-Levenberg-QR,true,true,0.04494181668863394,62,0.000681815,true,1.930083914601976e-7,PALMER1ANE,6,35,105.92275342491195,24409.671168339813,24409.626226523123
NonlinearSolve-TrustRegion,true,true,0.04494181668861396,93,0.0007046750000000001,true,6.309602494860008e-10,PALMER1ANE,6,35,105.92275418328668,24409.671168339813,24409.626226523123
NonlinearSolve-LevenbergMarquardt,true,true,0.04494181668862821,156,0.0028184100000000004,true,3.284900429729911e-8,PALMER1ANE,6,35,105.92275457225335,24409.671168339813,24409.626226523123
NonlinearSolve-GaussNewton,true,true,27.113852932157727,34,0.000839174,true,334629.42321632325,PALMER1ANE,6,35,158.6238385439227,24409.671168339813,24382.557315407656
NonlinearSolve-PolyAlg,true,true,0.04494181668861396,492,0.007387118000000001,true,6.309602494860008e-10,PALMER1ANE,6,35,105.92275418328668,24409.671168339813,24409.626226523123
TRLS,true,false,1.9848326736340528e-9,5,0.033259436,true,0.02130037162564736,SPECANNE,9,15000,6.949101356532692,265446.63211631606,265446.6321163141
LM-QR-scaled,true,false,1.9848330549130936e-9,5,0.032336573,true,0.02130037367722964,SPECANNE,9,15000,6.949101356532749,265446.63211631606,265446.6321163141
LM-QRChol,true,false,1.9848326736340528e-9,5,0.020183079,true,0.02130037162564736,SPECANNE,9,15000,6.949101356532692,265446.63211631606,265446.6321163141
LsqFit-LM,true,true,3.296950117335523e-17,0,0.036193076000000005,true,3.243388483779509e-11,SPECANNE,9,15000,6.949100661273471,265446.63211631606,265446.63211631606
JSO-TRON,false,false,Inf,0,Inf,false,Inf,SPECANNE,9,15000,NaN,265446.63211631606,-Inf
Scipy-LeastSquares,true,true,3.2969625181745574e-17,9,0.052388723000000005,true,4.592281133061588e-10,SPECANNE,9,15000,6.949100661273253,265446.63211631606,265446.63211631606
Scipy-LSMR,true,true,3.298553052652322e-17,9,0.073397865,true,5.346819329208287e-9,SPECANNE,9,15000,6.949100661270152,265446.63211631606,265446.63211631606
PRIMA-BOBYQA,true,true,8.858854592789869e-13,1011,1.284320425,true,5.769182700180497e-5,SPECANNE,9,15000,6.949100675982342,265446.63211631606,265446.63211631606
LSO-Levenberg-QR,true,true,3.2969500970599e-17,8,0.026995230000000002,true,3.238904853030054e-11,SPECANNE,9,15000,6.94910066127347,265446.63211631606,265446.63211631606
NonlinearSolve-TrustRegion,true,true,3.29694975505253e-17,9,0.253695659,true,1.4930504857616672e-10,SPECANNE,9,15000,6.94910066127345,265446.63211631606,265446.63211631606
NonlinearSolve-LevenbergMarquardt,true,true,3.944813574397128e-17,10,0.050028009000000005,true,9.89708255327052e-8,SPECANNE,9,15000,6.949100661224753,265446.63211631606,265446.63211631606
NonlinearSolve-GaussNewton,true,true,3325.3699533475906,48,0.21236585900000002,true,3296.4151872038533,SPECANNE,9,15000,10.475923210260666,265446.63211631606,262121.26216296846
NonlinearSolve-PolyAlg,true,true,3.2969517905645186e-17,59,0.25636220000000004,true,1.9800847882105018e-10,SPECANNE,9,15000,6.949100661273386,265446.63211631606,265446.63211631606
TRLS,true,false,0.004876247951203863,249,0.017421577,true,1.0178583877258113e-5,PALMER5BNE,9,12,391.2959322329598,59900.53806574579,59900.533189497844
LM-QR-scaled,true,false,0.007628888389707089,450,0.033557124,true,1.3830153128483107,PALMER5BNE,9,12,240.32193539192056,59900.53806574579,59900.53043685741
LM-QRChol,true,false,0.0048762479511852705,249,0.004125661,true,1.0180539318432353e-5,PALMER5BNE,9,12,391.2959319253614,59900.53806574579,59900.533189497844
LsqFit-LM,true,false,0.041280049582792695,0,0.003108408,true,0.20454930657871537,PALMER5BNE,9,12,83.07640040027987,59900.53806574579,59900.49678569621
JSO-TRON,false,false,Inf,0,Inf,false,Inf,PALMER5BNE,9,12,NaN,59900.53806574579,-Inf
Scipy-LeastSquares,true,true,0.004876247952754716,163,0.07604448600000001,true,1.1740194075616337e-5,PALMER5BNE,9,12,391.295724793341,59900.53806574579,59900.533189497844
Scipy-LSMR,true,false,0.008582126096538105,973,1.0976562440000002,true,0.00010436984856231506,PALMER5BNE,9,12,163.56225310260353,59900.53806574579,59900.5294836197
PRIMA-BOBYQA,true,false,13.661142220822153,4050,0.27247218700000003,true,12.84068757673608,PALMER5BNE,9,12,31.52025969088039,59900.53806574579,59886.87692352497
LSO-Levenberg-QR,true,false,0.007999090638458866,450,0.005034045,true,1.2907142539058065,PALMER5BNE,9,12,516.1180273349366,59900.53806574579,59900.530066655156
NonlinearSolve-TrustRegion,true,false,0.006272263622283772,450,0.00425106,true,0.2998370955877774,PALMER5BNE,9,12,304.7787224270113,59900.53806574579,59900.53179348217
NonlinearSolve-LevenbergMarquardt,true,true,0.0048762479404317,251,0.007960874,true,1.8457191437297222e-8,PALMER5BNE,9,12,391.2989095623429,59900.53806574579,59900.53318949785
NonlinearSolve-GaussNewton,true,true,0.1234926794542176,34,0.0012164510000000001,true,39921.456405171724,PALMER5BNE,9,12,382.237983351977,59900.53806574579,59900.41457306634
NonlinearSolve-PolyAlg,true,true,0.0048762479404238146,1277,0.021541728000000003,true,1.5114124787956176e-8,PALMER5BNE,9,12,391.298935865123,59900.53806574579,59900.53318949785
TRLS,true,false,3.834909573102385e-9,225,0.004618537000000001,true,0.020029006857703254,PFIT4,3,3,4.358224158825748,56967.214046924884,56967.21404692105
LM-QR-scaled,true,false,8.044134153270307e-15,11,0.00022014900000000002,true,5.0462426118728464e-5,PFIT4,3,3,4.35889897043873,56967.214046924884,56967.214046924884
LM-QRChol,true,false,3.834909852418301e-9,225,0.001628448,true,0.020029006859397812,PFIT4,3,3,4.358224158789152,56967.214046924884,56967.21404692105
LsqFit-LM,true,false,0.0005495038051202758,0,0.0013505400000000001,true,0.19422752328829293,PFIT4,3,3,4.1472490421809365,56967.214046924884,56967.21349742108
JSO-TRON,false,false,Inf,0,Inf,false,Inf,PFIT4,3,3,NaN,56967.214046924884,-Inf
Scipy-LeastSquares,true,true,5.029777131689171e-27,131,0.049173544000000007,true,3.9399911926722017e-11,PFIT4,3,3,4.358898973139163,56967.214046924884,56967.214046924884
Scipy-LSMR,true,true,7.591751325852202e-24,180,0.185807265,true,2.351091378389006e-11,PFIT4,3,3,4.358898973102448,56967.214046924884,56967.214046924884
PRIMA-BOBYQA,true,false,8.063770687464155e-5,1350,0.038646369,true,0.5971184308829638,PFIT4,3,3,4.493881989148274,56967.214046924884,56967.21396628718
LSO-Levenberg-QR,true,true,5.1851386524146314e-24,296,0.001353421,true,6.7933799519942624e-12,PFIT4,3,3,4.358898973108831,56967.214046924884,56967.214046924884
NonlinearSolve-TrustRegion,true,true,1.7666189816790254e-23,115,0.000392697,true,2.3616422113875825e-9,PFIT4,3,3,4.358898973138975,56967.214046924884,56967.214046924884
NonlinearSolve-LevenbergMarquardt,true,true,2.617354337396987e-19,31,0.00046233600000000004,true,3.826600889612366e-9,PFIT4,3,3,4.358898966323498,56967.214046924884,56967.214046924884
NonlinearSolve-GaussNewton,true,false,211.5644243695357,13,9.8349e-5,true,52.52584002969885,PFIT4,3,3,352.73578941802856,56967.214046924884,56755.64962255535
NonlinearSolve-PolyAlg,true,true,1.3242718185349238e-18,36,0.000397407,true,3.455911656045186e-7,PFIT4,3,3,4.3588989601687675,56967.214046924884,56967.214046924884
TRLS,true,true,7.400211476126446e-5,38,0.00293251,true,5.155380176151094e-10,PALMER4ENE,8,23,56.39612771857317,42967.13901706669,42967.13894306458
LM-QR-scaled,true,true,7.400211476112587e-5,7,0.000370978,true,4.13661776951725e-10,PALMER4ENE,8,23,56.39612807912218,42967.13901706669,42967.13894306458
LM-QRChol,true,true,7.400211476125924e-5,38,0.000659326,true,5.154951452997686e-10,PALMER4ENE,8,23,56.39612771857256,42967.13901706669,42967.13894306458
LsqFit-LM,true,true,7.400211476165766e-5,0,0.000856974,true,7.204623975156556e-10,PALMER4ENE,8,23,56.39612700198494,42967.13901706669,42967.13894306458
JSO-TRON,false,false,Inf,0,Inf,false,Inf,PALMER4ENE,8,23,NaN,42967.13901706669,-Inf
Scipy-LeastSquares,true,true,7.400211476098334e-5,14,0.005384933000000001,true,2.284024448610653e-10,PALMER4ENE,8,23,56.396130340510254,42967.13901706669,42967.13894306458
Scipy-LSMR,true,false,7.403343603656355e-5,997,0.962983549,true,8.973066120453327e-6,PALMER4ENE,8,23,56.37791215465975,42967.13901706669,42967.13894303326
PRIMA-BOBYQA,true,false,0.03385021833938099,3600,0.187884451,true,0.007842645859796502,PALMER4ENE,8,23,15.168664761170302,42967.13901706669,42967.105166848356
LSO-Levenberg-QR,true,true,7.40021147610398e-5,42,0.000539656,true,3.176227783983678e-10,PALMER4ENE,8,23,56.39612834763183,42967.13901706669,42967.13894306458
NonlinearSolve-TrustRegion,true,true,7.400211476083068e-5,58,0.000510427,true,2.9801535929952295e-11,PALMER4ENE,8,23,56.396129464456926,42967.13901706669,42967.13894306458
NonlinearSolve-LevenbergMarquardt,true,true,7.400211476083494e-5,181,0.005628481,true,1.0780388184188096e-10,PALMER4ENE,8,23,56.39612953168112,42967.13901706669,42967.13894306458
NonlinearSolve-GaussNewton,true,false,42967.13901706669,1,8.9139e-5,true,82261.98540034372,PALMER4ENE,8,23,0.0,42967.13901706669,0.0
NonlinearSolve-PolyAlg,true,true,7.400211476083068e-5,410,0.012511182000000001,true,2.9801535929952295e-11,PALMER4ENE,8,23,56.396129464456926,42967.13901706669,42967.13894306458
TRLS,true,false,5.373876254011094e-9,172,0.003503106,true,0.003952119495013361,PFIT3,3,3,3.7413901677305095,19867.03977614837,19867.039776142996
LM-QR-scaled,true,false,1.864247432097145e-14,9,0.000137879,true,4.803463162104184e-5,PFIT3,3,3,3.741657380565398,19867.03977614837,19867.03977614837
LM-QRChol,true,false,5.373876078413464e-9,172,0.0012765110000000001,true,0.003952119483641881,PFIT3,3,3,3.7413901677349517,19867.03977614837,19867.039776142996
LsqFit-LM,true,false,4.022444045526456e-5,0,0.001338,true,0.022557347893245573,PFIT3,3,3,3.730065834190299,19867.03977614837,19867.03973592393
JSO-TRON,false,false,Inf,0,Inf,false,Inf,PFIT3,3,3,NaN,19867.03977614837,-Inf
Scipy-LeastSquares,true,true,3.551550402918148e-27,126,0.047654165000000005,true,2.0952920865931903e-11,PFIT3,3,3,3.7416573779289872,19867.03977614837,19867.03977614837
Scipy-LSMR,true,true,6.006865708192654e-15,106,0.10340407400000001,true,4.4297821794918e-9,PFIT3,3,3,3.741657090342323,19867.03977614837,19867.03977614837
PRIMA-BOBYQA,true,false,0.00011842206300688064,1350,0.038299372000000005,true,0.02681733822627389,PFIT3,3,3,3.735822057228415,19867.03977614837,19867.039657726305
LSO-Levenberg-QR,true,true,2.3140169692436333e-25,235,0.001081422,true,1.0067541802051896e-11,PFIT3,3,3,3.7416573779272064,19867.03977614837,19867.03977614837
NonlinearSolve-TrustRegion,true,true,6.878867093527223e-28,143,0.000444007,true,9.180552398496147e-12,PFIT3,3,3,3.741657377928986,19867.03977614837,19867.03977614837
NonlinearSolve-LevenbergMarquardt,true,true,6.217619779126012e-22,29,0.00044248700000000003,true,2.073060457185196e-9,PFIT3,3,3,3.741657377838754,19867.03977614837,19867.03977614837
NonlinearSolve-GaussNewton,true,false,113.88996970814131,11,9.5319e-5,true,17.884486281394707,PFIT3,3,3,447.1104991181124,19867.03977614837,19753.14980644023
NonlinearSolve-PolyAlg,true,true,7.163564185529959e-18,33,0.000387047,true,6.453061966735329e-7,PFIT3,3,3,3.741657370679251,19867.03977614837,19867.03977614837
TRLS,true,false,3.417569301176046,14,0.000340918,true,0.0005816987357534628,PALMER4BNE,4,23,15.186043867366676,5975.556031760817,5972.138462459641
LM-QR-scaled,true,false,3.4175693011353503,20,0.0006536150000000001,true,0.0005097928120027319,PALMER4BNE,4,23,15.1860296637176,5975.556031760817,5972.138462459681
LM-QRChol,true,false,3.417569301176046,14,0.00015634900000000002,true,0.0005816987357534628,PALMER4BNE,4,23,15.186043867366676,5975.556031760817,5972.138462459641
LsqFit-LM,true,true,3.417569301015313,0,0.000141469,true,0.00016772553167122655,PALMER4BNE,4,23,15.186034114280707,5975.556031760817,5972.138462459801
JSO-TRON,false,false,Inf,0,Inf,false,Inf,PALMER4BNE,4,23,NaN,5975.556031760817,-Inf
Scipy-LeastSquares,true,true,3.417569302097509,12,0.004046981,true,0.0014546294991741088,PALMER4BNE,4,23,15.186055232094715,5975.556031760817,5972.138462458719
Scipy-LSMR,true,true,3.417569303740035,12,0.011572168,true,0.0005340727232440475,PALMER4BNE,4,23,15.185985526527745,5975.556031760817,5972.138462457077
PRIMA-BOBYQA,true,true,3.4175693010007318,749,0.026855271,true,6.283741181001651e-6,PALMER4BNE,4,23,15.186036465992554,5975.556031760817,5972.138462459816
LSO-Levenberg-QR,true,true,3.4175693011348716,17,0.000132449,true,0.0005088552707306086,PALMER4BNE,4,23,15.1860429186145,5975.556031760817,5972.138462459682
NonlinearSolve-TrustRegion,true,true,3.417569301000703,47,0.000226698,true,7.483971803265019e-8,PALMER4BNE,4,23,15.186036293768868,5975.556031760817,5972.138462459816
NonlinearSolve-LevenbergMarquardt,true,true,3.417569301000709,132,0.0022112150000000003,true,4.2218707476021695e-9,PALMER4BNE,4,23,15.186036296835347,5975.556031760817,5972.138462459816
NonlinearSolve-GaussNewton,true,false,260.85657234532084,2,8.986000000000001e-5,true,1.2455815527112212e6,PALMER4BNE,4,23,9.853912796265595,5975.556031760817,5714.699459415496
NonlinearSolve-PolyAlg,true,true,3.417569301000698,724,0.030933773,true,1.5903793002145353e-10,PALMER4BNE,4,23,15.186036296783321,5975.556031760817,5972.138462459816
TRLS,true,false,1132.9791164821895,21,0.000970013,true,34.47524029017966,PALMER3NE,4,23,49.56020694328061,7038.92616603605,5905.947049553861
LM-QR-scaled,true,false,1132.979109783332,26,0.001154042,true,0.18637108682725403,PALMER3NE,4,23,16.972118636280307,7038.92616603605,5905.947056252718
LM-QRChol,true,false,1132.979116482192,21,0.000320398,true,34.47525986056331,PALMER3NE,4,23,49.56020700722851,7038.92616603605,5905.947049553858
LsqFit-LM,true,false,1208.7822800490844,0,0.002601102,true,5.264401823488447,PALMER3NE,4,23,805.0371063648279,7038.92616603605,5830.143885986965
JSO-TRON,false,false,Inf,0,Inf,false,Inf,PALMER3NE,4,23,NaN,7038.92616603605,-Inf
Scipy-LeastSquares,true,true,1132.9791141429005,22,0.013454835,true,0.19534244601915624,PALMER3NE,4,23,16.393999837708925,7038.92616603605,5905.947051893149
Scipy-LSMR,true,true,1132.9791316966384,30,0.029361594,true,1.33247628207839,PALMER3NE,4,23,46.86415175592938,7038.92616603605,5905.947034339411
PRIMA-BOBYQA,true,true,1132.979109131615,671,0.023324926000000003,true,0.002778410585918358,PALMER3NE,4,23,16.91408290287494,7038.92616603605,5905.947056904435
LSO-Levenberg-QR,true,false,1208.5145699576406,450,0.00288249,true,3.886323287912723,PALMER3NE,4,23,265.1238292559802,7038.92616603605,5830.411596078409
NonlinearSolve-TrustRegion,true,true,1132.9791091315315,69,0.000447957,true,3.132715535213301e-6,PALMER3NE,4,23,16.371647473637996,7038.92616603605,5905.947056904519
NonlinearSolve-LevenbergMarquardt,true,true,1208.4901604145696,273,0.004645497,true,4.128567257231352e-11,PALMER3NE,4,23,1.2576591425091995e12,7038.92616603605,5830.43600562148
NonlinearSolve-GaussNewton,true,false,3955.217379899656,2,0.00010131900000000001,true,1.2575046569691496e6,PALMER3NE,4,23,27.618084752659957,7038.92616603605,3083.708786136394
NonlinearSolve-PolyAlg,true,true,1132.9791091315315,566,0.008641859,true,3.132715535213301e-6,PALMER3NE,4,23,16.371647473637996,7038.92616603605,5905.947056904519
TRLS,true,false,9.771854398038338,4,1.8650000000000003e-5,true,1.3043643354917993e-5,LEVYMONE5,2,4,1.4849133596945086,33.83119879783449,24.059344399796153
LM-QR-scaled,true,false,9.771854398038338,4,1.8840000000000003e-5,true,1.3043643354917993e-5,LEVYMONE5,2,4,1.4849133596945086,33.83119879783449,24.059344399796153
LM-QRChol,true,false,9.771854398038338,4,2.014e-5,true,1.3043643354917993e-5,LEVYMONE5,2,4,1.4849133596945086,33.83119879783449,24.059344399796153
LsqFit-LM,true,true,9.771854398032046,0,2.7539000000000002e-5,true,1.92341337838912e-6,LEVYMONE5,2,4,1.4849140969143837,33.83119879783449,24.05934439980244
JSO-TRON,false,false,Inf,0,Inf,false,Inf,LEVYMONE5,2,4,NaN,33.83119879783449,-Inf
Scipy-LeastSquares,true,true,9.771854398036181,6,0.0018707270000000002,true,1.1997042441600773e-5,LEVYMONE5,2,4,1.484914473610343,33.83119879783449,24.059344399798306
Scipy-LSMR,true,true,9.771854398036181,6,0.00421888,true,1.1997042441600773e-5,LEVYMONE5,2,4,1.484914473610343,33.83119879783449,24.059344399798306
PRIMA-BOBYQA,true,true,9.771854398031937,36,0.000842044,true,1.1508418206035979e-7,LEVYMONE5,2,4,1.4849140242415055,33.83119879783449,24.05934439980255
LSO-Levenberg-QR,true,true,9.771854398031955,5,1.9960000000000002e-5,true,7.451430304921132e-7,LEVYMONE5,2,4,1.4849140569393153,33.83119879783449,24.059344399802534
NonlinearSolve-TrustRegion,true,true,9.771854398031941,37,0.00010326000000000001,true,4.776981180395654e-7,LEVYMONE5,2,4,1.4849140357642594,33.83119879783449,24.059344399802548
NonlinearSolve-LevenbergMarquardt,true,true,9.771854398031937,107,0.0010145730000000002,true,7.346186088295328e-8,LEVYMONE5,2,4,1.4849140308519913,33.83119879783449,24.05934439980255
NonlinearSolve-GaussNewton,true,true,9.771854398031941,38,0.000316168,true,4.776981180395654e-7,LEVYMONE5,2,4,1.4849140357642594,33.83119879783449,24.059344399802548
NonlinearSolve-PolyAlg,true,true,9.771854398031936,297,0.002336414,true,1.017353101084216e-8,LEVYMONE5,2,4,1.4849140284859148,33.83119879783449,24.059344399802555
TRLS,true,false,5877.301299446636,30,0.000968573,true,10.106538578483347,PALMER1NE,4,31,11.11073350723804,31325.05784239022,25447.75654294358
LM-QR-scaled,true,false,5877.301285016884,26,0.0008032740000000001,true,2.294909367358528,PALMER1NE,4,31,14.882623863909933,31325.05784239022,25447.756557373334
LM-QRChol,true,false,5877.301299446637,30,0.000425877,true,10.10653857851609,PALMER1NE,4,31,11.11073350723804,31325.05784239022,25447.75654294358
LsqFit-LM,true,false,5877.301272680979,0,0.0017872970000000002,true,0.002068847575937698,PALMER1NE,4,31,11.311544974299988,31325.05784239022,25447.75656970924
JSO-TRON,false,false,Inf,0,Inf,false,Inf,PALMER1NE,4,31,NaN,31325.05784239022,-Inf
Scipy-LeastSquares,true,true,5877.30128377078,17,0.0055656510000000005,true,2.311428767062714,PALMER1NE,4,31,14.394550414515777,31325.05784239022,25447.75655861944
Scipy-LSMR,true,true,5877.301274796666,17,0.014559487000000001,true,0.7983041162290172,PALMER1NE,4,31,14.603816029939656,31325.05784239022,25447.756567593555
PRIMA-BOBYQA,true,true,5877.301272680992,495,0.017416048,true,0.00036059073831397624,PALMER1NE,4,31,11.2106921446398,31325.05784239022,25447.75656970923
LSO-Levenberg-QR,true,true,5877.3012827478215,18,0.00014738900000000002,true,6.287061284991952,PALMER1NE,4,31,11.108469420536823,31325.05784239022,25447.756559642396
NonlinearSolve-TrustRegion,true,true,5877.301272680979,72,0.000416137,true,0.21137163699232395,PALMER1NE,4,31,533.2725968684598,31325.05784239022,25447.75656970924
NonlinearSolve-LevenbergMarquardt,true,false,5877.301272680978,450,0.009331334,true,5.2139163017273274e-5,PALMER1NE,4,31,1.4016444493013641e6,31325.05784239022,25447.75656970924
NonlinearSolve-GaussNewton,true,false,30303.25033351388,2,0.000104739,true,1.2360155948647814e7,PALMER1NE,4,31,26.37740054768265,31325.05784239022,1021.8075088763399
NonlinearSolve-PolyAlg,true,true,5877.301272680979,603,0.012090125,true,0.21137163699232395,PALMER1NE,4,31,533.2725968684598,31325.05784239022,25447.75656970924
TRLS,true,false,0.02030306969022961,19,0.0010183030000000001,true,4.0679404310231815e-7,PALMER4ANE,6,23,20.251197624772853,2392.3546354605323,2392.334332390842
LM-QR-scaled,true,false,0.020303069692167598,26,0.001352281,true,8.94055887845325e-7,PALMER4ANE,6,23,20.2511485161324,2392.3546354605323,2392.3343323908402
LM-QRChol,true,false,0.02030306969022827,19,0.000280788,true,4.067949116913055e-7,PALMER4ANE,6,23,20.25119762477288,2392.3546354605323,2392.334332390842
LsqFit-LM,true,true,0.02030306969008172,0,0.000667106,true,2.9437893227049942e-8,PALMER4ANE,6,23,20.251216246602308,2392.3546354605323,2392.334332390842
JSO-TRON,false,false,Inf,0,Inf,false,Inf,PALMER4ANE,6,23,NaN,2392.3546354605323,-Inf
Scipy-LeastSquares,true,true,0.020303069690224527,32,0.012606231,true,4.03725505186991e-7,PALMER4ANE,6,23,20.251197929280647,2392.3546354605323,2392.334332390842
Scipy-LSMR,true,true,0.020303502635608497,142,0.157163396,true,5.452486419589489e-5,PALMER4ANE,6,23,20.221145566970876,2392.3546354605323,2392.3343319578967
PRIMA-BOBYQA,true,false,0.021420342959608787,2700,0.128324389,true,0.0778912397518388,PALMER4ANE,6,23,19.128557685071403,2392.3546354605323,2392.3332151175728
LSO-Levenberg-QR,true,true,0.020303069690328645,37,0.000355358,true,1.1629378523441457e-6,PALMER4ANE,6,23,20.251238406085704,2392.3546354605323,2392.334332390842
NonlinearSolve-TrustRegion,true,true,0.02030306969008076,44,0.000340988,true,3.46602182486283e-10,PALMER4ANE,6,23,20.251215038810926,2392.3546354605323,2392.334332390842
NonlinearSolve-LevenbergMarquardt,true,true,0.02030306969008086,152,0.003597555,true,1.3290799895994634e-10,PALMER4ANE,6,23,20.25121543589291,2392.3546354605323,2392.334332390842
NonlinearSolve-GaussNewton,true,true,2.6585240019859113,34,0.0009575330000000001,true,57848.582241887205,PALMER4ANE,6,23,39.44862928480781,2392.3546354605323,2389.6961114585465
NonlinearSolve-PolyAlg,true,true,0.020303069690080562,386,0.007779266000000001,true,5.90059489292613e-13,PALMER4ANE,6,23,20.25121543588685,2392.3546354605323,2392.334332390842
TRLS,true,false,0.037004848976692754,10,0.000339878,true,3.7894529663614994e-6,PALMER8ANE,6,12,15.312581088629935,5060.257153265494,5060.220148416517
LM-QR-scaled,true,false,0.037004848976272854,26,0.00134004,true,3.063900228800366e-6,PALMER8ANE,6,12,15.312583652119656,5060.257153265494,5060.220148416517
LM-QRChol,true,false,0.03700484897669232,10,0.00012186900000000001,true,3.789453031400893e-6,PALMER8ANE,6,12,15.312581088629974,5060.257153265494,5060.220148416517
LsqFit-LM,true,true,0.03700484897556212,0,0.000347838,true,6.450184472286613e-7,PALMER8ANE,6,12,15.3125917511224,5060.257153265494,5060.220148416518
JSO-TRON,false,false,Inf,0,Inf,false,Inf,PALMER8ANE,6,12,NaN,5060.257153265494,-Inf
Scipy-LeastSquares,true,true,0.037004848978297984,23,0.008970407000000001,true,5.650115183267127e-6,PALMER8ANE,6,12,15.312574175328093,5060.257153265494,5060.220148416515
Scipy-LSMR,true,true,0.03700486703142411,23,0.025927078000000003,true,6.26013849099749e-6,PALMER8ANE,6,12,15.311103006939113,5060.257153265494,5060.220148398463
PRIMA-BOBYQA,true,false,0.21851445797065486,2700,0.129634249,true,1.0938162658442008,PALMER8ANE,6,12,19.64748728356808,5060.257153265494,5060.038638807523
LSO-Levenberg-QR,true,true,0.03700484897618929,39,0.00030223800000000003,true,3.150521551801487e-6,PALMER8ANE,6,12,15.312603383065508,5060.257153265494,5060.220148416518
NonlinearSolve-TrustRegion,true,true,0.037004848975531295,53,0.000342348,true,1.974647074321466e-9,PALMER8ANE,6,12,15.312593706700623,5060.257153265494,5060.220148416518
NonlinearSolve-LevenbergMarquardt,true,true,0.037004848975530455,170,0.0036874440000000002,true,2.36607971190877e-11,PALMER8ANE,6,12,15.312593808252187,5060.257153265494,5060.220148416518
NonlinearSolve-GaussNewton,true,true,2.3208831762725417,34,0.0008807340000000001,true,120038.4880575647,PALMER8ANE,6,12,30.938570383002244,5060.257153265494,5057.936270089222
NonlinearSolve-PolyAlg,true,true,0.037004848975530455,407,0.008265432000000001,true,2.36607971190877e-11,PALMER8ANE,6,12,15.312593808252187,5060.257153265494,5060.220148416518
TRLS,true,true,0.0,17,0.000269219,true,0.0,HS1NE,2,2,3.0,454.5,454.5
LM-QR-scaled,true,true,1.996804166340686e-30,3,2.714e-5,true,1.9984014443252818e-15,HS1NE,2,2,2.9999999999999982,454.5,454.5
LM-QRChol,true,true,0.0,17,0.00011282000000000001,true,0.0,HS1NE,2,2,3.0,454.5,454.5
LsqFit-LM,true,true,6.936436991424846e-25,0,0.00010932900000000001,true,6.23091592813431e-13,HS1NE,2,2,2.9999999999988227,454.5,454.5
JSO-TRON,false,false,Inf,0,Inf,false,Inf,HS1NE,2,2,NaN,454.5,-Inf
Scipy-LeastSquares,true,true,0.0,18,0.007001680000000001,true,0.0,HS1NE,2,2,3.0,454.5,454.5
Scipy-LSMR,true,true,0.0,18,0.015878318000000002,true,0.0,HS1NE,2,2,3.0,454.5,454.5
PRIMA-BOBYQA,true,true,8.146284126677555e-22,160,0.0034415960000000003,true,2.743208971176955e-10,HS1NE,2,2,2.9999999999620544,454.5,454.5
LSO-Levenberg-QR,true,true,5.9726941962157045e-24,36,4.103633333333334e-5,true,1.9285358204609867e-12,HS1NE,2,2,2.999999999996545,454.5,454.5
NonlinearSolve-TrustRegion,true,true,3.944304526105059e-29,8,7.170000000000001e-5,true,1.9860273225978184e-13,HS1NE,2,2,3.0,454.5,454.5
NonlinearSolve-LevenbergMarquardt,true,true,3.8758675098863307e-22,19,0.000253919,true,1.680707887960385e-11,HS1NE,2,2,2.9999999999721645,454.5,454.5
NonlinearSolve-GaussNewton,true,true,4.3849844756210565e-18,38,0.000106699,true,6.62192153050839e-8,HS1NE,2,2,3.0,454.5,454.5
NonlinearSolve-PolyAlg,true,true,4.3849844756210565e-18,38,0.00011447900000000001,true,6.62192153050839e-8,HS1NE,2,2,3.0,454.5,454.5
TRLS,true,false,54.57080923966209,3,2.3869e-5,true,8.742372201798165e-5,LEVYMONE8,5,10,0.058240061313009885,54.67760838239034,0.10679914272824931
LM-QR-scaled,true,false,54.57080923966209,3,2.4270000000000003e-5,true,8.742372201798165e-5,LEVYMONE8,5,10,0.058240061313009885,54.67760838239034,0.10679914272824931
LM-QRChol,true,false,54.57080923966209,3,2.5690000000000003e-5,true,8.742372201798165e-5,LEVYMONE8,5,10,0.058240061313009885,54.67760838239034,0.10679914272824931
LsqFit-LM,true,true,54.57080923959798,0,4.5820000000000005e-5,true,3.3551796388352625e-7,LEVYMONE8,5,10,0.05824153776254065,54.67760838239034,0.10679914279236158
JSO-TRON,false,false,Inf,0,Inf,false,Inf,LEVYMONE8,5,10,NaN,54.67760838239034,-Inf
Scipy-LeastSquares,true,true,54.570809239681594,4,0.0013422710000000001,true,9.983897626774967e-5,LEVYMONE8,5,10,0.05823985082939635,54.67760838239034,0.10679914270874491
Scipy-LSMR,true,true,54.57080923968304,4,0.002873329,true,0.0001348974424858027,LEVYMONE8,5,10,0.058239850311265294,54.67760838239034,0.10679914270730251
PRIMA-BOBYQA,true,true,51.23659181563354,100,0.003745154,true,2.227450356533397e-6,LEVYMONE8,5,10,1.0515011350629693,54.67760838239034,3.441016566756801
LSO-Levenberg-QR,true,true,54.570809239612345,4,2.973e-5,true,4.144746415392454e-5,LEVYMONE8,5,10,0.058240841741835796,54.67760838239034,0.1067991427779944
NonlinearSolve-TrustRegion,true,true,54.57080923959796,37,0.00022309800000000002,true,4.3723628813135095e-8,LEVYMONE8,5,10,0.058241542707129036,54.67760838239034,0.10679914279237579
NonlinearSolve-LevenbergMarquardt,true,true,54.57080923959798,105,0.0020318650000000003,true,1.6493954974318204e-9,LEVYMONE8,5,10,0.05824154344571365,54.67760838239034,0.10679914279236158
NonlinearSolve-GaussNewton,true,true,54.57080923959798,37,0.000651105,true,4.396680592467471e-8,LEVYMONE8,5,10,0.058241542705382426,54.67760838239034,0.10679914279236158
NonlinearSolve-PolyAlg,true,true,54.57080923959796,292,0.004660747000000001,true,4.3723628813135095e-8,LEVYMONE8,5,10,0.058241542707129036,54.67760838239034,0.10679914279237579
TRLS,true,true,2.5370416598946254e-5,19,0.00140492,true,2.1309781788069875e-10,PALMER3ENE,8,23,55.21833561232587,44466.28405281415,44466.28402744373
LM-QR-scaled,true,true,2.5370416605857528e-5,10,0.000509847,true,1.579474800082422e-9,PALMER3ENE,8,23,55.21834550585108,44466.28405281415,44466.28402744373
LM-QRChol,true,true,2.53704165989453e-5,19,0.000350448,true,2.1339288730772105e-10,PALMER3ENE,8,23,55.21833561232594,44466.28405281415,44466.28402744373
LsqFit-LM,true,true,2.5370416599558608e-5,0,0.001568809,true,4.55459117093559e-10,PALMER3ENE,8,23,55.21833412497251,44466.28405281415,44466.28402744373
JSO-TRON,false,false,Inf,0,Inf,false,Inf,PALMER3ENE,8,23,NaN,44466.28405281415,-Inf
Scipy-LeastSquares,true,true,2.5370416598817885e-5,18,0.007872115,true,1.6677382374251206e-10,PALMER3ENE,8,23,55.218335904728,44466.28405281415,44466.28402744373
Scipy-LSMR,true,false,2.5384626683073114e-5,990,0.898885327,true,2.626590249747055e-6,PALMER3ENE,8,23,55.20597783806821,44466.28405281415,44466.28402742952
PRIMA-BOBYQA,true,false,0.014857570506090281,3600,0.188920693,true,0.00047521440197690126,PALMER3ENE,8,23,14.397337826520602,44466.28405281415,44466.26919524365
LSO-Levenberg-QR,true,true,2.537041659873948e-5,52,0.0006686960000000001,true,3.802394794667005e-11,PALMER3ENE,8,23,55.21833671513385,44466.28405281415,44466.28402744373
NonlinearSolve-TrustRegion,true,true,2.5370416598717243e-5,61,0.000640485,true,2.778187384179272e-11,PALMER3ENE,8,23,55.21833696613449,44466.28405281415,44466.28402744373
NonlinearSolve-LevenbergMarquardt,true,true,2.537041659874469e-5,166,0.005079664,true,6.599642592009449e-10,PALMER3ENE,8,23,55.218336961207164,44466.28405281415,44466.28402744373
NonlinearSolve-GaussNewton,true,false,44466.28405281415,1,8.970000000000001e-5,true,83715.13523342075,PALMER3ENE,8,23,0.0,44466.28405281415,0.0
NonlinearSolve-PolyAlg,true,true,2.5370416598717243e-5,372,0.010764265,true,2.778187384179272e-11,PALMER3ENE,8,23,55.21833696613449,44466.28405281415,44466.28402744373
TRLS,true,false,0.3116334860821788,21,0.000808344,true,4.782293792426913e-6,PALMER2BNE,4,23,25.765596486542293,5427.445257017608,5427.133623531526
LM-QR-scaled,true,false,0.3116334860843393,12,0.000378257,true,2.705850557983683e-5,PALMER2BNE,4,23,25.76559945224663,5427.445257017608,5427.133623531524
LM-QRChol,true,false,0.3116334860821842,21,0.000257438,true,4.782293734240702e-6,PALMER2BNE,4,23,25.765596486542307,5427.445257017608,5427.133623531526
LsqFit-LM,true,true,0.3116334860821646,0,9.782000000000001e-5,true,3.751216916735531e-6,PALMER2BNE,4,23,25.765597281415722,5427.445257017608,5427.133623531526
JSO-TRON,false,false,Inf,0,Inf,false,Inf,PALMER2BNE,4,23,NaN,5427.445257017608,-Inf
Scipy-LeastSquares,true,true,0.31163348608213215,11,0.0038464830000000004,true,2.689606818620332e-6,PALMER2BNE,4,23,25.765596681476996,5427.445257017608,5427.133623531526
Scipy-LSMR,true,true,0.3116334864782281,12,0.010954623,true,2.4115864257573563e-5,PALMER2BNE,4,23,25.765562885633713,5427.445257017608,5427.13362353113
PRIMA-BOBYQA,true,true,0.3116334860821304,495,0.01708581,true,5.531795996181431e-7,PALMER2BNE,4,23,25.765596712565046,5427.445257017608,5427.133623531526
LSO-Levenberg-QR,true,true,0.3116334860829023,15,0.00011670900000000001,true,1.621546226422863e-5,PALMER2BNE,4,23,25.765598441287672,5427.445257017608,5427.133623531525
NonlinearSolve-TrustRegion,true,true,0.3116334860821139,46,0.000229098,true,1.9761056309881556e-12,PALMER2BNE,4,23,25.765596932010514,5427.445257017608,5427.133623531526
NonlinearSolve-LevenbergMarquardt,true,true,0.3116334860821125,124,0.002080836,true,7.649235185549355e-11,PALMER2BNE,4,23,25.765596932010734,5427.445257017608,5427.133623531526
NonlinearSolve-GaussNewton,true,false,886.7638856815072,3,0.000112399,true,21.825894910865983,PALMER2BNE,4,23,Inf,5427.445257017608,4540.681371336101
NonlinearSolve-PolyAlg,true,true,0.3116334860821078,330,0.004719657,true,6.480600883709338e-8,PALMER2BNE,4,23,25.765596938047707,5427.445257017608,5427.133623531526
TRLS,true,false,1142.6916172278322,20,0.000734114,true,37.24749272473676,PALMER4NE,4,23,39.628667377323616,7720.599697878601,6577.908080650768
LM-QR-scaled,true,false,1142.6916129422648,22,0.0008016750000000001,true,0.10237615865204629,PALMER4NE,4,23,17.690912670343394,7720.599697878601,6577.908084936336
LM-QRChol,true,false,1142.6916172278322,20,0.000270228,true,37.24749155020131,PALMER4NE,4,23,39.62866735016663,7720.599697878601,6577.908080650768
LsqFit-LM,true,false,1212.3529771133947,0,0.002559532,true,5.6298697552657035,PALMER4NE,4,23,1495.6446805632718,7720.599697878601,6508.246720765206
JSO-TRON,false,false,Inf,0,Inf,false,Inf,PALMER4NE,4,23,NaN,7720.599697878601,-Inf
Scipy-LeastSquares,true,true,1142.6916137226226,20,0.008309381000000001,true,0.04714340553219535,PALMER4NE,4,23,17.373371350470432,7720.599697878601,6577.908084155978
Scipy-LSMR,true,false,1203.8394972631233,736,0.7602087310000001,true,88.27797733131878,PALMER4NE,4,23,18.20185555122481,7720.599697878601,6516.7602006154775
PRIMA-BOBYQA,true,true,1142.691612714503,755,0.026721522,true,0.00022419287076522244,PALMER4NE,4,23,22.1840875353695,7720.599697878601,6577.908085164097
LSO-Levenberg-QR,true,true,1212.0600937807333,325,0.002085955,true,2.276007357825062,PALMER4NE,4,23,543.9050776601609,7720.599697878601,6508.539604097868
NonlinearSolve-TrustRegion,true,true,1142.691612714503,75,0.00046841700000000005,true,4.1887977900183465e-5,PALMER4NE,4,23,18.384748009611418,7720.599697878601,6577.908085164097
NonlinearSolve-LevenbergMarquardt,true,true,1212.0082077630293,286,0.004905456,true,7.686144192190502e-9,PALMER4NE,4,23,7.192526653596549e9,7720.599697878601,6508.591490115571
NonlinearSolve-GaussNewton,true,false,4024.3425564737076,2,0.00010107900000000001,true,1.2451615164577619e6,PALMER4NE,4,23,28.69033711537076,7720.599697878601,3696.257141404893
NonlinearSolve-PolyAlg,true,true,1142.691612714503,578,0.008824268,true,0.04014958247754038,PALMER4NE,4,23,14772.776718690668,7720.599697878601,6577.908085164097
TRLS,true,true,0.00010325004189446896,47,0.003454406,true,9.282843045726605e-10,PALMER2ENE,8,23,66.10555462820727,115788.18369031916,115788.18358706911
LM-QR-scaled,true,true,0.00010325004192882149,12,0.0005827660000000001,true,3.1260211059387865e-9,PALMER2ENE,8,23,66.10558000444091,115788.18369031916,115788.18358706911
LM-QRChol,true,true,0.00010325004189452366,47,0.000835944,true,9.285955762662317e-10,PALMER2ENE,8,23,66.10555462820466,115788.18369031916,115788.18358706911
LsqFit-LM,true,true,0.00010325004194295292,0,0.002146814,true,3.763546094424991e-9,PALMER2ENE,8,23,66.10553787263827,115788.18369031916,115788.18358706911
JSO-TRON,false,false,Inf,0,Inf,false,Inf,PALMER2ENE,8,23,NaN,115788.18369031916,-Inf
Scipy-LeastSquares,true,true,0.0001032500422491828,33,0.014200450000000002,true,1.2950509735440976e-8,PALMER2ENE,8,23,66.10550101726635,115788.18369031916,115788.18358706911
Scipy-LSMR,true,true,0.013294520289217418,52,0.05409623,true,7.475488647852905e-5,PALMER2ENE,8,23,20.90303889896524,115788.18369031916,115788.17039579886
PRIMA-BOBYQA,true,false,0.013354613299077096,3600,0.19532453800000002,true,0.01724195346770806,PALMER2ENE,8,23,20.91310525427883,115788.18369031916,115788.17033570586
LSO-Levenberg-QR,true,true,0.00010325004189733901,68,0.0008850240000000001,true,1.2723727567225922e-9,PALMER2ENE,8,23,66.10555233801325,115788.18369031916,115788.18358706911
NonlinearSolve-TrustRegion,true,true,0.00010325004189068819,66,0.000635006,true,7.130588008023579e-11,PALMER2ENE,8,23,66.10556014782564,115788.18369031916,115788.18358706911
NonlinearSolve-LevenbergMarquardt,true,true,0.00010325004189078137,180,0.0055058220000000005,true,2.9764389468416236e-9,PALMER2ENE,8,23,66.10556060247,115788.18369031916,115788.18358706911
NonlinearSolve-GaussNewton,true,false,115788.18369031916,1,9.0499e-5,true,201511.54678865126,PALMER2ENE,8,23,0.0,115788.18369031916,0.0
NonlinearSolve-PolyAlg,true,true,0.00010325004189066292,392,0.011093602000000001,true,2.9919218713716066e-11,PALMER2ENE,8,23,66.1055606024961,115788.18369031916,115788.18358706911
TRLS,true,false,5.076950262475236,115,0.006902771,true,0.0564173322169335,PALMER7ENE,8,13,90.16775526222233,8651.501590240938,8646.424639978462
LM-QR-scaled,true,false,5.076949324949131,17,0.001059362,true,0.0016580336622447455,PALMER7ENE,8,13,83.95006350521467,8651.501590240938,8646.424640915988
LM-QRChol,true,false,5.07695026247528,115,0.0018261170000000001,true,0.05641733207023909,PALMER7ENE,8,13,90.16775525889517,8651.501590240938,8646.424639978462
LsqFit-LM,true,false,5.080981977689278,0,0.003076108,true,0.32820208431846337,PALMER7ENE,8,13,213.79568098129627,8651.501590240938,8646.420608263248
JSO-TRON,false,false,Inf,0,Inf,false,Inf,PALMER7ENE,8,13,NaN,8651.501590240938,-Inf
Scipy-LeastSquares,true,true,5.076950605115212,98,0.039165055000000004,true,0.03932873898972415,PALMER7ENE,8,13,86.68716791011384,8651.501590240938,8646.424639635823
Scipy-LSMR,true,true,5.079590784122832,16,0.018695919000000002,true,0.0005773714350701442,PALMER7ENE,8,13,75.54971854728505,8651.501590240938,8646.421999456816
PRIMA-BOBYQA,true,false,5.230381498492623,3600,0.19853768500000002,true,0.1272983658639572,PALMER7ENE,8,13,38.979567950631235,8651.501590240938,8646.271208742444
LSO-Levenberg-QR,true,false,5.9832500974460565,450,0.004224421,true,13.347106581869486,PALMER7ENE,8,13,47.0597203368542,8651.501590240938,8645.518340143492
NonlinearSolve-TrustRegion,true,false,5.076949330731965,450,0.003986671000000001,true,0.002455969516428475,PALMER7ENE,8,13,99.52204559230756,8651.501590240938,8646.424640910205
NonlinearSolve-LevenbergMarquardt,true,false,5.0765432715415955,450,0.012787280000000002,true,9.817969902319472e10,PALMER7ENE,8,13,2.0413672460057393e12,8651.501590240938,8646.425046969396
NonlinearSolve-GaussNewton,true,false,8651.501590240938,1,8.6789e-5,true,22749.04230324005,PALMER7ENE,8,13,0.0,8651.501590240938,0.0
NonlinearSolve-PolyAlg,true,true,5.0701455091999845,1821,0.052857729000000006,true,9.193819677166082e-12,PALMER7ENE,8,13,1.1991225000332203e9,8651.501590240938,8646.431444731737
TRLS,true,false,1.34502990220288e-14,12,0.000203598,true,1.2659287639351895e-5,PFIT2,3,3,3.316624804247444,4710.716048857284,4710.716048857284
LM-QR-scaled,true,false,1.3773876075313278e-17,9,0.000173399,true,7.161689156595639e-7,PFIT2,3,3,3.3166247451748823,4710.716048857284,4710.716048857284
LM-QRChol,true,false,1.3450295527163904e-14,12,8.2039e-5,true,1.2659281782173407e-5,PFIT2,3,3,3.316624804247466,4710.716048857284,4710.716048857284
LsqFit-LM,true,true,2.582171699686548e-22,0,0.0009646530000000001,true,1.5508314646061242e-9,PFIT2,3,3,3.3166247455769486,4710.716048857284,4710.716048857284
JSO-TRON,false,false,Inf,0,Inf,false,Inf,PFIT2,3,3,NaN,4710.716048857284,-Inf
Scipy-LeastSquares,true,true,4.715627406655868e-23,105,0.044689266000000005,true,1.3249810527002722e-9,PFIT2,3,3,3.316624745257726,4710.716048857284,4710.716048857284
Scipy-LSMR,true,true,7.857890808560812e-25,32,0.032056004,true,1.7383842926148858e-13,PFIT2,3,3,3.316624745278084,4710.716048857284,4710.716048857284
PRIMA-BOBYQA,true,false,4.421333603824242e-5,1350,0.038460600000000005,true,0.07074168920945445,PFIT2,3,3,3.506820609534339,4710.716048857284,4710.716004643948
LSO-Levenberg-QR,true,true,2.8262582760225608e-24,172,0.0007837740000000001,true,1.0204539614425936e-12,PFIT2,3,3,3.316624745296305,4710.716048857284,4710.716048857284
NonlinearSolve-TrustRegion,true,true,1.3304273134855593e-21,18,0.000110279,true,5.681871398571405e-9,PFIT2,3,3,3.316624745257243,4710.716048857284,4710.716048857284
NonlinearSolve-LevenbergMarquardt,true,true,3.3559226820064454e-19,26,0.00040668700000000003,true,8.712010832543292e-11,PFIT2,3,3,3.3166247585536657,4710.716048857284,4710.716048857284
NonlinearSolve-GaussNewton,true,false,42.90978152509025,7,7.8229e-5,true,93.0514988345655,PFIT2,3,3,43.760683758461546,4710.716048857284,4667.806267332193
NonlinearSolve-PolyAlg,true,true,3.067185728908445e-17,28,0.00035672700000000004,true,8.865329157048214e-7,PFIT2,3,3,3.316624816132839,4710.716048857284,4710.716048857284
TRLS,true,false,4.017295420901304e-13,7,0.00011738900000000001,true,1.0021528345105312e-6,HATFLDANE,4,4,1.7999991035957192,0.4751316701949487,0.47513167019454694
LM-QR-scaled,true,false,1.808503553690427e-13,7,0.000167808,true,6.723999907149589e-7,HATFLDANE,4,4,1.7999993985636948,0.4751316701949487,0.4751316701947678
LM-QRChol,true,false,4.0172954209013213e-13,7,5.2319000000000005e-5,true,1.0021528344608826e-6,HATFLDANE,4,4,1.7999991035957188,0.4751316701949487,0.47513167019454694
LsqFit-LM,true,true,1.820517943087594e-23,0,4.4930000000000005e-5,true,4.693154127622251e-13,HATFLDANE,4,4,1.7999999999352656,0.4751316701949487,0.4751316701949487
JSO-TRON,false,false,Inf,0,Inf,false,Inf,HATFLDANE,4,4,NaN,0.4751316701949487,-Inf
Scipy-LeastSquares,true,true,1.1822078697041483e-24,11,0.0034107070000000002,true,1.0133691535643732e-12,HATFLDANE,4,4,1.7999999999876735,0.4751316701949487,0.4751316701949487
Scipy-LSMR,true,true,7.672236055324685e-24,11,0.009717532000000001,true,2.6153156351538723e-12,HATFLDANE,4,4,1.7999999999689056,0.4751316701949487,0.4751316701949487
PRIMA-BOBYQA,true,true,2.9279967241864557e-20,253,0.008876268000000001,true,2.5880458833453093e-10,HATFLDANE,4,4,1.8000000002139536,0.4751316701949487,0.4751316701949487
LSO-Levenberg-QR,true,true,3.479634218968417e-24,19,3.422966666666667e-5,true,2.5546723335003107e-13,HATFLDANE,4,4,1.799999999971701,0.4751316701949487,0.4751316701949487
NonlinearSolve-TrustRegion,true,true,1.816079065634947e-20,10,9.398900000000001e-5,true,2.1307734623499602e-10,HATFLDANE,4,4,1.8000000001905827,0.4751316701949487,0.4751316701949487
NonlinearSolve-LevenbergMarquardt,true,true,4.838540434793001e-19,15,0.00030095800000000004,true,9.529272359958439e-11,HATFLDANE,4,4,1.799999989447284,0.4751316701949487,0.4751316701949487
NonlinearSolve-GaussNewton,true,false,0.4751316701949487,3,6.112e-5,true,1.1808601038894935,HATFLDANE,4,4,0.0,0.4751316701949487,0.0
NonlinearSolve-PolyAlg,true,true,1.7976342654352263e-18,13,0.000286698,true,2.2873821043775682e-10,HATFLDANE,4,4,1.7999999796706232,0.4751316701949487,0.4751316701949487
TRLS,true,false,38.75817392159234,71,0.0037641740000000003,true,0.004968732098125377,KOEBHELBNE,3,156,8.541210991434593,56.683968333057166,17.925794411464828
LM-QR-scaled,true,false,38.75817393145859,119,0.007051241000000001,true,0.005068324836786043,KOEBHELBNE,3,156,8.541226972130012,56.683968333057166,17.925794401598573
LM-QRChol,true,false,38.75817392159234,71,0.002223464,true,0.004968732098113821,KOEBHELBNE,3,156,8.541210991434593,56.683968333057166,17.925794411464828
LsqFit-LM,true,true,38.758173678677245,0,0.005150404,true,0.0002794856600482785,KOEBHELBNE,3,156,8.540458201464643,56.683968333057166,17.92579465437992
JSO-TRON,false,false,Inf,0,Inf,false,Inf,KOEBHELBNE,3,156,NaN,56.683968333057166,-Inf
Scipy-LeastSquares,true,true,38.758173934783684,67,0.029340614,true,0.005101337927938875,KOEBHELBNE,3,156,8.541232290995797,56.683968333057166,17.92579439827348
Scipy-LSMR,true,true,56.110147229484745,13,0.010658835,true,0.0023223742070217304,KOEBHELBNE,3,156,0.0745415183831939,56.683968333057166,0.5738211035724206
PRIMA-BOBYQA,true,true,56.11018041988135,923,0.03555378,true,0.0007282984063904119,KOEBHELBNE,3,156,1.1926796093883492,56.683968333057166,0.5737879131758135
LSO-Levenberg-QR,true,true,38.75817390496366,100,0.002280274,true,0.004796200126694074,KOEBHELBNE,3,156,8.541183306178054,56.683968333057166,17.925794428093504
NonlinearSolve-TrustRegion,true,true,38.75817367790618,97,0.001837637,true,6.797553363298232e-7,KOEBHELBNE,3,156,8.540413455170016,56.683968333057166,17.925794655150987
NonlinearSolve-LevenbergMarquardt,true,true,38.75817367790615,243,0.0074280480000000005,true,2.713957638557374e-10,KOEBHELBNE,3,156,8.540413312563649,56.683968333057166,17.925794655151016
NonlinearSolve-GaussNewton,true,false,56.683968333057166,2,0.00014687900000000001,true,110.41879049650592,KOEBHELBNE,3,156,1.7763576864329958e-15,56.683968333057166,0.0
NonlinearSolve-PolyAlg,true,true,38.75817367790615,837,0.036651792,true,2.713957638557374e-10,KOEBHELBNE,3,156,8.540413312563649,56.683968333057166,17.925794655151016
TRLS,true,false,0.01021571148889303,46,0.0023310730000000003,true,2.820732051488241e-8,PALMER3ANE,6,23,30.432224041137797,2032.993107928138,2032.9828922166491
LM-QR-scaled,true,false,0.010215711488890306,35,0.0018093080000000001,true,1.4337903648007182e-8,PALMER3ANE,6,23,30.43222642876785,2032.993107928138,2032.9828922166491
LM-QRChol,true,false,0.010215711488892805,46,0.000636915,true,2.8207120179885662e-8,PALMER3ANE,6,23,30.432224041136745,2032.993107928138,2032.9828922166491
LsqFit-LM,true,true,0.01021571148887874,0,0.000320078,true,1.7375833243423355e-8,PALMER3ANE,6,23,30.432242395796372,2032.993107928138,2032.9828922166491
JSO-TRON,false,false,Inf,0,Inf,false,Inf,PALMER3ANE,6,23,NaN,2032.993107928138,-Inf
Scipy-LeastSquares,true,true,0.010215711488902707,56,0.024880465,true,8.984988467518976e-8,PALMER3ANE,6,23,30.432216596061107,2032.993107928138,2032.9828922166491
Scipy-LSMR,true,false,0.010217149230232725,996,1.052651907,true,1.5365779758341757e-5,PALMER3ANE,6,23,30.194844863058158,2032.993107928138,2032.9828907789079
PRIMA-BOBYQA,true,false,0.01455702760752986,2700,0.129838528,true,0.013783320550907169,PALMER3ANE,6,23,21.77872482153899,2032.993107928138,2032.9785509005305
LSO-Levenberg-QR,true,true,0.010215711489090439,34,0.00032563700000000004,true,1.2293325773612663e-6,PALMER3ANE,6,23,30.432156201266725,2032.993107928138,2032.982892216649
NonlinearSolve-TrustRegion,true,true,0.01021571148887731,77,0.000514666,true,3.3101704257833526e-12,PALMER3ANE,6,23,30.432247890459685,2032.993107928138,2032.9828922166491
NonlinearSolve-LevenbergMarquardt,true,true,0.010215711488876513,148,0.0035180850000000002,true,3.7547947963989797e-10,PALMER3ANE,6,23,30.432248052272485,2032.993107928138,2032.9828922166491
NonlinearSolve-GaussNewton,true,true,2.277945698050641,35,0.000984413,true,9.634042099219389e-13,PALMER3ANE,6,23,4.532613984373647e16,2032.993107928138,2030.7151622300873
NonlinearSolve-PolyAlg,true,true,0.010215711488876513,544,0.009391825000000001,true,3.7547947963989797e-10,PALMER3ANE,6,23,30.432248052272485,2032.993107928138,2032.9828922166491
TRLS,true,true,0.003169653771054198,12,0.000800674,true,3.836078199340007e-9,PALMER8ENE,8,12,64.06941674369686,1820.0157514104683,1820.0125817566973
LM-QR-scaled,true,true,0.0031696537710333783,22,0.001749158,true,2.103697189620493e-9,PALMER8ENE,8,12,64.06942595814012,1820.0157514104683,1820.0125817566973
LM-QRChol,true,true,0.0031696537710546313,12,0.00020354900000000003,true,3.836084713656625e-9,PALMER8ENE,8,12,64.06941674369786,1820.0157514104683,1820.0125817566973
LsqFit-LM,true,true,0.0031696537713007352,0,0.000411517,true,1.1963167461704049e-8,PALMER8ENE,8,12,64.06950008119453,1820.0157514104683,1820.012581756697
JSO-TRON,false,false,Inf,0,Inf,false,Inf,PALMER8ENE,8,12,NaN,1820.0157514104683,-Inf
Scipy-LeastSquares,true,true,0.003169653771026093,15,0.005981928,true,7.703945505242174e-10,PALMER8ENE,8,12,64.0694330774504,1820.0157514104683,1820.0125817566973
Scipy-LSMR,true,true,0.003169960401356029,230,0.232453187,true,1.2599896673876899e-5,PALMER8ENE,8,12,63.98991811118676,1820.0157514104683,1820.0125814500668
PRIMA-BOBYQA,true,false,0.060749176221662836,3600,0.18752454200000002,true,0.019866326762512612,PALMER8ENE,8,12,17.135093141577123,1820.0157514104683,1819.9550022342466
LSO-Levenberg-QR,true,false,1.7730726423522092,450,0.0041508510000000005,true,9.721451387068601,PALMER8ENE,8,12,39.94326547417269,1820.0157514104683,1818.242678768116
NonlinearSolve-TrustRegion,true,true,0.0031696537710247047,45,0.00042423700000000005,true,6.704709469069325e-12,PALMER8ENE,8,12,64.06943716930313,1820.0157514104683,1820.0125817566973
NonlinearSolve-LevenbergMarquardt,true,true,0.003169653771024682,178,0.0050444850000000005,true,6.635984184550667e-10,PALMER8ENE,8,12,64.06943720558422,1820.0157514104683,1820.0125817566973
NonlinearSolve-GaussNewton,true,false,1820.0157514104683,1,8.611e-5,true,6298.936536776633,PALMER8ENE,8,12,0.0,1820.0157514104683,0.0
NonlinearSolve-PolyAlg,true,true,0.003169653771024682,922,0.029586163000000002,true,6.635984184550667e-10,PALMER8ENE,8,12,64.06943720558422,1820.0157514104683,1820.0125817566973
TRLS,true,false,4.698886776333838e-15,3,8.737000000000001e-5,true,1.0304636920348622e-7,HATFLDCNE,25,25,0.5000000823406623,0.10314999999999994,0.10314999999999523
LM-QR-scaled,true,false,4.698886776333838e-15,3,9.2719e-5,true,1.0304636920348622e-7,HATFLDCNE,25,25,0.5000000823406623,0.10314999999999994,0.10314999999999523
LM-QRChol,true,false,4.698886776333838e-15,3,9.765900000000001e-5,true,1.0304636920348622e-7,HATFLDCNE,25,25,0.5000000823406623,0.10314999999999994,0.10314999999999523
LsqFit-LM,true,true,3.446204596000977e-17,0,0.000125979,true,7.689793860261383e-9,HATFLDCNE,25,25,0.4999999921228422,0.10314999999999994,0.10314999999999991
JSO-TRON,false,false,Inf,0,Inf,false,Inf,HATFLDCNE,25,25,NaN,0.10314999999999994,-Inf
Scipy-LeastSquares,true,true,5.6532977215565166e-27,5,0.0024959220000000002,true,1.1334827937242688e-13,HATFLDCNE,25,25,0.5000000000000892,0.10314999999999994,0.10314999999999994
Scipy-LSMR,true,true,6.822562146417073e-27,5,0.010395577000000001,true,1.231909391433891e-13,HATFLDCNE,25,25,0.5000000000000974,0.10314999999999994,0.10314999999999994
PRIMA-BOBYQA,true,true,3.2648803928746017e-16,973,0.20323158300000002,true,4.515951090089199e-8,HATFLDCNE,25,25,0.5000000014406418,0.10314999999999994,0.1031499999999996
LSO-Levenberg-QR,true,true,1.7760796524646826e-26,7,0.000221708,true,1.7710635974320378e-13,HATFLDCNE,25,25,0.4999999999998225,0.10314999999999994,0.10314999999999994
NonlinearSolve-TrustRegion,true,true,3.104325853972697e-19,7,0.00012776900000000002,true,8.412722335088332e-10,HATFLDCNE,25,25,0.5000000006519508,0.10314999999999994,0.10314999999999994
NonlinearSolve-LevenbergMarquardt,true,true,1.3935450860686682e-18,8,0.000928773,true,1.6764663829788723e-9,HATFLDCNE,25,25,0.49999999838394915,0.10314999999999994,0.10314999999999994
NonlinearSolve-GaussNewton,true,true,3.104325853972697e-19,7,9.2879e-5,true,8.412722335088332e-10,HATFLDCNE,25,25,0.5000000006519508,0.10314999999999994,0.10314999999999994
NonlinearSolve-PolyAlg,true,true,3.104325853972697e-19,7,0.000101889,true,8.412722335088332e-10,HATFLDCNE,25,25,0.5000000006519508,0.10314999999999994,0.10314999999999994
TRLS,true,false,6.544915019872571,4,2.2989000000000003e-5,true,1.2404388224154534e-6,LEVYMONE6,3,6,1.758142716301366,30.023427427772972,23.478512407900404
LM-QR-scaled,true,false,6.544915019872571,4,2.33e-5,true,1.2404388224154534e-6,LEVYMONE6,3,6,1.758142716301366,30.023427427772972,23.478512407900404
LM-QRChol,true,false,6.544915019872571,4,2.5620000000000002e-5,true,1.2404388224154534e-6,LEVYMONE6,3,6,1.758142716301366,30.023427427772972,23.478512407900404
LsqFit-LM,true,true,6.544915019872546,0,3.1719e-5,true,5.910767007847667e-7,LEVYMONE6,3,6,1.7581427021180243,30.023427427772972,23.478512407900425
JSO-TRON,false,false,Inf,0,Inf,false,Inf,LEVYMONE6,3,6,NaN,30.023427427772972,-Inf
Scipy-LeastSquares,true,true,6.5449150198729,6,0.0018848270000000002,true,3.261529687189384e-6,LEVYMONE6,3,6,1.7581427678605461,30.023427427772972,23.478512407900073
Scipy-LSMR,true,true,6.544915019872888,6,0.004530668000000001,true,3.159115101321017e-6,LEVYMONE6,3,6,1.7581427656380826,30.023427427772972,23.478512407900084
PRIMA-BOBYQA,true,true,6.544915019872535,44,0.0012542010000000001,true,6.372604730749647e-8,LEVYMONE6,3,6,1.7581426921736356,30.023427427772972,23.47851240790044
LSO-Levenberg-QR,true,true,6.544915019875888,4,9.3275e-6,true,8.429356578980935e-6,LEVYMONE6,3,6,1.7581431717141036,30.023427427772972,23.478512407897085
NonlinearSolve-TrustRegion,true,true,6.5449150198725325,37,0.00011686900000000001,true,1.2061930358769334e-7,LEVYMONE6,3,6,1.7581426929916855,30.023427427772972,23.47851240790044
NonlinearSolve-LevenbergMarquardt,true,true,6.5449150198725325,108,0.0013264210000000002,true,9.26225723183061e-13,LEVYMONE6,3,6,1.7581426888116047,30.023427427772972,23.47851240790044
NonlinearSolve-GaussNewton,true,true,6.5449150198725325,37,0.000416657,true,5.873152128429423e-14,LEVYMONE6,3,6,1.7581426888115501,30.023427427772972,23.47851240790044
NonlinearSolve-PolyAlg,true,true,6.5449150198725325,297,0.0030567190000000003,true,5.873152128429423e-14,LEVYMONE6,3,6,1.7581426888115501,30.023427427772972,23.47851240790044
TRLS,true,false,0.011525627887147234,450,0.025031584000000003,true,2.741692589528672,PALMER5ENE,8,12,2579.1647947430747,1966.6190993862594,1966.6075737583724
LM-QR-scaled,true,false,0.01182850882075407,450,0.025136923000000002,true,1.812649477701296,PALMER5ENE,8,12,2139.397516001507,1966.6190993862594,1966.6072708774386
LM-QRChol,true,false,0.014194255116176358,450,0.006212426,true,1.9807477135241494,PALMER5ENE,8,12,878.6600227135983,1966.6190993862594,1966.6049051311434
LsqFit-LM,true,false,1.0640433330106331,0,0.002085216,true,3.590017322221429e-7,PALMER5ENE,8,12,15.861788223948713,1966.6190993862594,1965.5550560532488
JSO-TRON,false,false,Inf,0,Inf,false,Inf,PALMER5ENE,8,12,NaN,1966.6190993862594,-Inf
Scipy-LeastSquares,true,false,0.012098821215727333,692,0.3144757,true,0.22403615316290887,PALMER5ENE,8,12,1851.2926198241275,1966.6190993862594,1966.6070005650438
Scipy-LSMR,true,false,0.03389288497092301,994,1.2681501020000001,true,0.000236773355734102,PALMER5ENE,8,12,108.0641048116063,1966.6190993862594,1966.5852065012884
PRIMA-BOBYQA,true,false,1.0640433384287067,3600,0.21309972300000002,true,3.044505257346109e-6,PALMER5ENE,8,12,21.509540430649192,1966.6190993862594,1965.5550560478307
LSO-Levenberg-QR,true,true,1.064043205465466,6,3.83395e-5,true,2.1577112562602503e-6,PALMER5ENE,8,12,16.935977585708116,1966.6190993862594,1965.555056180794
NonlinearSolve-TrustRegion,true,false,1.0638658547194284,450,0.0034814060000000003,true,0.05070327288832008,PALMER5ENE,8,12,20.194508091089567,1966.6190993862594,1965.5552335315401
NonlinearSolve-LevenbergMarquardt,true,true,0.010356693229919734,296,0.008325392000000001,true,7.193341322385157e-7,PALMER5ENE,8,12,19672.103707287948,1966.6190993862594,1966.6087426930296
NonlinearSolve-GaussNewton,true,false,1814.3082514824716,2,0.00012404,true,4644.8479144095845,PALMER5ENE,8,12,27.543069906149555,1966.6190993862594,152.31084790378782
NonlinearSolve-PolyAlg,true,true,0.010356693229919734,909,0.016390305,true,7.193341322385157e-7,PALMER5ENE,8,12,19672.103707287948,1966.6190993862594,1966.6087426930296
TRLS,true,true,0.0004176342451574051,31,0.002384553,true,2.359643578491506e-9,PALMER1ENE,8,35,141.28189432533543,1.0421765364252696e6,1.0421765360076353e6
LM-QR-scaled,true,true,0.0004176342451584643,33,0.002408953,true,8.3009206313425e-9,PALMER1ENE,8,35,141.28188978389352,1.0421765364252696e6,1.0421765360076353e6
LM-QRChol,true,true,0.00041763424515767986,31,0.000637286,true,2.354904532650634e-9,PALMER1ENE,8,35,141.28189432533665,1.0421765364252696e6,1.0421765360076353e6
LsqFit-LM,true,true,0.00041763424516091425,0,0.00146319,true,1.2925408448062503e-8,PALMER1ENE,8,35,141.28188676707984,1.0421765364252696e6,1.0421765360076353e6
JSO-TRON,false,false,Inf,0,Inf,false,Inf,PALMER1ENE,8,35,NaN,1.0421765364252696e6,-Inf
Scipy-LeastSquares,true,true,0.00041763424515767043,74,0.034292569,true,5.3466193204695505e-9,PALMER1ENE,8,35,141.2819010220331,1.0421765364252696e6,1.0421765360076353e6
Scipy-LSMR,true,false,0.0004467022527530294,991,1.2506394840000001,true,0.0004529201574578802,PALMER1ENE,8,35,140.29732457826148,1.0421765364252696e6,1.0421765359785673e6
PRIMA-BOBYQA,true,false,0.17665303559103532,3600,0.19939528,true,0.1108971082893341,PALMER1ENE,8,35,73.94610177412902,1.0421765364252696e6,1.042176359772234e6
LSO-Levenberg-QR,true,true,0.0004176342451564432,59,0.0009071630000000001,true,2.3283864419984514e-10,PALMER1ENE,8,35,141.28189619689678,1.0421765364252696e6,1.0421765360076353e6
NonlinearSolve-TrustRegion,true,true,0.0004176342451561256,91,0.001101002,true,4.1410813818772446e-12,PALMER1ENE,8,35,141.2818962728267,1.0421765364252696e6,1.0421765360076353e6
NonlinearSolve-LevenbergMarquardt,true,true,0.0004176342451567585,169,0.0056546,true,2.2400147702876465e-8,PALMER1ENE,8,35,141.2818962730137,1.0421765364252696e6,1.0421765360076353e6
NonlinearSolve-GaussNewton,true,false,1.0421765364252696e6,1,9.504000000000001e-5,true,1.7663608498164252e6,PALMER1ENE,8,35,0.0,1.0421765364252696e6,0.0
NonlinearSolve-PolyAlg,true,true,0.0004176342451561256,410,0.012572311000000001,true,4.1410813818772446e-12,PALMER1ENE,8,35,141.2818962728267,1.0421765364252696e6,1.0421765360076353e6
TRLS,true,false,2.11382362634462,13,0.00033405800000000003,true,0.00025285696052394085,PALMER3BNE,4,23,16.1327264320802,5384.383766631844,5382.269943005499
LM-QR-scaled,true,false,2.1138236265658605,20,0.000696065,true,0.000536414594376716,PALMER3BNE,4,23,16.13274428975256,5384.383766631844,5382.269943005278
LM-QRChol,true,false,2.1138236263446193,13,0.000148819,true,0.0002528569609822424,PALMER3BNE,4,23,16.132726432080183,5384.383766631844,5382.269943005499
LsqFit-LM,true,true,2.1138236262868797,0,0.000134799,true,7.416835847799928e-5,PALMER3BNE,4,23,16.13273382975037,5384.383766631844,5382.269943005557
JSO-TRON,false,false,Inf,0,Inf,false,Inf,PALMER3BNE,4,23,NaN,5384.383766631844,-Inf
Scipy-LeastSquares,true,true,2.113823626397039,12,0.004199701,true,0.0003419880366507488,PALMER3BNE,4,23,16.1327398896459,5384.383766631844,5382.269943005447
Scipy-LSMR,true,true,2.1138236286461147,12,0.010899254,true,0.0002478614623967242,PALMER3BNE,4,23,16.13267903356647,5384.383766631844,5382.269943003198
PRIMA-BOBYQA,true,true,2.1138236262814334,577,0.020491306,true,8.264274449042827e-7,PALMER3BNE,4,23,16.132732147890778,5384.383766631844,5382.269943005563
LSO-Levenberg-QR,true,true,2.1138236265187342,16,0.000123989,true,0.0004901489609754821,PALMER3BNE,4,23,16.132721066991316,5384.383766631844,5382.269943005325
NonlinearSolve-TrustRegion,true,true,2.1138236262814183,46,0.000259338,true,1.2020898263680903e-6,PALMER3BNE,4,23,16.1327321790093,5384.383766631844,5382.269943005563
NonlinearSolve-LevenbergMarquardt,true,true,2.1138236262814254,132,0.002226105,true,1.1100451182575931e-11,PALMER3BNE,4,23,16.13273215180209,5384.383766631844,5382.269943005563
NonlinearSolve-GaussNewton,true,false,214.90185680363334,2,9.0419e-5,true,1.2580022341441666e6,PALMER3BNE,4,23,11.60623868506472,5384.383766631844,5169.4819098282105
NonlinearSolve-PolyAlg,true,true,2.1138236262814183,722,0.026480814000000002,true,1.2020898263680903e-6,PALMER3BNE,4,23,16.1327321790093,5384.383766631844,5382.269943005563
TRLS,true,false,1.2936386976420937,50,0.001380361,true,5.095760351463902e-7,WEEDSNE,3,12,201.0247587956225,11760.289811589904,11758.996172892263
LM-QR-scaled,true,false,1.2936386976420717,24,0.0006328960000000001,true,1.510203607340125e-6,WEEDSNE,3,12,201.02475828883064,11760.289811589904,11758.996172892263
LM-QRChol,true,false,1.2936386976420966,50,0.000523676,true,5.095278321647367e-7,WEEDSNE,3,12,201.02475879562235,11760.289811589904,11758.996172892263
LsqFit-LM,true,true,1.2936386976420935,0,0.00016864900000000002,true,8.840031955162913e-9,WEEDSNE,3,12,201.02475906121236,11760.289811589904,11758.996172892263
JSO-TRON,false,false,Inf,0,Inf,false,Inf,WEEDSNE,3,12,NaN,11760.289811589904,-Inf
Scipy-LeastSquares,true,true,1.2936386976421017,21,0.008324082,true,3.1307266134975952e-6,WEEDSNE,3,12,201.0247567092721,11760.289811589904,11758.996172892263
Scipy-LSMR,true,true,1.2936387072598687,35,0.033420115,true,2.0896509516405383e-5,WEEDSNE,3,12,201.02183595473042,11760.289811589904,11758.996172882644
PRIMA-BOBYQA,true,false,1.3291861811640353,1350,0.03839753,true,0.6370038084178444,WEEDSNE,3,12,196.0595011649067,11760.289811589904,11758.96062540874
LSO-Levenberg-QR,true,true,1.2936386976427607,28,0.000154009,true,2.0132840751888075e-5,WEEDSNE,3,12,201.02473560380142,11760.289811589904,11758.99617289226
NonlinearSolve-TrustRegion,true,true,1.293638697642083,46,0.000208588,true,1.1589918368792137e-8,WEEDSNE,3,12,201.02475906388383,11760.289811589904,11758.996172892263
NonlinearSolve-LevenbergMarquardt,true,true,1.293638697642077,141,0.001820807,true,4.09017876923142e-9,WEEDSNE,3,12,201.02475906691265,11760.289811589904,11758.996172892263
NonlinearSolve-GaussNewton,true,true,4602.717599458334,84,0.001109933,true,1.1600662870171696e-11,WEEDSNE,3,12,34.56102977835411,11760.289811589904,7157.57221213157
NonlinearSolve-PolyAlg,true,true,1.293638697642077,423,0.0051593640000000005,true,4.09017876923142e-9,WEEDSNE,3,12,201.02475906691265,11760.289811589904,11758.996172892263
TRLS,true,false,1.7236773152674645,17,0.000730405,true,3.04493044979983e-6,PALMER1BNE,4,35,90.48641040844058,42403.1618826607,42401.43820534543
LM-QR-scaled,true,false,1.7236773152676776,16,0.000476567,true,1.5335999127747585e-5,PALMER1BNE,4,35,90.4864088872848,42403.1618826607,42401.43820534543
LM-QRChol,true,false,1.7236773152675327,17,0.000241868,true,3.044929760587023e-6,PALMER1BNE,4,35,90.48641040844065,42403.1618826607,42401.43820534543
LsqFit-LM,true,true,1.7236773152675275,0,0.000135379,true,2.9891273053859833e-6,PALMER1BNE,4,35,90.48641040381969,42403.1618826607,42401.43820534543
JSO-TRON,false,false,Inf,0,Inf,false,Inf,PALMER1BNE,4,35,NaN,42403.1618826607,-Inf
Scipy-LeastSquares,true,true,1.7236773152676017,13,0.004668747,true,9.763556656732032e-7,PALMER1BNE,4,35,90.48641023734072,42403.1618826607,42401.43820534543
Scipy-LSMR,true,true,1.7236773155904963,13,0.011865257,true,1.0477967016328307e-5,PALMER1BNE,4,35,90.48647414430297,42403.1618826607,42401.43820534511
PRIMA-BOBYQA,true,false,1.7236773152705116,1800,0.06493945300000001,true,3.705819893345266e-5,PALMER1BNE,4,35,90.48640395856138,42403.1618826607,42401.43820534543
LSO-Levenberg-QR,true,true,1.723677315267603,21,0.00018088900000000002,true,5.03559083245261e-7,PALMER1BNE,4,35,90.48641012048502,42403.1618826607,42401.43820534543
NonlinearSolve-TrustRegion,true,true,1.7236773152674236,48,0.00027573800000000004,true,2.4774733877326703e-7,PALMER1BNE,4,35,90.48641013605936,42403.1618826607,42401.43820534543
NonlinearSolve-LevenbergMarquardt,true,true,1.7236773152674594,127,0.0023253030000000004,true,9.822358393448593e-10,PALMER1BNE,4,35,90.48641015657688,42403.1618826607,42401.43820534543
NonlinearSolve-GaussNewton,true,true,1.7236773152674836,110,0.001994266,true,5.841557305455733e-12,PALMER1BNE,4,35,90.48641015657412,42403.1618826607,42401.43820534543
NonlinearSolve-PolyAlg,true,true,1.7236773152674236,391,0.006736953,true,2.4774733877326703e-7,PALMER1BNE,4,35,90.48641013605936,42403.1618826607,42401.43820534543
TRLS,true,false,5.231599247819825,450,0.019154695000000003,true,2.8904387507794524,PALMER7ANE,6,13,2942.0887996596184,5736.612521474004,5731.380922226184
LM-QR-scaled,true,false,5.249329607038646,450,0.018989896000000003,true,6.645699920229967,PALMER7ANE,6,13,2249.8626383975475,5736.612521474004,5731.363191866965
LM-QRChol,true,false,5.231599247822342,450,0.005413142,true,2.890438749175788,PALMER7ANE,6,13,2942.0887995243497,5736.612521474004,5731.380922226182
LsqFit-LM,true,false,5.530266957186816,0,0.0024667530000000003,true,0.45124787159212826,PALMER7ANE,6,13,303.444908760813,5736.612521474004,5731.082254516818
JSO-TRON,false,false,Inf,0,Inf,false,Inf,PALMER7ANE,6,13,NaN,5736.612521474004,-Inf
Scipy-LeastSquares,true,false,5.181658486339913,822,0.357619777,true,11.992128980459611,PALMER7ANE,6,13,10537.083568478616,5736.612521474004,5731.430862987664
Scipy-LSMR,true,true,5.52079397730094,254,0.296005941,true,0.0010993155497305486,PALMER7ANE,6,13,315.873512650479,5736.612521474004,5731.091727496703
PRIMA-BOBYQA,true,false,6.749708082657891,2700,0.12693764800000001,true,0.214294187720216,PALMER7ANE,6,13,25.9528522206542,5736.612521474004,5729.862813391346
LSO-Levenberg-QR,true,false,5.197385154327945,450,0.0036990440000000003,true,20.43748398761866,PALMER7ANE,6,13,6083.562389401841,5736.612521474004,5731.415136319676
NonlinearSolve-TrustRegion,true,false,5.226443310207467,450,0.00282242,true,11.74382391785057,PALMER7ANE,6,13,3216.8502568574195,5736.612521474004,5731.386078163797
NonlinearSolve-LevenbergMarquardt,true,true,5.167427805056685,270,0.005884879,true,1.9748666231984779e-7,PALMER7ANE,6,13,46693.71382390205,5736.612521474004,5731.445093668947
NonlinearSolve-GaussNewton,true,false,5736.612521474004,1,7.8439e-5,true,2779.798046873553,PALMER7ANE,6,13,0.0,5736.612521474004,0.0
NonlinearSolve-PolyAlg,true,false,5.167427805056403,2071,0.034068511,true,1.0234470056231639e-7,PALMER7ANE,6,13,46693.71388063687,5736.612521474004,5731.445093668947
TRLS,true,false,1.5722856380477935e-9,7,0.000139139,true,0.003336970825208208,PFIT1,3,3,3.162271479373508,473.2839504671605,473.2839504655882
LM-QR-scaled,true,false,8.24826219780417e-9,130,0.002758041,true,0.0007375023175990537,PFIT1,3,3,3.1439739154122086,473.2839504671605,473.2839504589122
LM-QRChol,true,false,1.572285658446512e-9,7,5.508e-5,true,0.0033369708468567495,PFIT1,3,3,3.162271479373629,473.2839504671605,473.2839504655882
LsqFit-LM,true,false,9.415190775870837e-7,0,0.0013416300000000001,true,0.0008336365170175024,PFIT1,3,3,2.9768194274108213,473.2839504671605,473.2839495256414
JSO-TRON,false,false,Inf,0,Inf,false,Inf,PFIT1,3,3,NaN,473.2839504671605,-Inf
Scipy-LeastSquares,true,true,1.657021406467854e-21,8,0.002952629,true,3.4246401629874308e-9,PFIT1,3,3,3.1622781725413716,473.2839504671605,473.2839504671605
Scipy-LSMR,true,true,8.242282463703322e-18,172,0.17648616,true,2.502316220962208e-9,PFIT1,3,3,3.162277764663379,473.2839504671605,473.2839504671605
PRIMA-BOBYQA,true,false,0.00015394230383657727,1350,0.038935336,true,0.024673441850380097,PFIT1,3,3,2.2386164223133624,473.2839504671605,473.28379652485665
LSO-Levenberg-QR,true,true,8.123594938657353e-25,56,0.000254298,true,9.180975274478075e-13,PFIT1,3,3,3.1622781723574973,473.2839504671605,473.2839504671605
NonlinearSolve-TrustRegion,true,true,1.0391237549835037e-19,194,0.000580896,true,2.7127334690094758e-8,PFIT1,3,3,3.162278172516156,473.2839504671605,473.2839504671605
NonlinearSolve-LevenbergMarquardt,true,true,2.982800111493412e-17,25,0.000389857,true,1.3013329544077458e-10,PFIT1,3,3,3.162277060024567,473.2839504671605,473.2839504671605
NonlinearSolve-GaussNewton,true,false,2.1221905594048787,7,7.718e-5,true,6.57663195263895,PFIT1,3,3,13.903133901025644,473.2839504671605,471.1617599077556
NonlinearSolve-PolyAlg,true,true,1.3819154516115137e-20,28,0.00036302800000000005,true,5.5882672435837214e-9,PFIT1,3,3,3.162278152777196,473.2839504671605,473.2839504671605
TRLS,true,false,0.0010587667173581833,412,0.012099735,true,0.0009500390039607217,KowalikOsborne,4,11,575.0085957849625,0.004067076904105143,0.00300831018674696
LM-QR-scaled,true,false,0.0010587641420326112,450,0.012294044,true,0.00028725257045919035,KowalikOsborne,4,11,599.0995005312229,0.004067076904105143,0.003008312762072532
LM-QRChol,true,false,0.0010587667173581833,412,0.0035709160000000004,true,0.0009500390038577693,KowalikOsborne,4,11,575.0085957782217,0.004067076904105143,0.00300831018674696
LsqFit-LM,true,false,0.001059425212560778,0,0.0018794970000000002,true,7.546989143908499e-6,KowalikOsborne,4,11,46.00721687038727,0.004067076904105143,0.0030076516915443652
JSO-TRON,true,true,0.0005481931080667718,21,0.0005328360000000001,true,0.06425754329949605,KowalikOsborne,4,11,0.45938658031306856,0.004067076904105143,0.0035188837960383715
Scipy-LeastSquares,true,true,0.0005481931080669059,15,0.004553978,true,0.06425726619834975,KowalikOsborne,4,11,0.45938650969631634,0.004067076904105143,0.0035188837960382375
Scipy-LSMR,true,true,0.0005481931082939739,15,0.013489556000000002,true,0.06425393782245993,KowalikOsborne,4,11,0.45938566527413044,0.004067076904105143,0.0035188837958111696
PRIMA-BOBYQA,true,true,0.0005481931080665556,104,0.003521226,true,0.06425742329209874,KowalikOsborne,4,11,0.4593865496926044,0.004067076904105143,0.003518883796038588
LSO-Levenberg-QR,true,false,0.0010587302192193156,450,0.002565842,true,0.000860496395407506,KowalikOsborne,4,11,1875.343606283784,0.004067076904105143,0.003008346684885828
NonlinearSolve-TrustRegion,true,true,0.0010587142943123268,102,0.000361517,true,0.0015287995338439941,KowalikOsborne,4,11,4.608445672498153e13,0.004067076904105143,0.0030083626097928166
NonlinearSolve-LevenbergMarquardt,true,false,0.0010587142943123268,49,0.000846204,true,2.0716896057128906,KowalikOsborne,4,11,2.874326291210298e14,0.004067076904105143,0.0030083626097928166
NonlinearSolve-GaussNewton,true,true,0.0015825527611746085,37,0.000543856,true,5.262129786757698,KowalikOsborne,4,11,2995.8936240129237,0.004067076904105143,0.0024845241429305347
NonlinearSolve-PolyAlg,true,false,0.0010587142943123268,846,0.017143029,true,9.23967020607165e178,KowalikOsborne,4,11,1.5061782254813953e195,0.004067076904105143,0.0030083626097928166
TRLS,true,false,177499.79715358207,450,0.011772647,true,5.924633624140626e9,Meyer,3,16,221.63320070475518,7.914876579168042e10,7.914858829188327e10
LM-QR-scaled,true,false,43.97292758527976,142,0.0033433770000000002,true,0.0004971577029174324,Meyer,3,16,2769.074966174736,7.914876579168042e10,7.914876574770749e10
LM-QRChol,true,false,177499.79715419817,450,0.0039502420000000005,true,5.924633618492188e9,Meyer,3,16,221.63320069636092,7.914876579168042e10,7.914858829188327e10
LsqFit-LM,true,false,173210.9043464088,0,0.002021605,true,1.262706180543797e12,Meyer,3,16,283.9886584016356,7.914876579168042e10,7.914859258077608e10
JSO-TRON,true,false,183375.9676730227,152,0.008161613,true,490.5207232346679,Meyer,3,16,144.6969247745233,7.914876579168042e10,7.914858241571275e10
Scipy-LeastSquares,true,true,43.972927585258375,434,0.16472956300000002,true,0.0005031723724498521,Meyer,3,16,2769.0749653182775,7.914876579168042e10,7.914876574770749e10
Scipy-LSMR,true,false,121443.40878319669,975,0.682400185,true,9.862676421797956e9,Meyer,3,16,1026.8242736171942,7.914876579168042e10,7.914864434827164e10
PRIMA-BOBYQA,true,false,2.0238451841552347e8,1350,0.037580096,true,9.337958479396708e9,Meyer,3,16,28.69659120851484,7.914876579168042e10,7.89463812732649e10
LSO-Levenberg-QR,true,false,35845.527472253525,450,0.002524992,true,1.7357946081645878e10,Meyer,3,16,2118.7696425296976,7.914876579168042e10,7.914872994615295e10
NonlinearSolve-TrustRegion,true,true,43.97292758533776,74,0.00029919800000000003,true,0.0064558400772869885,Meyer,3,16,2769.0749661569516,7.914876579168042e10,7.914876574770749e10
NonlinearSolve-LevenbergMarquardt,true,true,43.97292758533857,148,0.001843077,true,0.0866480941046097,Meyer,3,16,2769.0749661581435,7.914876579168042e10,7.914876574770749e10
NonlinearSolve-GaussNewton,true,true,43.97292758515804,75,0.000843484,true,0.0035574006833935974,Meyer,3,16,2769.074966156995,7.914876579168042e10,7.914876574770749e10
NonlinearSolve-PolyAlg,true,true,43.97292758515804,618,0.0053182130000000005,true,0.0035574006833935974,Meyer,3,16,2769.074966156995,7.914876579168042e10,7.914876574770749e10
TRLS,true,false,0.08203799657499722,338,0.014361099,true,0.3104955984321556,Osborne1,5,33,13.79297428415658,1.3014383739558992,1.219400377380902
LM-QR-scaled,true,false,0.08203786887782447,268,0.011765668,true,0.0259787324271577,Osborne1,5,33,21.868880596483052,1.3014383739558992,1.2194005050780747
LM-QRChol,false,false,Inf,0,Inf,false,Inf,Osborne1,5,33,NaN,1.3014383739558992,-Inf
LsqFit-LM,true,false,0.08203842511512559,0,0.004028902,true,0.008326414595836615,Osborne1,5,33,7.209993063678279,1.3014383739558992,1.2193999488407736
JSO-TRON,true,false,0.08204313546091087,451,0.06058423600000001,true,3.4551650933951323e-6,Osborne1,5,33,1.4634444434325518,1.3014383739558992,1.2193952384949884
Scipy-LeastSquares,true,true,0.08203788561659231,194,0.084178712,true,0.02146804210129629,Osborne1,5,33,19.997386961730697,1.3014383739558992,1.219400488339307
Scipy-LSMR,true,true,0.08205418367110243,10,0.010314778,true,0.00024662199014318514,Osborne1,5,33,0.5396416832192676,1.3014383739558992,1.2193841902847968
PRIMA-BOBYQA,true,false,0.08397470632462367,2250,0.097014112,true,0.26046433339525876,Osborne1,5,33,0.5603728953090296,1.3014383739558992,1.2174636676312756
LSO-Levenberg-QR,true,true,0.08203783841337724,217,0.0028296510000000003,true,0.16434149392059338,Osborne1,5,33,27.13430324083698,1.3014383739558992,1.219400535542522
NonlinearSolve-TrustRegion,true,false,0.08203799268349252,450,0.004675908,true,0.12614956167677657,Osborne1,5,33,13.806432389423911,1.3014383739558992,1.2194003812724068
NonlinearSolve-LevenbergMarquardt,true,false,0.08203777904081665,450,0.010442037000000001,true,770.1376084150996,Osborne1,5,33,203594.6485173547,1.3014383739558992,1.2194005949150826
NonlinearSolve-GaussNewton,true,false,1.3014383739559001,5,0.000167309,true,236.5581036820433,Osborne1,5,33,3.469446951953614e-18,1.3014383739558992,-8.881784197001252e-16
NonlinearSolve-PolyAlg,true,false,0.08203777904081665,1361,0.04295131,true,770.1376084150996,Osborne1,5,33,203594.6485173547,1.3014383739558992,1.2194005949150826
TRLS,true,false,93122.5000136722,6,7.747e-5,true,5512.000000126594,BoxBOD,2,6,14.915837482039008,94154.5,1031.9999863278063
LM-QR-scaled,true,false,93122.50001054778,6,7.5009e-5,true,5512.000000097664,BoxBOD,2,6,15.174712539284343,94154.5,1031.9999894522189
LM-QRChol,true,false,93122.5000136722,6,4.1830000000000004e-5,true,5512.000000126594,BoxBOD,2,6,14.915837482042194,94154.5,1031.9999863278063
LsqFit-LM,true,false,93122.5,0,0.0009068040000000001,true,5512.0,BoxBOD,2,6,39.71816120808837,94154.5,1032.0
JSO-TRON,true,true,93122.5,2,3.709e-5,true,5512.0,BoxBOD,2,6,53.8552067716781,94154.5,1032.0
Scipy-LeastSquares,true,true,93122.5,6,0.0024167430000000003,true,5512.0,BoxBOD,2,6,32.34847785685289,94154.5,1032.0
Scipy-LSMR,true,true,93122.5,6,0.004841006,true,5512.0,BoxBOD,2,6,32.34847785564459,94154.5,1032.0
PRIMA-BOBYQA,true,true,93122.5000000019,129,0.0020943050000000003,true,5512.000000000018,BoxBOD,2,6,23.77949469469163,94154.5,1031.9999999980937
LSO-Levenberg-QR,true,true,93122.5,2,5.46e-6,true,5512.0,BoxBOD,2,6,226.89117806950912,94154.5,1032.0
NonlinearSolve-TrustRegion,true,true,93122.5,61,0.000157989,true,5511.999999999953,BoxBOD,2,6,77.6536941327518,94154.5,1032.0
NonlinearSolve-LevenbergMarquardt,true,true,93122.5,99,0.0009711040000000001,true,5511.999999999931,BoxBOD,2,6,5.689274980630106e6,94154.5,1032.0
NonlinearSolve-GaussNewton,true,true,93122.5,34,0.000240568,true,5512.0,BoxBOD,2,6,2.907107203986688e103,94154.5,1032.0
NonlinearSolve-PolyAlg,true,true,93122.5,294,0.0022869550000000002,true,5512.0,BoxBOD,2,6,2.907107203986688e103,94154.5,1032.0
TRLS,true,false,9.936083465105252,7,0.0027098910000000003,true,1.0970523831298788,AlphaPinene,5,40,8.475845213687208e-6,24.77020349163907,14.834120026533817
LM-QR-scaled,true,false,9.936083465786286,6,0.002319874,true,3.5307970131368682,AlphaPinene,5,40,8.475373472710592e-6,24.77020349163907,14.834120025852783
LM-QRChol,true,false,9.936083465105284,7,0.002549932,true,1.097052384272952,AlphaPinene,5,40,8.475845213687272e-6,24.77020349163907,14.834120026533785
LsqFit-LM,true,false,9.936083465031809,0,0.043132969,true,0.0008897795261781442,AlphaPinene,5,40,8.47605913753942e-6,24.77020349163907,14.83412002660726
JSO-TRON,true,false,9.936083465031865,47,0.879461437,true,0.014956083310687646,AlphaPinene,5,40,8.476054083443714e-6,24.77020349163907,14.834120026607204
Scipy-LeastSquares,true,true,9.936083465759245,7,0.004600178,true,3.4549597089427357,AlphaPinene,5,40,8.475385422587721e-6,24.77020349163907,14.834120025879825
Scipy-LSMR,true,true,9.93609997405885,10,0.012487373000000001,true,274.0453461933704,AlphaPinene,5,40,8.374294219820002e-6,24.77020349163907,14.83410351758022
PRIMA-BOBYQA,true,true,9.93608436579792,301,0.047018621000000003,true,1398.8136061197908,AlphaPinene,5,40,8.465860208007706e-6,24.77020349163907,14.83411912584115
LSO-Levenberg-QR,true,true,9.936083466130057,6,0.005245224000000001,true,4.186271548409383,AlphaPinene,5,40,8.475229873409186e-6,24.77020349163907,14.834120025509012
NonlinearSolve-TrustRegion,true,true,9.936083465031802,41,0.013735234,true,0.00010634986395117828,AlphaPinene,5,40,8.47605928927282e-6,24.77020349163907,14.834120026607268
NonlinearSolve-LevenbergMarquardt,true,true,9.936083465031764,119,0.055253834,true,1.1288036473963141e-5,AlphaPinene,5,40,8.476059311462012e-6,24.77020349163907,14.834120026607305
NonlinearSolve-GaussNewton,true,true,9.93608346503183,41,0.035471251,true,1.0417199012223839e-7,AlphaPinene,5,40,8.47605931146762e-6,24.77020349163907,14.83412002660724
NonlinearSolve-PolyAlg,true,true,9.936083465031745,327,0.368553591,true,0.00010256165366500579,AlphaPinene,5,40,8.476059291419727e-6,24.77020349163907,14.834120026607325
TRLS,true,false,0.125,16,0.000299838,true,0.500000016075952,RosenbrockBounded,2,2,1.8580904175413155,12.099999999999998,11.974999999999998
LM-QR-scaled,true,true,0.125,18,0.000306908,true,0.5000000005460632,RosenbrockBounded,2,2,1.8580904176040005,12.099999999999998,11.974999999999998
LM-QRChol,true,false,0.125,16,0.00011591900000000001,true,0.500000016075952,RosenbrockBounded,2,2,1.8580904175413155,12.099999999999998,11.974999999999998
LsqFit-LM,true,false,0.1250003591725202,0,0.001098332,true,0.508546156045863,RosenbrockBounded,2,2,1.8580562086024566,12.099999999999998,11.974999640827477
JSO-TRON,true,true,0.125,8,8.5059e-5,true,0.5,RosenbrockBounded,2,2,1.8580904176062045,12.099999999999998,11.974999999999998
Scipy-LeastSquares,true,true,0.1250000000000122,16,0.0065098050000000005,true,0.49999994924204033,RosenbrockBounded,2,2,1.8580904178110718,12.099999999999998,11.974999999999985
Scipy-LSMR,true,true,0.1250000000000122,16,0.014223880000000001,true,0.4999999492559903,RosenbrockBounded,2,2,1.8580904178110154,12.099999999999998,11.974999999999985
PRIMA-BOBYQA,true,true,0.125,98,0.002097346,true,0.5000000001403988,RosenbrockBounded,2,2,1.8580904176056379,12.099999999999998,11.974999999999998
LSO-Levenberg-QR,true,true,0.12500192343474237,376,0.001099822,true,0.5199834726733432,RosenbrockBounded,2,2,1.8580112585502133,12.099999999999998,11.974998076565255
NonlinearSolve-TrustRegion,true,true,0.125,92,0.000207159,true,0.5,RosenbrockBounded,2,2,1.8580904176062045,12.099999999999998,11.974999999999998
NonlinearSolve-LevenbergMarquardt,true,false,0.125,450,0.0045599790000000005,true,0.5000000000035083,RosenbrockBounded,2,2,1.8580904176061905,12.099999999999998,11.974999999999998
NonlinearSolve-GaussNewton,true,true,12.099999999999998,35,0.000112979,true,116.43384387711333,RosenbrockBounded,2,2,4.965068306494546e-16,12.099999999999998,0.0
NonlinearSolve-PolyAlg,true,true,0.125,805,0.006265996,true,0.5000000000000444,RosenbrockBounded,2,2,1.8580904176062043,12.099999999999998,11.974999999999998
TRLS,true,false,0.2616724186042375,21,0.000341108,true,0.7979983262118172,BealeBounded,2,3,1.299529044864901,7.1015625,6.839890081395763
LM-QR-scaled,true,false,0.2616724189702587,16,0.000265078,true,0.7980722385259806,BealeBounded,2,3,1.29951011333082,7.1015625,6.839890081029742
LM-QRChol,true,false,0.2616724186042375,21,0.00015398900000000002,true,0.797998326211817,BealeBounded,2,3,1.2995290448649013,7.1015625,6.839890081395763
LsqFit-LM,false,false,Inf,0,Inf,false,Inf,BealeBounded,2,3,NaN,7.1015625,-Inf
JSO-TRON,true,true,0.2616724180052463,33,0.000238828,true,0.7980308873757731,BealeBounded,2,3,1.2995207030428557,7.1015625,6.839890081994754
Scipy-LeastSquares,false,false,Inf,0,Inf,false,Inf,BealeBounded,2,3,NaN,7.1015625,-Inf
Scipy-LSMR,false,false,Inf,0,Inf,false,Inf,BealeBounded,2,3,NaN,7.1015625,-Inf
PRIMA-BOBYQA,true,true,0.2616724180052463,34,0.000761685,true,0.7980308933087958,BealeBounded,2,3,1.2995207015231325,7.1015625,6.839890081994754
LSO-Levenberg-QR,false,false,Inf,0,Inf,false,Inf,BealeBounded,2,3,NaN,7.1015625,-Inf
NonlinearSolve-TrustRegion,true,true,0.26167241800524627,74,0.000178529,true,0.7980308906776327,BealeBounded,2,3,1.2995207021970958,7.1015625,6.839890081994754
NonlinearSolve-LevenbergMarquardt,true,true,0.3515625000002325,97,0.0009094330000000001,true,1.0680004681638933,BealeBounded,2,3,1.4142135623726566,7.1015625,6.749999999999767
NonlinearSolve-GaussNewton,true,true,0.3515625,34,0.000224109,true,1.0680004681646913,BealeBounded,2,3,1.4142135623730951,7.1015625,6.75
NonlinearSolve-PolyAlg,true,true,0.26167241800524627,431,0.0026150820000000003,true,0.7980308906776327,BealeBounded,2,3,1.2995207021970958,7.1015625,6.839890081994754
TRLS,true,false,4.05e11,10,0.000146639,true,900000.0,BrownBadlyScaled,2,3,99999.00000499985,4.999990000015e11,9.49990000015e10
LM-QR-scaled,true,false,4.05e11,19,0.00027856800000000003,true,900000.0001216703,BrownBadlyScaled,2,3,99999.00000499985,4.999990000015e11,9.49990000015e10
LM-QRChol,true,false,4.05e11,10,6.925e-5,true,900000.0,BrownBadlyScaled,2,3,99999.00000499985,4.999990000015e11,9.49990000015e10
LsqFit-LM,true,false,4.0500000000000006e11,0,0.0008087140000000001,true,900000.8581113743,BrownBadlyScaled,2,3,99999.00000499985,4.999990000015e11,9.499900000149994e10
JSO-TRON,true,false,4.3324695264964636e11,451,0.004574568,true,930856.5654402578,BrownBadlyScaled,2,3,69142.45611913395,4.999990000015e11,6.675204735185364e10
Scipy-LeastSquares,true,true,4.0500000000085376e11,13,0.004493788,true,909436.7164936065,BrownBadlyScaled,2,3,99999.0000049997,4.999990000015e11,9.499900000064624e10
Scipy-LSMR,true,true,4.0500000000085376e11,13,0.010484677000000001,true,909436.7164938786,BrownBadlyScaled,2,3,99999.0000049997,4.999990000015e11,9.499900000064624e10
PRIMA-BOBYQA,true,true,4.05e11,57,0.001126332,true,900000.0055555375,BrownBadlyScaled,2,3,99999.00000499985,4.999990000015e11,9.49990000015e10
LSO-Levenberg-QR,true,true,4.050000000000021e11,2,7.05e-6,true,900023.1237647498,BrownBadlyScaled,2,3,99999.00000499986,4.999990000015e11,9.499900000149792e10
NonlinearSolve-TrustRegion,true,true,4.05e11,39,9.487900000000001e-5,true,900000.0,BrownBadlyScaled,2,3,99999.00000499983,4.999990000015e11,9.49990000015e10
NonlinearSolve-LevenbergMarquardt,true,true,4.05e11,196,0.0016375690000000002,true,900000.3038407124,BrownBadlyScaled,2,3,99999.00000499985,4.999990000015e11,9.49990000015e10
NonlinearSolve-GaussNewton,true,true,4.05000000002e11,33,0.000206519,true,921954.4457297226,BrownBadlyScaled,2,3,99999.00000500005,4.999990000015e11,9.49989999995e10
NonlinearSolve-PolyAlg,true,true,4.05e11,367,0.002533462,true,900000.0,BrownBadlyScaled,2,3,99999.00000499983,4.999990000015e11,9.49990000015e10
TRLS,true,true,50.0,0,2.99e-6,true,100.0,HelicalValleyBounded,3,3,3.0,1250.0,1200.0
LM-QR-scaled,true,true,50.0,0,3.3666666666666665e-6,true,100.0,HelicalValleyBounded,3,3,3.0,1250.0,1200.0
LM-QRChol,true,true,50.0,0,2.6181818181818183e-6,true,100.0,HelicalValleyBounded,3,3,3.0,1250.0,1200.0
LsqFit-LM,false,false,Inf,0,Inf,false,Inf,HelicalValleyBounded,3,3,NaN,1250.0,-Inf
JSO-TRON,true,true,50.0,0,1.022e-5,true,100.0,HelicalValleyBounded,3,3,3.0,1250.0,1200.0
Scipy-LeastSquares,false,false,Inf,0,Inf,false,Inf,HelicalValleyBounded,3,3,NaN,1250.0,-Inf
Scipy-LSMR,false,false,Inf,0,Inf,false,Inf,HelicalValleyBounded,3,3,NaN,1250.0,-Inf
PRIMA-BOBYQA,true,true,50.0,28,0.0008266240000000001,true,100.0,HelicalValleyBounded,3,3,3.0,1250.0,1200.0
LSO-Levenberg-QR,false,false,Inf,0,Inf,false,Inf,HelicalValleyBounded,3,3,NaN,1250.0,-Inf
NonlinearSolve-TrustRegion,true,true,50.0,33,8.9739e-5,true,100.0,HelicalValleyBounded,3,3,3.0,1250.0,1200.0
NonlinearSolve-LevenbergMarquardt,true,false,50.00000000000501,450,0.0051840440000000005,true,100.000000000005,HelicalValleyBounded,3,3,3.00000000000005,1250.0,1199.999999999995
NonlinearSolve-GaussNewton,true,true,50.0,33,0.000282458,true,100.0,HelicalValleyBounded,3,3,3.0,1250.0,1200.0
NonlinearSolve-PolyAlg,true,true,50.0,1043,0.011239151000000001,true,100.0,HelicalValleyBounded,3,3,3.0,1250.0,1200.0
TRLS,true,false,4.5527363620393776e-11,7,0.00023586800000000003,true,1.6376584741223453e-5,Box3DBounded,3,10,21.487586195248568,515.5769053046992,515.5769053046537
LM-QR-scaled,true,false,8.413700974266549e-12,11,0.000323508,true,7.034399795333776e-6,Box3DBounded,3,10,21.44672519657514,515.5769053046992,515.5769053046907
LM-QRChol,true,false,4.552736361943223e-11,7,8.7569e-5,true,1.637658474104507e-5,Box3DBounded,3,10,21.487586195248568,515.5769053046992,515.5769053046537
LsqFit-LM,false,false,Inf,0,Inf,false,Inf,Box3DBounded,3,10,NaN,515.5769053046992,-Inf
JSO-TRON,true,false,2.9330518400839347e-17,14,0.000376977,true,1.3485798437767642e-8,Box3DBounded,3,10,21.429996896081626,515.5769053046992,515.5769053046992
Scipy-LeastSquares,false,false,Inf,0,Inf,false,Inf,Box3DBounded,3,10,NaN,515.5769053046992,-Inf
Scipy-LSMR,false,false,Inf,0,Inf,false,Inf,Box3DBounded,3,10,NaN,515.5769053046992,-Inf
PRIMA-BOBYQA,true,true,6.132564607299599e-19,169,0.004157031,true,5.44817328254993e-10,Box3DBounded,3,10,21.38010363390954,515.5769053046992,515.5769053046992
LSO-Levenberg-QR,false,false,Inf,0,Inf,false,Inf,Box3DBounded,3,10,NaN,515.5769053046992,-Inf
NonlinearSolve-TrustRegion,true,true,0.15100635682705837,37,0.000163529,true,0.022837125385975827,Box3DBounded,3,10,33717.400266888115,515.5769053046992,515.425898947872
NonlinearSolve-LevenbergMarquardt,true,false,0.15100635682705837,450,0.0067020230000000005,true,0.0228371250929063,Box3DBounded,3,10,4.1322184642644825e51,515.5769053046992,515.425898947872
NonlinearSolve-GaussNewton,true,false,70.32927475376813,2,8.388900000000001e-5,true,20.797246194129084,Box3DBounded,3,10,Inf,515.5769053046992,445.24763055093104
NonlinearSolve-PolyAlg,true,true,9.34608754878756e-19,177,0.002120615,true,2.4358652360751844e-9,Box3DBounded,3,10,21.363602112532373,515.5769053046992,515.5769053046992
TRLS,true,false,1.6672229410960344,21,0.00031437800000000003,true,0.10090361830108847,Misra1aBounded,2,14,100.0000000011475,11469.563725104515,11467.89650216342
LM-QR-scaled,true,false,1.6672229410960302,5,0.000137569,true,0.1009063284212736,Misra1aBounded,2,14,100.0000000011475,11469.563725104515,11467.89650216342
LM-QRChol,true,false,1.6672229410960344,21,0.000153529,true,0.10090361830108847,Misra1aBounded,2,14,100.0000000011475,11469.563725104515,11467.89650216342
LsqFit-LM,true,false,1.6672874699242075,0,0.0016852380000000001,true,2519.040957912233,Misra1aBounded,2,14,100.00000000114724,11469.563725104515,11467.896437634592
JSO-TRON,true,false,1.6672229410960688,45,0.0013721800000000002,true,0.10090360426864595,Misra1aBounded,2,14,100.0000000011475,11469.563725104515,11467.89650216342
Scipy-LeastSquares,true,true,1.6672229410960586,19,0.005921508000000001,true,0.10090347225722318,Misra1aBounded,2,14,100.00000000114747,11469.563725104515,11467.89650216342
Scipy-LSMR,true,true,1.6672229410960586,19,0.013970512000000001,true,0.10090347225722318,Misra1aBounded,2,14,100.00000000114747,11469.563725104515,11467.89650216342
PRIMA-BOBYQA,true,false,111.01835874966469,900,0.018799769,true,58.04897721571159,Misra1aBounded,2,14,0.30743562336947355,11469.563725104515,11358.54536635485
LSO-Levenberg-QR,true,true,1.6672229426676708,49,0.000188438,true,12.431865443017537,Misra1aBounded,2,14,100.0000000011475,11469.563725104515,11467.896502161848
NonlinearSolve-TrustRegion,true,true,1.6672229410960464,83,0.000246749,true,0.10090347223244442,Misra1aBounded,2,14,100.0000000011475,11469.563725104515,11467.89650216342
NonlinearSolve-LevenbergMarquardt,true,false,1.6672229410960016,450,0.004918036000000001,true,0.1009034722379919,Misra1aBounded,2,14,100.00000000114747,11469.563725104515,11467.89650216342
NonlinearSolve-GaussNewton,true,true,11469.563725104521,35,0.00025888800000000003,true,2.174260762210277e7,Misra1aBounded,2,14,1.6263032587282567e-19,11469.563725104515,-5.4569682106375694e-12
NonlinearSolve-PolyAlg,true,false,1.6672229410960016,997,0.010190999000000001,true,0.1009034722379919,Misra1aBounded,2,14,100.00000000114747,11469.563725104515,11467.89650216342
TRLS,true,false,8.779757678225548e-9,22,0.00027247800000000004,true,4.7018125674773374,PowellBadlyScaled,2,2,7.36893734304882,0.5676308586741892,0.5676308498944315
LM-QR-scaled,true,false,1.827833430855424e-12,21,0.000259948,true,0.17410312273371578,PowellBadlyScaled,2,2,8.106049591924437,0.5676308586741892,0.5676308586723613
LM-QRChol,true,false,8.779757678341217e-9,22,0.00012107900000000001,true,4.701812567569227,PowellBadlyScaled,2,2,7.368937343046995,0.5676308586741892,0.5676308498944315
LsqFit-LM,true,true,1.0477058897466563e-31,0,0.000762534,true,1.0110297860551492e-11,PowellBadlyScaled,2,2,8.10614673987026,0.5676308586741892,0.5676308586741892
JSO-TRON,true,false,2.100931620197512e-6,117,0.00151222,true,4.434814360189616e-6,PowellBadlyScaled,2,2,5.134806194650158,0.5676308586741892,0.5676287577425689
Scipy-LeastSquares,true,true,6.162975822039155e-33,63,0.024178321000000003,true,1.0109853776222772e-11,PowellBadlyScaled,2,2,8.106146739874234,0.5676308586741892,0.5676308586741892
Scipy-LSMR,true,true,2.465190328815662e-32,63,0.052052436,true,2.2204216790234067e-16,PowellBadlyScaled,2,2,8.1061467398731,0.5676308586741892,0.5676308586741892
PRIMA-BOBYQA,true,true,0.0020388156348983126,356,0.00719451,true,0.004899836288612975,PowellBadlyScaled,2,2,1.7489861169843077,0.5676308586741892,0.5655920430392909
LSO-Levenberg-QR,true,true,2.8172794243755547e-21,87,0.00027784800000000003,true,9.112248967808444e-7,PowellBadlyScaled,2,2,8.106146062185868,0.5676308586741892,0.5676308586741892
NonlinearSolve-TrustRegion,true,true,4.999999999998898e-9,44,0.000125129,true,3.11697421353151e22,PowellBadlyScaled,2,2,7.018801953291976e32,0.5676308586741892,0.5676308536741892
NonlinearSolve-LevenbergMarquardt,true,false,4.999999999998898e-9,450,0.004388889,true,5358.009796814074,PowellBadlyScaled,2,2,2.0175861600350645e12,0.5676308586741892,0.5676308536741892
NonlinearSolve-GaussNewton,true,false,0.5676308404836263,1,5.3409e-5,true,10000.367598457478,PowellBadlyScaled,2,2,1.8189894035458534e-12,0.5676308586741892,1.81905628338086e-8
NonlinearSolve-PolyAlg,true,true,1.78512547510535e-22,231,0.0015218690000000001,true,1.8894900319813697e-11,PowellBadlyScaled,2,2,8.106146567748494,0.5676308586741892,0.5676308586741892
TRLS,true,false,64.00000000000142,7,0.00012151900000000001,true,96.00001907347954,FreudensteinRoth,2,2,20.597328737586583,200.25,136.24999999999858
LM-QR-scaled,true,false,64.00000000000001,7,0.00011683900000000001,true,96.00000190734852,FreudensteinRoth,2,2,20.597329805400005,200.25,136.25
LM-QRChol,true,false,64.00000000000142,7,5.0849e-5,true,96.00001907347954,FreudensteinRoth,2,2,20.597328737586583,200.25,136.24999999999858
LsqFit-LM,false,false,Inf,0,Inf,false,Inf,FreudensteinRoth,2,2,NaN,200.25,-Inf
JSO-TRON,true,true,64.0,2,2.6050000000000003e-5,true,95.99999999999994,FreudensteinRoth,2,2,20.597329924045983,200.25,136.25
Scipy-LeastSquares,false,false,Inf,0,Inf,false,Inf,FreudensteinRoth,2,2,NaN,200.25,-Inf
Scipy-LSMR,false,false,Inf,0,Inf,false,Inf,FreudensteinRoth,2,2,NaN,200.25,-Inf
PRIMA-BOBYQA,true,true,5.8979385125317e-19,84,0.0016321480000000001,true,2.0545567952764594e-8,FreudensteinRoth,2,2,7.499999999515679,200.25,200.25
LSO-Levenberg-QR,false,false,Inf,0,Inf,false,Inf,FreudensteinRoth,2,2,NaN,200.25,-Inf
NonlinearSolve-TrustRegion,true,true,64.0,43,0.00010710900000000001,true,96.00000000000267,FreudensteinRoth,2,2,20.597329924045816,200.25,136.25
NonlinearSolve-LevenbergMarquardt,true,true,64.00000000000001,242,0.002047216,true,96.00000000000243,FreudensteinRoth,2,2,20.59732992404583,200.25,136.25
NonlinearSolve-GaussNewton,true,true,64.0,53,0.000284998,true,95.99999998749468,FreudensteinRoth,2,2,20.59732992482387,200.25,136.25
NonlinearSolve-PolyAlg,true,true,64.0,419,0.0029821490000000003,true,95.99999998749468,FreudensteinRoth,2,2,20.59732992482387,200.25,136.25
TRLS,true,false,62.18109119301643,18,0.000371537,true,0.008309032911426154,JennrichSampson,2,10,0.14829654509596416,2085.6530809802466,2023.47198978723
LM-QR-scaled,true,false,62.1810912303324,24,0.000460417,true,0.028083269220172163,JennrichSampson,2,10,0.14830172884825651,2085.6530809802466,2023.4719897499142
LM-QRChol,true,false,62.18109119301643,18,0.000147818,true,0.00830903291007718,JennrichSampson,2,10,0.14829654509596443,2085.6530809802466,2023.47198978723
LsqFit-LM,true,false,62.181091177807446,0,0.000990203,true,9.51494205857538e-6,JennrichSampson,2,10,0.14829828680627283,2085.6530809802466,2023.471989802439
JSO-TRON,true,false,62.181091177807446,59,0.001244571,true,7.314908532306034e-8,JennrichSampson,2,10,0.14829828881418095,2085.6530809802466,2023.471989802439
Scipy-LeastSquares,true,true,62.181091195422994,13,0.005518732,true,0.017128345194101106,JennrichSampson,2,10,0.14829989650223682,2085.6530809802466,2023.4719897848236
Scipy-LSMR,true,true,62.18109119542298,13,0.012248185,true,0.01712834523857657,JennrichSampson,2,10,0.1482998965018862,2085.6530809802466,2023.4719897848236
PRIMA-BOBYQA,true,true,62.1810911778074,75,0.0016060590000000002,true,6.412272075535146e-6,JennrichSampson,2,10,0.14829828820330837,2085.6530809802466,2023.471989802439
LSO-Levenberg-QR,true,true,62.18109119018601,11,5.064e-5,true,0.007450633395794007,JennrichSampson,2,10,0.1482998725538072,2085.6530809802466,2023.4719897900607
NonlinearSolve-TrustRegion,true,true,62.181091177807396,63,0.000209079,true,1.2339680303005053e-6,JennrichSampson,2,10,0.1482982890921542,2085.6530809802466,2023.471989802439
NonlinearSolve-LevenbergMarquardt,true,false,62.18109319024582,450,0.004005392,true,0.22467581135669357,JennrichSampson,2,10,0.1483195272355193,2085.6530809802466,2023.4719877900009
NonlinearSolve-GaussNewton,true,false,2085.6530809802466,4,8.4919e-5,true,46854.409159966555,JennrichSampson,2,10,0.0,2085.6530809802466,0.0
NonlinearSolve-PolyAlg,true,true,62.181091177807396,664,0.006114268,true,1.2339680303005053e-6,JennrichSampson,2,10,0.1482982890921542,2085.6530809802466,2023.471989802439
TRLS,true,false,4.02826146690761,7,0.000101339,true,0.001059503720362293,Rat42Bounded,3,9,27.585281321965283,9957.926364012837,9953.89810254593
LM-QR-scaled,true,false,4.028261466908992,9,0.000139999,true,0.0013661316304844201,Rat42Bounded,3,9,27.58528213880274,9957.926364012837,9953.898102545929
LM-QRChol,true,false,4.028261466907597,7,5.5520000000000004e-5,true,0.0010595037346037707,Rat42Bounded,3,9,27.585281321965283,9957.926364012837,9953.89810254593
LsqFit-LM,true,true,4.028261466905654,0,6.046900000000001e-5,true,3.403920132410854e-5,Rat42Bounded,3,9,27.585278548657815,9957.926364012837,9953.898102545932
JSO-TRON,true,false,4.028261467108749,451,0.010155749,true,1.3830600443380185e-5,Rat42Bounded,3,9,27.585307993885138,9957.926364012837,9953.898102545729
Scipy-LeastSquares,true,true,4.0282614669071295,9,0.0027577810000000004,true,0.0009055258257199915,Rat42Bounded,3,9,27.585276311095402,9957.926364012837,9953.89810254593
Scipy-LSMR,true,true,4.028261675543073,8,0.006078028,true,0.003392910517549982,Rat42Bounded,3,9,27.584337702032236,9957.926364012837,9953.898102337294
PRIMA-BOBYQA,true,true,4.0282614669056365,710,0.020540156,true,1.4648158805436477e-6,Rat42Bounded,3,9,27.585278709248392,9957.926364012837,9953.898102545932
LSO-Levenberg-QR,true,true,4.028261466911562,7,4.672e-5,true,0.0020944449558133347,Rat42Bounded,3,9,27.585282877693015,9957.926364012837,9953.898102545925
NonlinearSolve-TrustRegion,true,true,4.028261466905644,42,0.00012703900000000001,true,3.897669462384812e-6,Rat42Bounded,3,9,27.585278622229474,9957.926364012837,9953.898102545932
NonlinearSolve-LevenbergMarquardt,true,true,4.028261466905642,116,0.00143087,true,7.766337842388413e-6,Rat42Bounded,3,9,27.58527861602436,9957.926364012837,9953.898102545932
NonlinearSolve-GaussNewton,true,true,4.028261466905639,42,0.00046485700000000005,true,5.651529451842157e-6,Rat42Bounded,3,9,27.585278621524033,9957.926364012837,9953.898102545932
NonlinearSolve-PolyAlg,true,true,4.028261466905635,326,0.003408916,true,4.876984932561063e-6,Rat42Bounded,3,9,27.58527862160694,9957.926364012837,9953.898102545932
