solver,success,converged,final_cost,iterations,time,bounds_satisfied,final_gradient_norm,problem,nvars,nresiduals,initial_objective,improvement
This work,true,true,7.919423931320316e-31,7,0.000644667,true,4.750941664881307e-15,NZF1,5,13,4956.907414728962,4956.907414728962
NonlinearSolve-TR,true,true,6.740325384607487e-24,6,4.9958000000000005e-5,true,1.4221862612811415e-11,NZF1,5,13,4956.907414728962,4956.907414728962
NonlinearSolve-LM,true,true,9.518399240333686e-18,7,0.00017591700000000002,true,2.8049382978587105e-8,NZF1,5,13,4956.907414728962,4956.907414728962
NonlinearSolve-GNBK,true,true,3.4157836030088455e-20,6,5.8375e-5,true,1.0034753542868068e-9,NZF1,5,13,4956.907414728962,4956.907414728962
NonlinearSolve-GNLF,true,true,3.4157836030088455e-20,6,4.7875000000000005e-5,true,1.0034753542868068e-9,NZF1,5,13,4956.907414728962,4956.907414728962
JSO-TRON,true,true,2.550954818089532e-19,7,0.000108417,true,1.3315952304751924e-9,NZF1,5,13,4956.907414728962,4956.907414728962
LSO-Levenberg-QR,true,true,5.050524982387062e-29,9,3.1514000000000004e-5,true,2.3620826974238674e-13,NZF1,5,13,4956.907414728962,4956.907414728962
Scipy-LeastSquares,true,true,8.169032646757891e-19,24,0.007769959000000001,true,1.7273112685620313e-9,NZF1,5,13,4956.907414728962,4956.907414728962
NLLSsolver-LM,true,true,2.77333911991762e-32,7,1.6520750000000003e-5,true,8.865627595353975e-16,NZF1,5,13,4956.907414728962,4956.907414728962
LsqFit-LM,true,false,0.0004221227381944123,0,0.002169125,true,0.13902133431510777,NZF1,5,13,4956.907414728962,4956.906992606224
Optim-BFGS,true,true,8.821215266111075e-21,17,8.429100000000001e-5,true,8.188291005841996e-10,NZF1,5,13,4956.907414728962,4956.907414728962
Optim-L-BFGS,true,true,4.769290867255967e-21,22,8.995900000000001e-5,true,5.517098995123033e-10,NZF1,5,13,4956.907414728962,4956.907414728962
This work,true,true,0.0,24,0.001973208,true,0.0,mgh01,2,2,12.099999999999998,12.099999999999998
NonlinearSolve-TR,true,true,0.0,20,3.1791e-5,true,0.0,mgh01,2,2,12.099999999999998,12.099999999999998
NonlinearSolve-LM,true,true,5.2629398249989724e-23,29,0.000104584,true,3.1423322216797197e-10,mgh01,2,2,12.099999999999998,12.099999999999998
NonlinearSolve-GNBK,true,true,0.0,14,4.1333000000000006e-5,true,0.0,mgh01,2,2,12.099999999999998,12.099999999999998
NonlinearSolve-GNLF,true,true,0.0,7,2.3208000000000002e-5,true,0.0,mgh01,2,2,12.099999999999998,12.099999999999998
JSO-TRON,true,true,3.0371391370041836e-25,16,8.816700000000001e-5,true,1.7427389755795856e-11,mgh01,2,2,12.099999999999998,12.099999999999998
LSO-Levenberg-QR,true,true,1.6982696175211095e-26,35,8.717555555555555e-6,true,4.128952714240617e-12,mgh01,2,2,12.099999999999998,12.099999999999998
Scipy-LeastSquares,true,true,0.0,18,0.004103083,true,0.0,mgh01,2,2,12.099999999999998,12.099999999999998
NLLSsolver-LM,true,true,0.0,14,1.3625e-5,true,0.0,mgh01,2,2,12.099999999999998,12.099999999999998
LsqFit-LM,true,true,5.183062666334929e-28,0,6.2209e-5,true,6.24137485512939e-13,mgh01,2,2,12.099999999999998,12.099999999999998
Optim-BFGS,true,true,2.4064880728575908e-21,41,0.000137541,true,1.5156787807811358e-9,mgh01,2,2,12.099999999999998,12.099999999999998
Optim-L-BFGS,true,true,2.4336388912643374e-20,43,0.000185083,true,5.035976970994588e-9,mgh01,2,2,12.099999999999998,12.099999999999998
This work,true,false,24.492127327627966,21,0.001752917,true,0.012297919839239405,mgh02,2,2,200.25,175.75787267237203
NonlinearSolve-TR,true,true,24.49212683962,73,9.316700000000001e-5,true,9.242171264858874e-7,mgh02,2,2,200.25,175.75787316038
NonlinearSolve-LM,true,false,24.492152131212528,400,0.001353417,true,0.06162116490760814,mgh02,2,2,200.25,175.75784786878748
NonlinearSolve-GNBK,true,true,28.967442657268386,38,0.0009717500000000001,true,56.772317451447634,mgh02,2,2,200.25,171.28255734273162
NonlinearSolve-GNLF,true,false,32.39752144089621,400,0.001208709,true,91.73065967168336,mgh02,2,2,200.25,167.8524785591038
JSO-TRON,true,false,24.492126839620404,92,0.000549917,true,5.760238485333856e-7,mgh02,2,2,200.25,175.7578731603796
LSO-Levenberg-QR,true,true,24.49212684343562,11,2.2208e-5,true,0.0016698044187369795,mgh02,2,2,200.25,175.7578731565644
Scipy-LeastSquares,true,true,24.492126955944578,19,0.0041356660000000005,true,0.0006165700061624055,mgh02,2,2,200.25,175.75787304405543
NLLSsolver-LM,true,true,24.49212684549834,13,3.3771e-5,true,0.0008722861976528534,mgh02,2,2,200.25,175.75787315450165
LsqFit-LM,true,false,24.492126839620006,0,0.000322792,true,1.6880295348769819e-6,mgh02,2,2,200.25,175.75787316038
Optim-BFGS,true,true,24.492126839620006,10,1.7375000000000002e-5,true,6.398609071074905e-10,mgh02,2,2,200.25,175.75787316038
Optim-L-BFGS,true,true,24.492126839620013,19,4.3875e-5,true,1.2453574645255468e-10,mgh02,2,2,200.25,175.75787316037997
This work,true,false,1.2510838431025469e-8,20,0.001659541,true,1.1791816331153546,mgh03,2,2,0.5676308586741892,0.5676308461633507
NonlinearSolve-TR,true,true,5.0063982341978876e-24,52,7.837500000000001e-5,true,2.881409609002933e-7,mgh03,2,2,0.5676308586741892,0.5676308586741892
NonlinearSolve-LM,true,true,1.0068238157383263e-19,20,8.5666e-5,true,1.4733948870950903e-8,mgh03,2,2,0.5676308586741892,0.5676308586741892
NonlinearSolve-GNBK,true,true,1.9385716869124354e-23,51,0.000142291,true,5.670010738046894e-7,mgh03,2,2,0.5676308586741892,0.5676308586741892
NonlinearSolve-GNLF,true,true,1.9674390656628668e-25,29,8.025e-5,true,5.7120677388135476e-8,mgh03,2,2,0.5676308586741892,0.5676308586741892
JSO-TRON,true,false,4.638969640767541e-7,114,0.000893875,true,1.0361498154438947e-6,mgh03,2,2,0.5676308586741892,0.5676303947772251
LSO-Levenberg-QR,true,true,2.8172794243755547e-21,87,5.6861e-5,true,9.11224896780896e-7,mgh03,2,2,0.5676308586741892,0.5676308586741892
Scipy-LeastSquares,true,true,1.4557688448755128e-27,40,0.005811125,true,4.9133893793269e-9,mgh03,2,2,0.5676308586741892,0.5676308586741892
NLLSsolver-LM,true,true,6.097104558411806e-23,84,0.000335292,true,5.362359808157435e-7,mgh03,2,2,0.5676308586741892,0.5676308586741892
LsqFit-LM,true,true,3.0814879110195774e-32,0,0.000438334,true,1.0110075818386208e-11,mgh03,2,2,0.5676308586741892,0.5676308586741892
Optim-BFGS,true,true,1.006105802947892e-28,185,0.000336416,true,4.953697345535691e-10,mgh03,2,2,0.5676308586741892,0.5676308586741892
Optim-L-BFGS,true,true,1.3139464452587478e-29,197,0.000512375,true,4.4483201185800163e-10,mgh03,2,2,0.5676308586741892,0.5676308586741892
This work,true,true,0.0,22,0.001785417,true,0.0,mgh04,3,2,4.999990000015e11,4.999990000015e11
NonlinearSolve-TR,true,true,3.526247689383184e-26,8,2.6208e-5,true,2.65565347490603e-7,mgh04,3,2,4.999990000015e11,4.999990000015e11
NonlinearSolve-LM,true,true,3.944304526105059e-29,36,0.00012775000000000002,true,1.0028466182413128e-8,mgh04,3,2,4.999990000015e11,4.999990000015e11
NonlinearSolve-GNBK,true,true,1.897118370505423e-17,12,5.8166000000000005e-5,true,0.006159737608874614,mgh04,3,2,4.999990000015e11,4.999990000015e11
NonlinearSolve-GNLF,true,true,0.0,247,0.001120541,true,0.0,mgh04,3,2,4.999990000015e11,4.999990000015e11
JSO-TRON,true,false,4.247113658607545e11,401,0.0016758340000000002,true,921641.3248777437,mgh04,3,2,4.999990000015e11,7.528763414074548e10
LSO-Levenberg-QR,true,true,0.0,34,8.467555555555556e-6,true,0.0,mgh04,3,2,4.999990000015e11,4.999990000015e11
Scipy-LeastSquares,true,true,0.0,23,0.003991458000000001,true,0.0,mgh04,3,2,4.999990000015e11,4.999990000015e11
NLLSsolver-LM,true,true,0.0,17,1.8708400000000002e-5,true,0.0,mgh04,3,2,4.999990000015e11,4.999990000015e11
LsqFit-LM,true,true,8.874685183736383e-31,0,2.1958000000000002e-5,true,1.3322676295514584e-9,mgh04,3,2,4.999990000015e11,4.999990000015e11
Optim-BFGS,true,true,0.0,37,0.001247375,true,0.0,mgh04,3,2,4.999990000015e11,4.999990000015e11
Optim-L-BFGS,true,true,-6.103515624999999e-5,16,0.00036779200000000003,true,0.0001286752926497661,mgh04,3,2,4.999990000015e11,4.9999900000150006e11
This work,true,true,1.0416373962882735e-21,6,0.000488583,true,1.68471393236727e-10,mgh05,3,2,7.1015625,7.1015625
NonlinearSolve-TR,true,true,7.1015625,33,2.7209000000000003e-5,true,13.875,mgh05,3,2,7.1015625,0.0
NonlinearSolve-LM,true,true,1.0306898940023507e-21,11,5.4042e-5,true,3.315271302665532e-11,mgh05,3,2,7.1015625,7.1015625
NonlinearSolve-GNBK,true,false,7.1015625,1,9.7085e-6,true,13.875,mgh05,3,2,7.1015625,0.0
NonlinearSolve-GNLF,true,false,7.1015625,1,9.5835e-6,true,13.875,mgh05,3,2,7.1015625,0.0
JSO-TRON,true,false,4.369067546497119e-18,7,4.9791000000000005e-5,true,1.2813120401800968e-8,mgh05,3,2,7.1015625,7.1015625
LSO-Levenberg-QR,true,true,1.5046535690959274e-27,10,4.979125e-6,true,4.4954471226937703e-14,mgh05,3,2,7.1015625,7.1015625
Scipy-LeastSquares,true,true,2.2495201675537355e-23,7,0.002569417,true,3.3078243525659835e-11,mgh05,3,2,7.1015625,7.1015625
NLLSsolver-LM,true,true,0.0,9,1.1243e-5,true,0.0,mgh05,3,2,7.1015625,7.1015625
LsqFit-LM,true,true,6.063080033841967e-19,0,1.7416e-5,true,4.330376141638423e-10,mgh05,3,2,7.1015625,7.1015625
Optim-BFGS,true,true,6.167814746600777e-23,16,3.0916e-5,true,5.367749116842922e-11,mgh05,3,2,7.1015625,7.1015625
Optim-L-BFGS,true,true,2.0042007429422646e-18,16,3.9375e-5,true,5.090975293991873e-9,mgh05,3,2,7.1015625,7.1015625
This work,true,false,62.18109118283278,19,0.001659375,true,0.0047471382067155446,mgh06,10,2,2085.653080980246,2023.4719897974135
NonlinearSolve-TR,true,true,62.18109117780742,62,0.000222083,true,4.402892868088881e-6,mgh06,10,2,2085.653080980246,2023.4719898024387
NonlinearSolve-LM,true,false,62.18134422511307,400,0.002387209,true,1.37735816218051,mgh06,10,2,2085.653080980246,2023.4717367551332
NonlinearSolve-GNBK,true,false,1660.9475008001546,8,0.002328708,true,35503.34091086236,mgh06,10,2,2085.653080980246,424.7055801800916
NonlinearSolve-GNLF,true,false,1719.3755581243038,400,0.0041071250000000005,true,36533.89355284467,mgh06,10,2,2085.653080980246,366.2775228559424
JSO-TRON,true,false,62.181091177807446,56,0.000822791,true,3.465217436810763e-8,mgh06,10,2,2085.653080980246,2023.4719898024387
LSO-Levenberg-QR,true,true,62.181091190186,11,4.725e-5,true,0.007450633369692429,mgh06,10,2,2085.653080980246,2023.4719897900602
Scipy-LeastSquares,true,true,62.18109117836786,14,0.003762459,true,0.0015863958778254239,mgh06,10,2,2085.653080980246,2023.4719898018784
NLLSsolver-LM,true,true,62.181091193226436,23,0.000159084,true,0.008315496961506927,mgh06,10,2,2085.653080980246,2023.4719897870198
LsqFit-LM,true,false,62.1810911778074,0,0.00045091600000000004,true,8.865029283649298e-6,mgh06,10,2,2085.653080980246,2023.4719898024387
Optim-BFGS,true,true,1010.0,1,7.194333333333333e-6,true,0.0,mgh06,10,2,2085.653080980246,1075.6530809802462
Optim-L-BFGS,true,true,1010.0,1,1.0145500000000001e-5,true,0.0,mgh06,10,2,2085.653080980246,1075.6530809802462
This work,true,true,5.1803078500444074e-39,16,0.0013470420000000001,true,1.9132266066128497e-18,mgh07,3,3,1250.0,1250.0
NonlinearSolve-TR,true,true,1.3142460634166644e-21,9,2.3791000000000003e-5,true,9.094199630648847e-10,mgh07,3,3,1250.0,1250.0
NonlinearSolve-LM,true,true,8.39936250606437e-23,12,7.7917e-5,true,1.2153247169566554e-11,mgh07,3,3,1250.0,1250.0
NonlinearSolve-GNBK,true,true,8.359528857755233e-22,9,3.6291e-5,true,7.064959698958015e-10,mgh07,3,3,1250.0,1250.0
NonlinearSolve-GNLF,true,true,2.194813267524309e-20,9,2.5583000000000002e-5,true,3.4812869299874193e-9,mgh07,3,3,1250.0,1250.0
JSO-TRON,true,false,4.3476553418417984e-18,10,7.654100000000001e-5,true,2.9487812221737855e-8,mgh07,3,3,1250.0,1250.0
LSO-Levenberg-QR,true,true,2.3669364456772575e-25,13,6.90625e-6,true,6.451259062993401e-13,mgh07,3,3,1250.0,1250.0
Scipy-LeastSquares,true,true,5.956931944996326e-29,11,0.0030810000000000004,true,2.0209689179015752e-13,mgh07,3,3,1250.0,1250.0
NLLSsolver-LM,true,true,9.094436264349736e-65,8,1.0743e-5,true,1.1414979507784934e-32,mgh07,3,3,1250.0,1250.0
LsqFit-LM,true,true,8.918579885946505e-21,0,2.4541e-5,true,1.2440618384885439e-10,mgh07,3,3,1250.0,1250.0
Optim-BFGS,true,true,1.9298675984733625e-20,31,0.000122084,true,1.5884230189605324e-9,mgh07,3,3,1250.0,1250.0
Optim-L-BFGS,true,true,7.149979198607819e-25,30,0.00012133300000000001,true,2.1253483087219005e-11,mgh07,3,3,1250.0,1250.0
This work,true,true,0.004107438653290612,5,0.00041770800000000003,true,3.0358990804343524e-9,mgh08,15,3,20.840847930839004,20.836740492185715
NonlinearSolve-TR,true,true,0.0041074386532894865,38,0.000158042,true,8.849653119582357e-11,mgh08,15,3,20.840847930839004,20.836740492185715
NonlinearSolve-LM,true,true,0.004107438653289482,125,0.000859458,true,9.17860973577559e-14,mgh08,15,3,20.840847930839004,20.836740492185715
NonlinearSolve-GNBK,true,true,0.004107438653289481,39,0.00087525,true,3.831755889371783e-11,mgh08,15,3,20.840847930839004,20.836740492185715
NonlinearSolve-GNLF,true,true,0.004107438653289483,38,0.000187333,true,1.5022210210233851e-15,mgh08,15,3,20.840847930839004,20.836740492185715
JSO-TRON,true,true,0.004107438653289491,11,0.00019629100000000002,true,1.667077536826362e-10,mgh08,15,3,20.840847930839004,20.836740492185715
LSO-Levenberg-QR,true,true,0.004107438653289494,10,2.1541666666666667e-5,true,2.053906707140722e-10,mgh08,15,3,20.840847930839004,20.836740492185715
Scipy-LeastSquares,true,true,0.004107438653290609,6,0.002443083,true,3.0358985345712702e-9,mgh08,15,3,20.840847930839004,20.836740492185715
NLLSsolver-LM,true,true,0.004107438653290622,5,3.9125e-5,true,3.050993724472598e-9,mgh08,15,3,20.840847930839004,20.836740492185715
LsqFit-LM,true,true,0.0041074386532922455,0,5.0167e-5,true,4.794384989122096e-9,mgh08,15,3,20.840847930839004,20.83674049218571
Optim-BFGS,true,true,0.004107438653289499,21,9.8875e-5,true,3.5674665231446873e-9,mgh08,15,3,20.840847930839004,20.836740492185715
Optim-L-BFGS,true,true,0.004107438653289495,26,0.00013529200000000002,true,1.1574432047448092e-10,mgh08,15,3,20.840847930839004,20.836740492185715
This work,true,true,5.639663848093635e-9,2,0.00020366700000000001,true,5.928484627203437e-13,mgh09,15,3,1.9440534955834423e-6,1.9384138317353485e-6
NonlinearSolve-TR,true,true,5.639663848092511e-9,34,0.000157333,true,5.897086404140203e-13,mgh09,15,3,1.9440534955834423e-6,1.9384138317353498e-6
NonlinearSolve-LM,true,true,5.639663848094656e-9,104,0.0008737080000000001,true,1.5358577285739532e-14,mgh09,15,3,1.9440534955834423e-6,1.9384138317353477e-6
NonlinearSolve-GNBK,true,true,5.6396638480923055e-9,34,0.0007887910000000001,true,5.927954553909821e-13,mgh09,15,3,1.9440534955834423e-6,1.93841383173535e-6
NonlinearSolve-GNLF,true,true,5.639663848093635e-9,34,0.000256625,true,5.928484624291876e-13,mgh09,15,3,1.9440534955834423e-6,1.9384138317353485e-6
JSO-TRON,true,true,5.639663860417538e-9,2,4.0542000000000006e-5,true,1.3804081992974617e-9,mgh09,15,3,1.9440534955834423e-6,1.9384138317230246e-6
LSO-Levenberg-QR,true,true,5.639663848095113e-9,5,1.9833e-5,true,7.061765509224454e-12,mgh09,15,3,1.9440534955834423e-6,1.9384138317353472e-6
Scipy-LeastSquares,true,true,5.639663848093635e-9,3,0.002231083,true,5.928484624291876e-13,mgh09,15,3,1.9440534955834423e-6,1.9384138317353485e-6
NLLSsolver-LM,true,true,5.639663848094252e-9,2,1.4416500000000002e-5,true,9.788808485877626e-17,mgh09,15,3,1.9440534955834423e-6,1.938413831735348e-6
LsqFit-LM,true,true,5.639663865702869e-9,0,3.85e-5,true,5.7358866815608855e-9,mgh09,15,3,1.9440534955834423e-6,1.9384138317177395e-6
Optim-BFGS,true,true,5.639663848094776e-9,5,3.8e-5,true,1.6036775948076807e-11,mgh09,15,3,1.9440534955834423e-6,1.9384138317353477e-6
Optim-L-BFGS,true,true,5.639663869709369e-9,6,4.9000000000000005e-5,true,3.6365484065422018e-9,mgh09,15,3,1.9440534955834423e-6,1.938413831713733e-6
This work,true,false,43.97292758550831,108,0.009844584,true,0.00044699154024056473,mgh10,16,3,8.468039047180728e8,8.468038607451452e8
NonlinearSolve-TR,true,true,43.972927585075645,92,0.000485708,true,6.54272760898132e-5,mgh10,16,3,8.468039047180728e8,8.468038607451452e8
NonlinearSolve-LM,true,true,43.972927585329565,151,0.001079875,true,0.2220015339329186,mgh10,16,3,8.468039047180728e8,8.468038607451452e8
NonlinearSolve-GNBK,true,true,43.9729275852738,44,0.000695917,true,0.0010359566884900456,mgh10,16,3,8.468039047180728e8,8.468038607451452e8
NonlinearSolve-GNLF,true,true,43.97292758514736,41,0.000302833,true,0.001348786085542594,mgh10,16,3,8.468039047180728e8,8.468038607451452e8
JSO-TRON,true,false,1184.110630040117,401,0.012633,true,1.5208814136645941e7,mgh10,16,3,8.468039047180728e8,8.468027206074427e8
LSO-Levenberg-QR,true,true,43.97292758520134,175,0.00099875,true,0.4304598723503386,mgh10,16,3,8.468039047180728e8,8.468038607451452e8
Scipy-LeastSquares,true,true,43.97292758509322,148,0.019287875000000003,true,0.00018757209573397587,mgh10,16,3,8.468039047180728e8,8.468038607451452e8
NLLSsolver-LM,true,true,43.972927585688225,157,0.00130275,true,0.11534755757910901,mgh10,16,3,8.468039047180728e8,8.468038607451452e8
LsqFit-LM,true,false,5370.585524356233,0,0.002124875,true,2.7427509945719168e6,mgh10,16,3,8.468039047180728e8,8.467985341325485e8
Optim-BFGS,true,false,44.43923648578279,400,0.0030800420000000003,true,7.408468412055622e6,mgh10,16,3,8.468039047180728e8,8.468038602788363e8
Optim-L-BFGS,true,false,713.0858596351658,400,0.002917041,true,2.6901999135734327e7,mgh10,16,3,8.468039047180728e8,8.468031916322131e8
This work,true,false,0.4034352779870057,102,0.013839667000000002,true,6.184327962649805e7,mgh11,100,3,8.22642984886652,7.822994570879514
NonlinearSolve-TR,true,false,4.715857817051511,400,0.016449750000000003,true,0.11592216542877747,mgh11,100,3,8.22642984886652,3.510572031815009
NonlinearSolve-LM,true,false,0.40343527774620663,400,0.022155042,true,2.2717300616829875e-6,mgh11,100,3,8.22642984886652,7.822994571120313
NonlinearSolve-GNBK,true,true,5.139641763663837,46,0.047125041000000006,true,2.7767857616251526,mgh11,100,3,8.22642984886652,3.0867880852026826
NonlinearSolve-GNLF,true,false,5.138794426403554,400,0.70576275,true,8.75699587226892,mgh11,100,3,8.22642984886652,3.0876354224629656
JSO-TRON,true,false,0.41955718852346074,320,0.096907083,true,5.149092264319765,mgh11,100,3,8.22642984886652,7.806872660343059
LSO-Levenberg-QR,true,true,0.4034352781397911,61,0.002439875,true,0.23403677505027973,mgh11,100,3,8.22642984886652,7.8229945707267285
Scipy-LeastSquares,true,true,0.40343527839762505,93,0.015675125,true,1.6836016508113307e8,mgh11,100,3,8.22642984886652,7.822994570468895
NLLSsolver-LM,true,true,0.40343527805799123,120,0.007274,true,5.156854304819479e7,mgh11,100,3,8.22642984886652,7.822994570808529
LsqFit-LM,true,false,0.40343527774620663,0,0.015827417,true,0.14228540387196165,mgh11,100,3,8.22642984886652,7.822994571120313
Optim-BFGS,true,true,0.4034352777462066,169,0.012870625,true,5.521757290842279e-9,mgh11,100,3,8.22642984886652,7.822994571120313
Optim-L-BFGS,true,true,0.40343527774620647,388,0.038469791,true,0.0010921501344244738,mgh11,100,3,8.22642984886652,7.822994571120313
This work,true,true,5.679303280166681e-20,5,0.00043425,true,4.879533976227541e-10,mgh12,10,3,515.5769053046992,515.5769053046992
NonlinearSolve-TR,true,true,5.060727596267452e-29,11,8.6791e-5,true,1.4566088802241566e-14,mgh12,10,3,515.5769053046992,515.5769053046992
NonlinearSolve-LM,true,true,3.702743593585522e-17,30,0.000330833,true,2.0590957644192403e-9,mgh12,10,3,515.5769053046992,515.5769053046992
NonlinearSolve-GNBK,true,true,5.679312916587202e-20,5,6.6875e-5,true,4.879542384475361e-10,mgh12,10,3,515.5769053046992,515.5769053046992
NonlinearSolve-GNLF,true,true,5.679312916587202e-20,5,4.7125e-5,true,4.879542384475361e-10,mgh12,10,3,515.5769053046992,515.5769053046992
JSO-TRON,true,true,2.3649593988498806e-17,11,0.00017683300000000002,true,7.0281485859390665e-9,mgh12,10,3,515.5769053046992,515.5769053046992
LSO-Levenberg-QR,true,true,1.560332477285622e-22,31,9.6521e-5,true,3.896257682527891e-12,mgh12,10,3,515.5769053046992,515.5769053046992
Scipy-LeastSquares,true,true,5.67930572038078e-20,6,0.002445792,true,4.879534933482492e-10,mgh12,10,3,515.5769053046992,515.5769053046992
NLLSsolver-LM,true,true,0.0,6,1.6275e-5,true,0.0,mgh12,10,3,515.5769053046992,515.5769053046992
LsqFit-LM,true,true,0.03779437038248455,0,6.241600000000001e-5,true,2.0492779766940717e-6,mgh12,10,3,515.5769053046992,515.5391109343167
Optim-BFGS,true,true,4.161356685880333e-17,29,0.00020116600000000002,true,1.025544465191931e-8,mgh12,10,3,515.5769053046992,515.5769053046992
Optim-L-BFGS,true,true,2.005591912965452e-17,34,0.00025625,true,3.6715902088848075e-9,mgh12,10,3,515.5769053046992,515.5769053046992
This work,true,false,2.401066012680528e-10,9,0.0006800830000000001,true,3.3881714942828124e-7,mgh13,4,4,43.5,43.49999999975989
NonlinearSolve-TR,true,true,4.947561388109402e-18,16,3.125e-5,true,5.872830970626696e-13,mgh13,4,4,43.5,43.5
NonlinearSolve-LM,true,true,4.750068290062822e-17,20,0.000139333,true,2.265778219929422e-12,mgh13,4,4,43.5,43.5
NonlinearSolve-GNBK,true,true,1.4311468676808674e-17,15,4.4375e-5,true,1.2924848534683034e-12,mgh13,4,4,43.5,43.5
NonlinearSolve-GNLF,true,true,1.4311468676808674e-17,15,3.2667000000000004e-5,true,1.2924848534683034e-12,mgh13,4,4,43.5,43.5
JSO-TRON,true,true,9.383038558339311e-13,11,9.929200000000001e-5,true,5.295265908578675e-9,mgh13,4,4,43.5,43.49999999999906
LSO-Levenberg-QR,true,true,8.681379574448982e-14,14,8.285714285714285e-6,true,1.6221454048942087e-9,mgh13,4,4,43.5,43.499999999999915
Scipy-LeastSquares,true,true,9.37916411203315e-13,12,0.002812417,true,5.294017961169909e-9,mgh13,4,4,43.5,43.49999999999906
NLLSsolver-LM,true,true,1.428818910834455e-17,15,1.61416e-5,true,1.0681762496304838e-12,mgh13,4,4,43.5,43.5
LsqFit-LM,true,true,7.356844384091273e-13,0,3.1958e-5,true,4.275142100579366e-9,mgh13,4,4,43.5,43.49999999999926
Optim-BFGS,true,true,7.531897347953183e-13,39,0.00011654100000000001,true,6.312440576627384e-9,mgh13,4,4,43.5,43.49999999999925
Optim-L-BFGS,true,true,3.290606116774836e-16,60,0.00020800000000000001,true,8.922322453021208e-10,mgh13,4,4,43.5,43.5
This work,true,true,6.771261535674419e-29,76,0.006042333,true,2.490753630345875e-13,mgh14,6,4,9596.0,9596.0
NonlinearSolve-TR,true,true,-3.5510984082281442e-15,78,0.000288791,true,3.9210733766352004e-8,mgh14,6,4,9596.0,9596.0
NonlinearSolve-LM,true,true,3.552714639567118e-15,90,0.000569791,true,2.275313388592949e-9,mgh14,6,4,9596.0,9596.0
NonlinearSolve-GNBK,true,true,0.0,87,0.000437958,true,0.0,mgh14,6,4,9596.0,9596.0
NonlinearSolve-GNLF,true,true,3.5527136788012985e-15,57,0.000256542,true,8.674729148141183e-13,mgh14,6,4,9596.0,9596.0
JSO-TRON,true,true,-3.5527103581861165e-15,93,0.000754792,true,1.9959322613664216e-9,mgh14,6,4,9596.0,9596.0
LSO-Levenberg-QR,true,true,-3.552713678800493e-15,63,8.545800000000001e-5,true,6.305766250192013e-13,mgh14,6,4,9596.0,9596.0
Scipy-LeastSquares,true,true,3.040564845603792e-24,68,0.007673666000000001,true,5.358163268536516e-11,mgh14,6,4,9596.0,9596.0
NLLSsolver-LM,true,true,-3.552713678800493e-15,67,0.00032458300000000003,true,1.330760574593328e-13,mgh14,6,4,9596.0,9596.0
LsqFit-LM,true,true,-3.55269632915973e-15,0,0.00016025000000000002,true,4.790184939169427e-9,mgh14,6,4,9596.0,9596.0
Optim-BFGS,true,true,-3.5527060350564458e-15,89,0.000309125,true,2.7328506827909763e-9,mgh14,6,4,9596.0,9596.0
Optim-L-BFGS,true,true,-3.5527091304921867e-15,100,0.00048025000000000005,true,2.0710844546089e-9,mgh14,6,4,9596.0,9596.0
This work,true,false,0.0001537570958380061,10,0.0008699580000000001,true,7.87834908413984e-6,mgh15,11,4,0.0026565861360542697,0.0025028290402162637
NonlinearSolve-TR,true,true,0.00015375280192461848,69,0.00040095800000000003,true,1.526264683618438e-11,mgh15,11,4,0.0026565861360542697,0.0025028333341296513
NonlinearSolve-LM,true,true,0.00015375280192461835,182,0.001621875,true,1.1750204336449359e-12,mgh15,11,4,0.0026565861360542697,0.0025028333341296513
NonlinearSolve-GNBK,true,true,0.00015375280192461818,78,0.0013908750000000002,true,2.5565786586447253e-12,mgh15,11,4,0.0026565861360542697,0.0025028333341296513
NonlinearSolve-GNLF,true,true,0.00015375280192461802,71,0.0005133340000000001,true,1.3830104748501363e-11,mgh15,11,4,0.0026565861360542697,0.0025028333341296518
JSO-TRON,true,true,0.00015375280192739323,27,0.000512958,true,6.946418010089886e-9,mgh15,11,4,0.0026565861360542697,0.0025028333341268767
LSO-Levenberg-QR,true,true,0.000153752801953887,10,1.884375e-5,true,3.787005890228424e-8,mgh15,11,4,0.0026565861360542697,0.0025028333341003827
Scipy-LeastSquares,true,true,0.0001537528028991671,19,0.003539,true,1.3082097417980285e-7,mgh15,11,4,0.0026565861360542697,0.0025028333331551028
NLLSsolver-LM,true,true,0.00015375280241969306,11,0.000102583,true,9.364500405797848e-8,mgh15,11,4,0.0026565861360542697,0.0025028333336345764
LsqFit-LM,true,true,0.00015375281034096095,0,9.8917e-5,true,3.7926107054447764e-7,mgh15,11,4,0.0026565861360542697,0.0025028333257133086
Optim-BFGS,true,true,0.00015375280192466903,32,0.00014658300000000002,true,4.1767526515981896e-9,mgh15,11,4,0.0026565861360542697,0.0025028333341296006
Optim-L-BFGS,true,true,0.00015375280192462688,29,0.000176583,true,4.954331733310067e-9,mgh15,11,4,0.0026565861360542697,0.0025028333341296427
This work,true,false,42911.10102517211,25,0.00251475,true,0.9534361553659232,mgh16,20,4,3.963346668498716e6,3.920435567473544e6
NonlinearSolve-TR,true,true,42911.100813178324,329,0.0034902500000000003,true,0.0013111115004877832,mgh16,20,4,3.963346668498716e6,3.9204355676855375e6
NonlinearSolve-LM,true,false,43029.311128878326,400,0.006228208000000001,true,727.3134878459487,mgh16,20,4,3.963346668498716e6,3.9203173573698374e6
NonlinearSolve-GNBK,true,false,42911.10081549325,400,0.013743958,true,0.45996492007488543,mgh16,20,4,3.963346668498716e6,3.9204355676832227e6
NonlinearSolve-GNLF,true,false,43608.8176633227,400,0.0100885,true,3724.903589515118,mgh16,20,4,3.963346668498716e6,3.919737850835393e6
JSO-TRON,true,false,42911.100813178185,64,0.0018789160000000002,true,0.00037946828839304284,mgh16,20,4,3.963346668498716e6,3.9204355676855375e6
LSO-Levenberg-QR,true,false,520395.6970480201,400,0.004090917,true,78046.49051705192,mgh16,20,4,3.963346668498716e6,3.442950971450696e6
Scipy-LeastSquares,true,true,42911.1009858336,17,0.004589458,true,0.6492535155542867,mgh16,20,4,3.963346668498716e6,3.9204355675128824e6
NLLSsolver-LM,true,true,42911.10089269328,19,0.00029933300000000004,true,0.4991510675744983,mgh16,20,4,3.963346668498716e6,3.9204355676060226e6
LsqFit-LM,true,false,559838.598232601,0,0.0039790830000000004,true,80505.28370388232,mgh16,20,4,3.963346668498716e6,3.403508070266115e6
Optim-BFGS,true,true,42911.10081317816,25,0.000314166,true,1.2903998289242383e-9,mgh16,20,4,3.963346668498716e6,3.9204355676855375e6
Optim-L-BFGS,true,true,42911.10081317816,25,0.00027345900000000004,true,2.738598998690933e-10,mgh16,20,4,3.963346668498716e6,3.9204355676855375e6
This work,true,false,2.7324473488536768e-5,20,0.002034708,true,5.588819258080104e-6,mgh17,33,5,0.43951314677232023,0.4394858222988317
NonlinearSolve-TR,true,true,2.7324473487412267e-5,41,0.00046845800000000005,true,4.0767178378016486e-10,mgh17,33,5,0.43951314677232023,0.4394858222988328
NonlinearSolve-LM,true,true,2.732447348741277e-5,139,0.002170375,true,7.063471515851627e-12,mgh17,33,5,0.43951314677232023,0.4394858222988328
NonlinearSolve-GNBK,true,true,2.7324473487412924e-5,45,0.002961792,true,5.470536420250121e-10,mgh17,33,5,0.43951314677232023,0.4394858222988328
NonlinearSolve-GNLF,true,true,2.7324473487412707e-5,40,0.0006947090000000001,true,1.8671874461640087e-9,mgh17,33,5,0.43951314677232023,0.4394858222988328
JSO-TRON,true,false,2.7324480964871244e-5,163,0.009021417,true,1.7067576593868148e-8,mgh17,33,5,0.43951314677232023,0.43948582229135535
LSO-Levenberg-QR,true,true,2.732447348763578e-5,24,0.000352083,true,3.683157485394841e-7,mgh17,33,5,0.43951314677232023,0.4394858222988326
Scipy-LeastSquares,true,true,2.732447348741587e-5,17,0.004020167,true,1.3255868026664631e-8,mgh17,33,5,0.43951314677232023,0.4394858222988328
NLLSsolver-LM,true,true,2.732447348741442e-5,20,0.00037804200000000004,true,3.5805691845781327e-9,mgh17,33,5,0.43951314677232023,0.4394858222988328
LsqFit-LM,true,true,2.732447348741594e-5,0,0.0009196250000000001,true,7.494477370964303e-10,mgh17,33,5,0.43951314677232023,0.4394858222988328
Optim-BFGS,true,true,2.7324473487413704e-5,81,0.001407375,true,3.3081742597598568e-9,mgh17,33,5,0.43951314677232023,0.4394858222988328
Optim-L-BFGS,true,true,2.732447348741545e-5,102,0.0016570410000000002,true,1.7460679705099275e-10,mgh17,33,5,0.43951314677232023,0.4394858222988328
This work,true,false,3.946443231697789e-9,65,0.006778625000000001,true,0.00018243354865156864,mgh18,13,6,0.3895350378279851,0.38953503388154187
NonlinearSolve-TR,true,false,0.10928535535125493,400,0.004442917,true,0.04144410812860222,mgh18,13,6,0.3895350378279851,0.28024968247673016
NonlinearSolve-LM,true,true,2.646012581123165e-19,43,0.000791958,true,2.0267472443002967e-12,mgh18,13,6,0.3895350378279851,0.3895350378279851
NonlinearSolve-GNBK,true,false,0.3895350378279851,1,0.004941125,true,1.2769506820705108,mgh18,13,6,0.3895350378279851,0.0
NonlinearSolve-GNLF,true,false,0.3895350378279851,1,5.4375e-5,true,1.2769506820705108,mgh18,13,6,0.3895350378279851,0.0
JSO-TRON,true,true,0.0028278249627872,45,0.0011031250000000002,true,2.4889966581020697e-9,mgh18,13,6,0.3895350378279851,0.3867072128651979
LSO-Levenberg-QR,true,true,0.0028278249633527973,10,5.39795e-5,true,5.7117212991818283e-8,mgh18,13,6,0.3895350378279851,0.3867072128646323
Scipy-LeastSquares,true,true,6.96149298966496e-20,55,0.009020875000000001,true,8.531176210619156e-10,mgh18,13,6,0.3895350378279851,0.3895350378279851
NLLSsolver-LM,true,true,6.734591829533286e-30,55,0.0007035,true,1.3342915016370838e-15,mgh18,13,6,0.3895350378279851,0.3895350378279851
LsqFit-LM,true,true,1.2283630852508236e-21,0,0.000564833,true,4.952586047566776e-11,mgh18,13,6,0.3895350378279851,0.3895350378279851
Optim-BFGS,true,true,0.002827824962750005,42,0.0003285,true,6.761632857312459e-9,mgh18,13,6,0.3895350378279851,0.3867072128652351
Optim-L-BFGS,true,true,0.002827824962749975,43,0.000365208,true,3.2026106701810358e-9,mgh18,13,6,0.3895350378279851,0.38670721286523513
This work,true,false,0.020084300307831725,15,0.002777041,true,9.9860188737888e-6,mgh19,65,11,15.563463228651605,15.543378928343772
NonlinearSolve-TR,true,true,0.04383556087321756,101,0.0054678750000000005,true,1.7379095018772335e-8,mgh19,65,11,15.563463228651605,15.519627667778387
NonlinearSolve-LM,true,false,0.04383667026181928,400,0.036011375000000005,true,0.002728949153709485,mgh19,65,11,15.563463228651605,15.519626558389785
NonlinearSolve-GNBK,true,true,0.020084300255541306,63,0.013615042,true,4.5944716780216654e-10,mgh19,65,11,15.563463228651605,15.543378928396063
NonlinearSolve-GNLF,true,true,0.02008430025554132,48,0.003509041,true,2.2654230564520885e-15,mgh19,65,11,15.563463228651605,15.543378928396063
JSO-TRON,true,false,0.0200843002555584,64,0.014747834000000001,true,1.0571034282300598e-8,mgh19,65,11,15.563463228651605,15.543378928396047
LSO-Levenberg-QR,true,true,0.16467519277957493,71,0.004216167,true,3.075039146827025e-5,mgh19,65,11,15.563463228651605,15.39878803587203
Scipy-LeastSquares,true,true,0.020084300255860898,14,0.00489325,true,6.659413398790819e-7,mgh19,65,11,15.563463228651605,15.543378928395743
NLLSsolver-LM,true,true,0.020084300260981708,13,0.001242833,true,7.858963689349292e-7,mgh19,65,11,15.563463228651605,15.543378928390624
LsqFit-LM,true,true,0.18120345554674452,0,0.009735500000000001,true,2.5471843012936228e-6,mgh19,65,11,15.563463228651605,15.38225977310486
Optim-BFGS,true,true,0.02008430025554133,69,0.004730875000000001,true,1.6985421627994746e-9,mgh19,65,11,15.563463228651605,15.543378928396063
Optim-L-BFGS,true,true,0.04383556087321773,191,0.011645084,true,1.3589614966361229e-8,mgh19,65,11,15.563463228651605,15.519627667778387
This work,true,false,0.0011438350678467395,5,0.000661625,true,6.737990343473382e-6,mgh20,31,6,15.0,14.998856164932153
NonlinearSolve-TR,true,true,0.0011438350267761743,43,0.0012147500000000001,true,2.458504815087826e-10,mgh20,31,6,15.0,14.998856164973224
NonlinearSolve-LM,true,true,0.0011438350267761964,135,0.0071222080000000005,true,1.0276380139904962e-12,mgh20,31,6,15.0,14.998856164973224
NonlinearSolve-GNBK,true,true,0.0011438350267761771,42,0.017792209,true,1.6752595585369617e-9,mgh20,31,6,15.0,14.998856164973224
NonlinearSolve-GNLF,true,true,0.0011438350267761771,42,0.001760375,true,2.926660784990231e-14,mgh20,31,6,15.0,14.998856164973224
JSO-TRON,true,true,0.0011438350267762535,14,0.0018515,true,7.600765668113156e-9,mgh20,31,6,15.0,14.998856164973224
LSO-Levenberg-QR,true,true,0.0011438350267763942,13,0.000524666,true,1.4052105570134746e-8,mgh20,31,6,15.0,14.998856164973224
Scipy-LeastSquares,true,true,0.0011438350267862524,8,0.002950958,true,1.0376753965376344e-7,mgh20,31,6,15.0,14.998856164973214
NLLSsolver-LM,true,true,0.001143835026780534,7,0.00032475,true,6.807897518102416e-8,mgh20,31,6,15.0,14.998856164973219
LsqFit-LM,true,true,0.0011438350268609442,0,0.000474292,true,3.012488440607192e-7,mgh20,31,6,15.0,14.99885616497314
Optim-BFGS,true,true,0.0011438350267762127,38,0.001607916,true,4.438917331843341e-9,mgh20,31,6,15.0,14.998856164973224
Optim-L-BFGS,true,true,0.0011438350267761938,50,0.002072417,true,1.7653687633017827e-9,mgh20,31,6,15.0,14.998856164973224
This work,true,true,0.0,24,0.0039053750000000004,true,0.0,mgh21,20,20,120.99999999999997,120.99999999999997
NonlinearSolve-TR,true,true,0.0,20,0.000160208,true,0.0,mgh21,20,20,120.99999999999997,120.99999999999997
NonlinearSolve-LM,true,true,5.249905716618063e-22,29,0.001317,true,9.94331500723703e-10,mgh21,20,20,120.99999999999997,120.99999999999997
NonlinearSolve-GNBK,true,true,0.0,14,0.000157125,true,0.0,mgh21,20,20,120.99999999999997,120.99999999999997
NonlinearSolve-GNLF,true,true,0.0,7,7.9833e-5,true,0.0,mgh21,20,20,120.99999999999997,120.99999999999997
JSO-TRON,true,true,3.0371391370041836e-24,16,0.00020941700000000002,true,5.511024529980051e-11,mgh21,20,20,120.99999999999997,120.99999999999997
LSO-Levenberg-QR,true,true,1.6982696175211095e-25,35,0.000495125,true,1.3056894928134698e-11,mgh21,20,20,120.99999999999997,120.99999999999997
Scipy-LeastSquares,true,true,6.162975822039155e-31,18,0.004754917,true,2.482534153247273e-14,mgh21,20,20,120.99999999999997,120.99999999999997
NLLSsolver-LM,true,true,0.0,15,0.00018725000000000002,true,0.0,mgh21,20,20,120.99999999999997,120.99999999999997
LsqFit-LM,true,true,1.7763568394054337e-15,0,0.00039933300000000003,true,1.9736960273112324e-12,mgh21,20,20,120.99999999999997,120.99999999999997
Optim-BFGS,true,true,1.1368390720498337e-19,168,0.0017852920000000002,true,1.0701718287799414e-8,mgh21,20,20,120.99999999999997,120.99999999999997
Optim-L-BFGS,true,true,-8.879350705069598e-16,43,0.000303083,true,1.5924678263552884e-8,mgh21,20,20,120.99999999999997,120.99999999999997
This work,true,false,3.335663895834054e-11,11,0.001079125,true,4.696877523612442e-6,mgh22,20,20,537.5,537.4999999999667
NonlinearSolve-TR,true,true,2.7319914629385002e-17,16,0.000131042,true,4.0292798133985e-9,mgh22,20,20,537.5,537.5
NonlinearSolve-LM,true,true,3.5021813587741734e-17,21,0.0009496670000000001,true,5.556594981806757e-10,mgh22,20,20,537.5,537.5
NonlinearSolve-GNBK,true,true,3.035766082959421e-17,16,0.00016350000000000002,true,4.165001590568284e-9,mgh22,20,20,537.5,537.5
NonlinearSolve-GNLF,true,true,3.035766082959421e-17,16,0.00013416600000000002,true,4.165001590568284e-9,mgh22,20,20,537.5,537.5
JSO-TRON,true,true,1.3626848475375612e-12,17,0.000310542,true,3.4955258846432585e-9,mgh22,20,20,537.5,537.4999999999986
LSO-Levenberg-QR,true,true,1.3200574226120826e-15,18,0.00027141700000000003,true,6.99475920722005e-9,mgh22,20,20,537.5,537.5
Scipy-LeastSquares,true,true,4.857194060586607e-16,16,0.003917208,true,1.6989091861998656e-8,mgh22,20,20,537.5,537.5
NLLSsolver-LM,true,true,2.956475684214361e-17,16,0.000172458,true,4.248909014970676e-9,mgh22,20,20,537.5,537.5
LsqFit-LM,true,true,2.6374282520675143e-16,0,0.00019662500000000002,true,1.2268576054905964e-8,mgh22,20,20,537.5,537.5
Optim-BFGS,true,true,7.403620569935487e-12,94,0.0004897500000000001,true,1.7326275733575922e-8,mgh22,20,20,537.5,537.4999999999926
Optim-L-BFGS,true,true,1.9761678086835698e-15,47,0.000273667,true,6.852749776205611e-9,mgh22,20,20,537.5,537.5
This work,true,false,1.1250098346615488e-5,18,0.0014470840000000002,true,7.154561379911712e-6,mgh23,5,4,442.53132,442.53130874990165
NonlinearSolve-TR,true,true,1.124988750449969e-5,73,0.000250583,true,6.173273705541538e-13,mgh23,5,4,442.53132,442.5313087501125
NonlinearSolve-LM,true,false,1.124992907573144e-5,400,0.0024252080000000003,true,5.787693435866407e-8,mgh23,5,4,442.53132,442.53130875007093
NonlinearSolve-GNBK,true,false,1.1249887504499686e-5,400,0.002209,true,3.4869801773461175e-13,mgh23,5,4,442.53132,442.5313087501125
NonlinearSolve-GNLF,true,false,1.1249973823690158e-5,400,0.001780125,true,1.2212619007206859e-5,mgh23,5,4,442.53132,442.53130875002614
JSO-TRON,true,true,1.1249887504499686e-5,25,0.000127667,true,9.796214588447281e-13,mgh23,5,4,442.53132,442.5313087501125
LSO-Levenberg-QR,true,false,34.14593095687389,400,0.001012833,true,48.22565987051274,mgh23,5,4,442.53132,408.3853890431261
Scipy-LeastSquares,true,true,1.124988752307926e-5,10,0.00302175,true,2.730334618240592e-9,mgh23,5,4,442.53132,442.5313087501125
NLLSsolver-LM,true,true,1.1249887505560893e-5,16,4.2812500000000004e-5,true,5.22168411805205e-10,mgh23,5,4,442.53132,442.5313087501125
LsqFit-LM,true,false,252.32682098007473,0,0.0007122080000000001,true,214.1303657396003,mgh23,5,4,442.53132,190.20449901992527
Optim-BFGS,true,true,1.1249887504917272e-5,62,0.000202,true,1.1066227860622444e-8,mgh23,5,4,442.53132,442.5313087501125
Optim-L-BFGS,true,true,1.1249887504923877e-5,65,0.0002685,true,1.9224536840465113e-8,mgh23,5,4,442.53132,442.5313087501125
This work,true,false,1.7351067936490382e-6,16,0.0015099170000000002,true,2.9949298768601822e-5,mgh24,8,4,1.1700016711166643,1.1699999360098707
NonlinearSolve-TR,true,true,1.7284107817866938e-6,88,0.000425708,true,1.0895876779478453e-13,mgh24,8,4,1.1700016711166643,1.1699999427058825
NonlinearSolve-LM,true,false,1.7284152733644532e-6,400,0.003238167,true,8.127011310880507e-8,mgh24,8,4,1.1700016711166643,1.169999942701391
NonlinearSolve-GNBK,true,false,1.728410781786652e-6,400,0.00529775,true,5.648024372627686e-11,mgh24,8,4,1.1700016711166643,1.1699999427058825
NonlinearSolve-GNLF,true,false,1.7809277814753943e-6,400,0.0036435,true,0.0009327001510242943,mgh24,8,4,1.1700016711166643,1.1699998901888828
JSO-TRON,true,true,1.7284423916118034e-6,316,0.003487041,true,8.931704275020289e-9,mgh24,8,4,1.1700016711166643,1.1699999426742727
LSO-Levenberg-QR,true,true,1.7284107831386386e-6,137,0.0005853340000000001,true,4.3799114658908674e-8,mgh24,8,4,1.1700016711166643,1.1699999427058811
Scipy-LeastSquares,true,true,1.7284107828247318e-6,64,0.009727125000000001,true,2.5886311935855443e-8,mgh24,8,4,1.1700016711166643,1.1699999427058816
NLLSsolver-LM,true,true,1.728410781931358e-6,17,0.00012837500000000002,true,7.310772390527562e-9,mgh24,8,4,1.1700016711166643,1.1699999427058825
LsqFit-LM,true,false,1.7363607455833006e-6,0,0.001315917,true,7.059789530183137e-6,mgh24,8,4,1.1700016711166643,1.1699999347559187
Optim-BFGS,true,false,1.7295463456927794e-6,400,0.0024685420000000002,true,3.059793219381905e-7,mgh24,8,4,1.1700016711166643,1.1699999415703186
Optim-L-BFGS,true,true,1.7284107818793977e-6,386,0.0025045420000000002,true,9.103547556428016e-9,mgh24,8,4,1.1700016711166643,1.1699999427058825
This work,true,true,0.0,10,0.0007920840000000001,true,0.0,mgh25,12,10,1.09927558125e6,1.09927558125e6
NonlinearSolve-TR,true,true,0.0,10,9.925e-5,true,0.0,mgh25,12,10,1.09927558125e6,1.09927558125e6
NonlinearSolve-LM,true,true,-6.821210263296962e-13,22,0.00040325,true,4.948050645885558e-11,mgh25,12,10,1.09927558125e6,1.09927558125e6
NonlinearSolve-GNBK,true,true,0.0,10,0.000114084,true,0.0,mgh25,12,10,1.09927558125e6,1.09927558125e6
NonlinearSolve-GNLF,true,true,0.0,10,0.000102417,true,0.0,mgh25,12,10,1.09927558125e6,1.09927558125e6
JSO-TRON,true,true,2.1465764007060764e-58,10,7.112500000000001e-5,true,0.0,mgh25,12,10,1.09927558125e6,1.09927558125e6
LSO-Levenberg-QR,true,true,-9.094947017729282e-13,11,2.9708333333333338e-5,true,7.140866117879973e-14,mgh25,12,10,1.09927558125e6,1.09927558125e6
Scipy-LeastSquares,true,true,0.0,11,0.002819167,true,0.0,mgh25,12,10,1.09927558125e6,1.09927558125e6
NLLSsolver-LM,true,true,-2.2737367544323206e-13,10,1.897925e-5,true,0.0,mgh25,12,10,1.09927558125e6,1.09927558125e6
LsqFit-LM,true,true,1.0146642192952178e-40,0,4.9500000000000004e-5,true,2.347951754905364e-9,mgh25,12,10,1.09927558125e6,1.09927558125e6
Optim-BFGS,true,true,-2.2737367544323206e-13,22,0.00022666600000000001,true,2.04263325949009e-10,mgh25,12,10,1.09927558125e6,1.09927558125e6
Optim-L-BFGS,true,true,-4.547473508864641e-13,20,9.2792e-5,true,5.305033120642683e-12,mgh25,12,10,1.09927558125e6,1.09927558125e6
This work,true,false,1.3975474924201626e-5,17,0.002177417,true,5.173081111262601e-6,mgh26,10,10,0.0035378797331114178,0.003523904258187216
NonlinearSolve-TR,true,true,1.3975280609428025e-5,151,0.0010606250000000002,true,1.883634348602349e-9,mgh26,10,10,0.0035378797331114178,0.00352390445250199
NonlinearSolve-LM,true,false,1.399420097727595e-5,400,0.009472875,true,4.177977528384885e-5,mgh26,10,10,0.0035378797331114178,0.003523885532134142
NonlinearSolve-GNBK,true,true,3.910061491693854e-29,9,0.00016962500000000002,true,9.550387552132374e-15,mgh26,10,10,0.0035378797331114178,0.0035378797331114178
NonlinearSolve-GNLF,true,true,2.3777434348266066e-21,8,0.000107708,true,4.852957046407617e-11,mgh26,10,10,0.0035378797331114178,0.0035378797331114178
JSO-TRON,true,true,1.3975280609450326e-5,26,0.0008901670000000001,true,4.970196100751477e-9,mgh26,10,10,0.0035378797331114178,0.0035239044525019673
LSO-Levenberg-QR,true,true,1.397528064707404e-5,24,0.000284916,true,6.671598301092623e-8,mgh26,10,10,0.0035378797331114178,0.0035239044524643438
Scipy-LeastSquares,true,true,1.3975280613201818e-5,17,0.004778208,true,1.8063405434149183e-8,mgh26,10,10,0.0035378797331114178,0.003523904452498216
NLLSsolver-LM,true,true,1.3975280610337727e-5,17,0.000257083,true,1.2969679671388207e-8,mgh26,10,10,0.0035378797331114178,0.00352390445250108
LsqFit-LM,true,true,1.3975280611527852e-5,0,0.001073875,true,1.9511793624135827e-8,mgh26,10,10,0.0035378797331114178,0.00352390445249989
Optim-BFGS,true,true,1.3975280609494816e-5,33,0.000260208,true,9.679686136823802e-9,mgh26,10,10,0.0035378797331114178,0.003523904452501923
Optim-L-BFGS,true,true,1.3975280609417317e-5,32,0.00030725,true,6.116986083802366e-9,mgh26,10,10,0.0035378797331114178,0.0035239044525020003
This work,true,true,5.435944312314338e-24,2,0.000271917,true,1.0457720331718663e-11,mgh27,10,10,136.62402391433716,136.62402391433716
NonlinearSolve-TR,true,true,3.410605131648481e-13,5,2.3333000000000002e-5,true,0.0,mgh27,10,10,136.62402391433716,136.62402391433682
NonlinearSolve-LM,true,true,-4.547473410448873e-13,16,0.000298208,true,1.3447951893474302e-11,mgh27,10,10,136.62402391433716,136.6240239143376
NonlinearSolve-GNBK,true,false,50.24909409294639,5,0.000929625,true,104.14078217615968,mgh27,10,10,136.62402391433716,86.37492982139077
NonlinearSolve-GNLF,true,true,1.0113202967909193e-26,11,6.2041e-5,true,4.2750823912715883e-13,mgh27,10,10,136.62402391433716,136.62402391433716
JSO-TRON,true,true,-4.5474735088645357e-13,5,6.645900000000001e-5,true,4.229967790404662e-13,mgh27,10,10,136.62402391433716,136.6240239143376
LSO-Levenberg-QR,true,true,2.273736756567927e-13,11,2.9889e-5,true,1.973007146240048e-12,mgh27,10,10,136.62402391433716,136.62402391433693
Scipy-LeastSquares,true,true,9.705513489115152e-26,6,0.0025132500000000003,true,1.4740979258806351e-12,mgh27,10,10,136.62402391433716,136.62402391433716
NLLSsolver-LM,true,true,4.070583900698641e-28,8,6.4708e-5,true,4.4938668397781776e-14,mgh27,10,10,136.62402391433716,136.62402391433716
LsqFit-LM,true,true,4.54747350893343e-13,0,6.1208e-5,true,5.445020233134024e-12,mgh27,10,10,136.62402391433716,136.6240239143367
Optim-BFGS,true,true,-2.273263440991504e-13,12,5.7917e-5,true,1.143116106845143e-8,mgh27,10,10,136.62402391433716,136.62402391433739
Optim-L-BFGS,true,true,-1.1368532215461636e-13,14,8.1167e-5,true,1.8803710934951994e-8,mgh27,10,10,136.62402391433716,136.62402391433727
This work,true,true,4.835798353678386e-16,2,0.00020475000000000002,true,6.191426821079518e-9,mgh28,10,10,0.00039425955063241,0.00039425955063192644
NonlinearSolve-TR,true,true,1.591219450868097e-18,5,3.7166e-5,true,3.5667267811563357e-10,mgh28,10,10,0.00039425955063241,0.0003942595506324084
NonlinearSolve-LM,true,true,2.3941548821476013e-21,12,0.000281042,true,7.195725935183908e-12,mgh28,10,10,0.00039425955063241,0.00039425955063241
NonlinearSolve-GNBK,true,true,1.4194667927422323e-31,3,3.5916e-5,true,1.9256501571336615e-16,mgh28,10,10,0.00039425955063241,0.00039425955063241
NonlinearSolve-GNLF,true,true,1.4194667927422323e-31,3,2.6209000000000003e-5,true,1.9256501571336615e-16,mgh28,10,10,0.00039425955063241,0.00039425955063241
JSO-TRON,true,true,4.835798352295591e-16,2,7.05e-5,true,6.191426749199071e-9,mgh28,10,10,0.00039425955063241,0.00039425955063192644
LSO-Levenberg-QR,true,true,6.934732222069697e-22,10,4.9042e-5,true,3.872777621469824e-12,mgh28,10,10,0.00039425955063241,0.00039425955063241
Scipy-LeastSquares,true,true,4.835798352285531e-16,3,0.002261459,true,6.191426817813956e-9,mgh28,10,10,0.00039425955063241,0.00039425955063192644
NLLSsolver-LM,true,true,8.491018873955679e-33,3,1.7917e-5,true,2.0405617913536137e-16,mgh28,10,10,0.00039425955063241,0.00039425955063241
LsqFit-LM,true,true,4.533316245400448e-19,0,6.35e-5,true,9.901282469903872e-11,mgh28,10,10,0.00039425955063241,0.00039425955063240956
Optim-BFGS,true,true,1.4273057618173748e-18,18,0.00011462500000000001,true,5.725616251691411e-10,mgh28,10,10,0.00039425955063241,0.0003942595506324086
Optim-L-BFGS,true,true,2.1346149819331283e-17,52,0.000304792,true,1.1300104614265243e-8,mgh28,10,10,0.00039425955063241,0.00039425955063238864
This work,true,true,2.0206471790522e-29,3,0.000334042,true,8.182909323627935e-15,mgh29,10,10,0.03170842078972631,0.03170842078972631
NonlinearSolve-TR,true,true,4.1071027654267756e-19,5,9.233300000000001e-5,true,1.1603110641072016e-9,mgh29,10,10,0.03170842078972631,0.03170842078972631
NonlinearSolve-LM,true,true,1.5386519921669425e-18,6,0.00026450000000000003,true,1.933959033134369e-9,mgh29,10,10,0.03170842078972631,0.03170842078972631
NonlinearSolve-GNBK,true,true,2.0314251645034772e-29,3,9.825e-5,true,8.204452084398752e-15,mgh29,10,10,0.03170842078972631,0.03170842078972631
NonlinearSolve-GNLF,true,true,2.0314251645034772e-29,3,6.387500000000001e-5,true,8.204452084398752e-15,mgh29,10,10,0.03170842078972631,0.03170842078972631
JSO-TRON,true,true,2.3627716899365842e-18,4,0.00048175000000000003,true,2.65304517482773e-9,mgh29,10,10,0.03170842078972631,0.03170842078972631
LSO-Levenberg-QR,true,true,5.75677859211129e-23,5,6.1375e-5,true,1.182589159383134e-11,mgh29,10,10,0.03170842078972631,0.03170842078972631
Scipy-LeastSquares,true,true,2.0206471790522e-29,4,0.0023995830000000003,true,8.182909323627935e-15,mgh29,10,10,0.03170842078972631,0.03170842078972631
NLLSsolver-LM,true,true,3.851859888774472e-34,4,5.38125e-5,true,2.972938718580366e-17,mgh29,10,10,0.03170842078972631,0.03170842078972631
LsqFit-LM,true,true,5.27808018807274e-24,0,0.0001225,true,3.611499571889654e-12,mgh29,10,10,0.03170842078972631,0.03170842078972631
Optim-BFGS,true,true,9.104593422385946e-19,7,0.00011012500000000001,true,1.5632960060448564e-9,mgh29,10,10,0.03170842078972631,0.03170842078972631
Optim-L-BFGS,true,true,8.917358691439685e-18,7,0.00011666700000000001,true,4.306274216742091e-9,mgh29,10,10,0.03170842078972631,0.031708420789726306
This work,true,true,5.642615636008555e-19,4,0.00035558300000000003,true,3.3108451791525245e-9,mgh30,10,10,10.5,10.5
NonlinearSolve-TR,true,true,2.2782202535580728e-23,5,2.9459e-5,true,2.4176051493288476e-11,mgh30,10,10,10.5,10.5
NonlinearSolve-LM,true,true,1.8678151916076064e-17,8,0.000176042,true,1.708000363360102e-8,mgh30,10,10,10.5,10.5
NonlinearSolve-GNBK,true,true,5.642616177376431e-19,4,3.4791e-5,true,3.3108450289289467e-9,mgh30,10,10,10.5,10.5
NonlinearSolve-GNLF,true,true,5.642616177376431e-19,4,2.5917000000000003e-5,true,3.3108450289289467e-9,mgh30,10,10,10.5,10.5
JSO-TRON,true,false,4.6267563051741944e-18,5,0.00013495800000000002,true,1.2460855474548159e-8,mgh30,10,10,10.5,10.5
LSO-Levenberg-QR,true,true,1.2378006849580614e-24,7,3.21875e-5,true,4.433399347332777e-12,mgh30,10,10,10.5,10.5
Scipy-LeastSquares,true,true,5.642615568451493e-19,5,0.0024134580000000003,true,3.3108451332913248e-9,mgh30,10,10,10.5,10.5
NLLSsolver-LM,true,true,3.019858152799186e-31,5,1.7444333333333335e-5,true,5.2680058162245355e-15,mgh30,10,10,10.5,10.5
LsqFit-LM,true,true,2.466271904201855e-22,0,4.4542e-5,true,6.242807500479972e-11,mgh30,10,10,10.5,10.5
Optim-BFGS,true,true,4.313945679831695e-20,23,0.00013475,true,2.0509444885205018e-9,mgh30,10,10,10.5,10.5
Optim-L-BFGS,true,true,3.934278055902604e-19,23,0.000103541,true,5.093061502365797e-9,mgh30,10,10,10.5,10.5
This work,true,true,3.6400075948918758e-31,6,0.000540167,true,6.0652419682252684e-15,mgh31,10,10,180.0,180.0
NonlinearSolve-TR,true,true,3.6400075948918758e-31,6,4.9333000000000004e-5,true,6.065241968225269e-15,mgh31,10,10,180.0,180.0
NonlinearSolve-LM,true,true,1.528156823611047e-20,9,0.00023883400000000002,true,8.30024365776579e-10,mgh31,10,10,180.0,180.0
NonlinearSolve-GNBK,true,true,3.6400075948918758e-31,6,7.475e-5,true,6.065241968225269e-15,mgh31,10,10,180.0,180.0
NonlinearSolve-GNLF,true,true,3.6400075948918758e-31,6,4.9583e-5,true,6.065241968225269e-15,mgh31,10,10,180.0,180.0
JSO-TRON,true,false,3.4750214792893656e-17,7,0.000556666,true,4.7592077375499845e-8,mgh31,10,10,180.0,180.0
LSO-Levenberg-QR,true,true,1.0712676011304931e-26,7,3.2278e-5,true,8.157191289849214e-13,mgh31,10,10,180.0,180.0
Scipy-LeastSquares,true,true,3.6400075948918758e-31,7,0.0026181660000000003,true,6.065241968225269e-15,mgh31,10,10,180.0,180.0
NLLSsolver-LM,true,true,4.6260837264181405e-31,6,3.7562500000000005e-5,true,6.6963840842783006e-15,mgh31,10,10,180.0,180.0
LsqFit-LM,true,true,3.1883038943041895e-21,0,7.0666e-5,true,4.506122229975673e-10,mgh31,10,10,180.0,180.0
Optim-BFGS,true,true,1.0687593484224777e-19,34,0.000301875,true,2.9290909946437724e-9,mgh31,10,10,180.0,180.0
Optim-L-BFGS,true,true,2.232635053221744e-21,18,0.00013433300000000002,true,4.767927791107183e-10,mgh31,10,10,180.0,180.0
This work,true,true,5.000000000000001,2,0.00022375000000000002,true,1.4985954722843214e-15,mgh32,20,10,25.0,20.0
NonlinearSolve-TR,true,true,5.000000000000002,36,0.00035600000000000003,true,2.3629761096480587e-15,mgh32,20,10,25.0,20.0
NonlinearSolve-LM,true,true,5.0000000000000036,105,0.00202825,true,1.9330354565967278e-10,mgh32,20,10,25.0,19.999999999999996
NonlinearSolve-GNBK,true,true,5.000000000000003,33,0.000543541,true,1.5895974606912448e-15,mgh32,20,10,25.0,19.999999999999996
NonlinearSolve-GNLF,true,true,5.000000000000003,33,0.0004970840000000001,true,1.5895974606912448e-15,mgh32,20,10,25.0,19.999999999999996
JSO-TRON,true,true,5.000000000000002,3,3.875e-5,true,1.5895974606912448e-15,mgh32,20,10,25.0,20.0
LSO-Levenberg-QR,true,true,5.000000000000287,4,1.575e-5,true,7.520815456749381e-7,mgh32,20,10,25.0,19.999999999999712
Scipy-LeastSquares,true,true,5.000000000000001,3,0.002261417,true,1.6050308076832566e-15,mgh32,20,10,25.0,20.0
NLLSsolver-LM,true,true,5.000000000000005,2,1.8959000000000003e-5,true,6.309670456706533e-13,mgh32,20,10,25.0,19.999999999999993
LsqFit-LM,true,true,5.000000000000002,0,5.3041e-5,true,2.5846987710704936e-10,mgh32,20,10,25.0,20.0
Optim-BFGS,true,true,5.000000000000003,1,4.542e-6,true,2.6852712547870858e-15,mgh32,20,10,25.0,19.999999999999996
Optim-L-BFGS,true,true,5.000000000000003,1,7.305333333333334e-6,true,2.6852712547870858e-15,mgh32,20,10,25.0,19.999999999999996
This work,true,true,2.3170731707317196,1,0.00014179200000000001,true,4.2743990344120074e-10,mgh33,20,10,4.329335e6,4.329332682926829e6
NonlinearSolve-TR,true,true,2.317067274241708,50,0.0004970420000000001,true,2.1465924701869692e-8,mgh33,20,10,4.329335e6,4.329332682932726e6
NonlinearSolve-LM,true,true,2.3170731707654113,104,0.0020371250000000003,true,2.362718798767835e-9,mgh33,20,10,4.329335e6,4.329332682926829e6
NonlinearSolve-GNBK,true,true,6.305039478318695e16,73,0.002597167,true,2101.8705954458756,mgh33,20,10,4.329335e6,-6.305039477885762e16
NonlinearSolve-GNLF,true,false,4.329334914079234e6,400,0.026067583000000002,true,3.093120150956406e6,mgh33,20,10,4.329335e6,0.08592076599597931
JSO-TRON,true,true,2.3170731707130017,1,1.8417e-5,true,4.880860748016399e-11,mgh33,20,10,4.329335e6,4.329332682926829e6
LSO-Levenberg-QR,true,true,2.3170731707726873,4,3.4042000000000004e-5,true,4.1807994126849385e-5,mgh33,20,10,4.329335e6,4.329332682926829e6
Scipy-LeastSquares,true,true,2.3170731707317485,3,0.002458584,true,7.205769887159082e-10,mgh33,20,10,4.329335e6,4.329332682926829e6
NLLSsolver-LM,true,true,2.317073170685944,3,4.7083e-5,true,2.0782567526904957e-8,mgh33,20,10,4.329335e6,4.329332682926829e6
LsqFit-LM,true,true,2.3170731708970607,0,5.2292e-5,true,1.3771623913227637e-9,mgh33,20,10,4.329335e6,4.329332682926829e6
Optim-BFGS,true,true,2.317073170693334,1,7.736e-6,true,4.067383956680332e-10,mgh33,20,10,4.329335e6,4.329332682926829e6
Optim-L-BFGS,true,true,2.317073170693334,1,1.0292e-5,true,4.067383956680332e-10,mgh33,20,10,4.329335e6,4.329332682926829e6
This work,true,true,3.067567567567561,1,0.000131542,true,3.946760319662341e-10,mgh34,20,10,2.033998e6,2.0339949324324324e6
NonlinearSolve-TR,true,false,2.033998e6,400,0.00027312500000000004,true,1.5609442454809204e6,mgh34,20,10,2.033998e6,0.0
NonlinearSolve-LM,true,true,3.0675675675643106,88,0.0016530420000000002,true,2.157861233764466e-10,mgh34,20,10,2.033998e6,2.0339949324324324e6
NonlinearSolve-GNBK,true,false,2.033998e6,1,1.7167e-5,true,1.5609442454809204e6,mgh34,20,10,2.033998e6,0.0
NonlinearSolve-GNLF,true,false,2.033998e6,1,1.7208000000000002e-5,true,1.5609442454809204e6,mgh34,20,10,2.033998e6,0.0
JSO-TRON,true,true,3.067567567575793,1,1.4625000000000001e-5,true,1.373306883628311e-11,mgh34,20,10,2.033998e6,2.0339949324324324e6
LSO-Levenberg-QR,true,true,3.06756756752236,4,3.325e-5,true,5.1321007680698334e-5,mgh34,20,10,2.033998e6,2.0339949324324324e6
Scipy-LeastSquares,true,true,3.067567567567549,3,0.002343125,true,7.275957614183426e-11,mgh34,20,10,2.033998e6,2.0339949324324324e6
NLLSsolver-LM,true,true,3.0675675675632874,3,3.3166e-5,true,7.275957614183426e-12,mgh34,20,10,2.033998e6,2.0339949324324324e6
LsqFit-LM,true,true,3.0675675675573757,0,4.2917e-5,true,2.3276839178808485e-9,mgh34,20,10,2.033998e6,2.0339949324324324e6
Optim-BFGS,true,true,3.0675675675613547,1,7.194333333333333e-6,true,4.66243568297661e-11,mgh34,20,10,2.033998e6,2.0339949324324324e6
Optim-L-BFGS,true,true,3.0675675675613547,1,9.791500000000001e-6,true,4.66243568297661e-11,mgh34,20,10,2.033998e6,2.0339949324324324e6
This work,true,true,0.0,24,0.001894917,true,0.0,nls_rosenbrock,2,2,12.099999999999998,12.099999999999998
NonlinearSolve-TR,true,true,0.0,20,3.2083000000000004e-5,true,0.0,nls_rosenbrock,2,2,12.099999999999998,12.099999999999998
NonlinearSolve-LM,true,true,5.2629398249989724e-23,29,0.00010491700000000001,true,3.1423322216797197e-10,nls_rosenbrock,2,2,12.099999999999998,12.099999999999998
NonlinearSolve-GNBK,true,true,0.0,14,4.0791e-5,true,0.0,nls_rosenbrock,2,2,12.099999999999998,12.099999999999998
NonlinearSolve-GNLF,true,true,0.0,7,2.3417000000000003e-5,true,0.0,nls_rosenbrock,2,2,12.099999999999998,12.099999999999998
JSO-TRON,true,true,3.0371391370041836e-25,16,8.800000000000001e-5,true,1.7427389755795856e-11,nls_rosenbrock,2,2,12.099999999999998,12.099999999999998
LSO-Levenberg-QR,true,true,1.6982696175211095e-26,35,1.0630857142857142e-5,true,4.128952714240617e-12,nls_rosenbrock,2,2,12.099999999999998,12.099999999999998
Scipy-LeastSquares,true,true,0.0,18,0.0040589580000000005,true,0.0,nls_rosenbrock,2,2,12.099999999999998,12.099999999999998
NLLSsolver-LM,true,true,0.0,14,1.3680666666666668e-5,true,0.0,nls_rosenbrock,2,2,12.099999999999998,12.099999999999998
LsqFit-LM,true,true,5.183062666334929e-28,0,6.208300000000001e-5,true,6.24137485512939e-13,nls_rosenbrock,2,2,12.099999999999998,12.099999999999998
Optim-BFGS,true,true,2.4064880728575908e-21,41,0.00013525,true,1.5156787807811358e-9,nls_rosenbrock,2,2,12.099999999999998,12.099999999999998
Optim-L-BFGS,true,true,2.4336388912643374e-20,43,0.000184,true,5.035976970994588e-9,nls_rosenbrock,2,2,12.099999999999998,12.099999999999998
This work,true,true,0.0,1,0.000117041,true,0.0,tp201,2,2,22.5,22.5
NonlinearSolve-TR,true,true,0.0,4,1.15e-5,true,0.0,tp201,2,2,22.5,22.5
NonlinearSolve-LM,true,true,-1.4210854715202004e-14,7,2.8792e-5,true,3.781289898785697e-10,tp201,2,2,22.5,22.500000000000014
NonlinearSolve-GNBK,true,true,0.0,1,9.4165e-6,true,0.0,tp201,2,2,22.5,22.5
NonlinearSolve-GNLF,true,true,0.0,1,9.0625e-6,true,0.0,tp201,2,2,22.5,22.5
JSO-TRON,true,true,0.0,2,9.791500000000001e-6,true,0.0,tp201,2,2,22.5,22.5
LSO-Levenberg-QR,true,true,0.0,6,1.9947500000000003e-6,true,7.470589015188291e-13,tp201,2,2,22.5,22.5
Scipy-LeastSquares,true,true,0.0,2,0.002145667,true,0.0,tp201,2,2,22.5,22.5
NLLSsolver-LM,true,true,0.0,3,4.026e-6,true,0.0,tp201,2,2,22.5,22.5
LsqFit-LM,true,true,1.4210854715202004e-14,0,7.2397500000000004e-6,true,5.055135187478466e-10,tp201,2,2,22.5,22.499999999999986
Optim-BFGS,true,true,0.0,3,8.319666666666668e-6,true,0.0,tp201,2,2,22.5,22.5
Optim-L-BFGS,true,true,-1.4210854715202004e-14,3,1.2020500000000001e-5,true,3.552713678800501e-15,tp201,2,2,22.5,22.500000000000014
This work,true,false,24.492126879799,20,0.001635708,true,0.005103067733543907,tp202,2,2,628.0,603.507873120201
NonlinearSolve-TR,true,true,24.49212683962,69,9.191700000000001e-5,true,4.738099022119775e-7,tp202,2,2,628.0,603.50787316038
NonlinearSolve-LM,true,false,24.49225388325217,400,0.0013975840000000001,true,0.03942587955935343,tp202,2,2,628.0,603.5077461167479
NonlinearSolve-GNBK,true,true,28.967442657268403,38,0.001142625,true,56.772317451411126,tp202,2,2,628.0,599.0325573427316
NonlinearSolve-GNLF,true,false,32.39752144089621,400,0.001335541,true,91.73065967168347,tp202,2,2,628.0,595.6024785591038
JSO-TRON,true,false,24.492126839620468,104,0.000609625,true,6.002969836237443e-7,tp202,2,2,628.0,603.5078731603795
LSO-Levenberg-QR,true,true,24.492126842736294,14,3.1416e-5,true,0.001453897373488023,tp202,2,2,628.0,603.5078731572637
Scipy-LeastSquares,true,true,24.492126879797258,12,0.003628333,true,0.005103068665035189,tp202,2,2,628.0,603.5078731202027
NLLSsolver-LM,true,true,24.492126871037225,15,3.9187500000000004e-5,true,0.0031877563728726303,tp202,2,2,628.0,603.5078731289627
LsqFit-LM,true,false,24.492126839620003,0,0.000327959,true,1.1439975344707885e-6,tp202,2,2,628.0,603.50787316038
Optim-BFGS,true,true,24.492126839620017,10,1.8416e-5,true,3.780309809680063e-12,tp202,2,2,628.0,603.50787316038
Optim-L-BFGS,true,true,24.492126839620006,17,4.1542e-5,true,5.88783393617828e-10,tp202,2,2,628.0,603.50787316038
This work,true,true,2.465190328815662e-32,5,0.000376292,true,6.753223014464261e-16,tp203,3,2,0.26489050000000003,0.26489050000000003
NonlinearSolve-TR,true,true,2.738263504450712e-24,8,2.875e-5,true,1.0956704744824337e-11,tp203,3,2,0.26489050000000003,0.26489050000000003
NonlinearSolve-LM,true,true,8.472609939224421e-19,9,4.6292e-5,true,8.322157517952242e-10,tp203,3,2,0.26489050000000003,0.26489050000000003
NonlinearSolve-GNBK,true,true,0.0,5,2.6334000000000002e-5,true,0.0,tp203,3,2,0.26489050000000003,0.26489050000000003
NonlinearSolve-GNLF,true,true,0.0,5,2.1792e-5,true,0.0,tp203,3,2,0.26489050000000003,0.26489050000000003
JSO-TRON,true,true,4.979930983240519e-28,6,4.5209e-5,true,1.5147858089189591e-13,tp203,3,2,0.26489050000000003,0.26489050000000003
LSO-Levenberg-QR,true,true,2.012940653395019e-22,8,4.203666666666667e-6,true,1.6060462179905314e-11,tp203,3,2,0.26489050000000003,0.26489050000000003
Scipy-LeastSquares,true,true,0.0,6,0.002418125,true,0.0,tp203,3,2,0.26489050000000003,0.26489050000000003
NLLSsolver-LM,true,true,0.0,5,6.5772857142857145e-6,true,0.0,tp203,3,2,0.26489050000000003,0.26489050000000003
LsqFit-LM,true,true,1.130493701296803e-20,0,1.7584e-5,true,1.0044264205143731e-10,tp203,3,2,0.26489050000000003,0.26489050000000003
Optim-BFGS,true,true,1.9300505290925636e-20,11,2.0209000000000003e-5,true,5.214136655878507e-10,tp203,3,2,0.26489050000000003,0.26489050000000003
Optim-L-BFGS,true,true,5.34944648926307e-20,11,2.7666000000000002e-5,true,1.951113164364802e-10,tp203,3,2,0.26489050000000003,0.26489050000000003
This work,true,false,0.09180062462396307,19,0.0015896250000000001,true,0.0005497457520010169,tp204,3,2,0.17700048708268049,0.08519986245871741
NonlinearSolve-TR,true,true,0.09180060075449675,68,0.000185708,true,9.72526030280634e-9,tp204,3,2,0.17700048708268049,0.08519988632818373
NonlinearSolve-LM,true,false,0.09180158901560209,400,0.001677209,true,0.0024189420547889727,tp204,3,2,0.17700048708268049,0.0851988980670784
NonlinearSolve-GNBK,true,false,0.09180060075449675,400,0.0035222920000000002,true,6.332020189750127e-9,tp204,3,2,0.17700048708268049,0.08519988632818373
NonlinearSolve-GNLF,true,false,0.09460062200823928,400,0.002126541,true,0.16118234148099733,tp204,3,2,0.17700048708268049,0.0823998650744412
JSO-TRON,true,true,0.09180060075449675,47,0.000279041,true,4.638675329973608e-9,tp204,3,2,0.17700048708268049,0.08519988632818373
LSO-Levenberg-QR,true,true,0.09180060378804031,30,4.31875e-5,true,0.0001904100324552471,tp204,3,2,0.17700048708268049,0.08519988329464018
Scipy-LeastSquares,true,true,0.0918006012277312,19,0.004219125000000001,true,5.221548825570473e-5,tp204,3,2,0.17700048708268049,0.08519988585494928
NLLSsolver-LM,true,true,0.09180060142176863,16,9.5542e-5,true,5.487345614710978e-5,tp204,3,2,0.17700048708268049,0.08519988566091186
LsqFit-LM,true,true,0.09180060075449674,0,0.000103292,true,7.611133161219762e-9,tp204,3,2,0.17700048708268049,0.08519988632818375
Optim-BFGS,true,true,0.09180060075449675,8,2.1459000000000002e-5,true,1.1476256264000872e-10,tp204,3,2,0.17700048708268049,0.08519988632818373
Optim-L-BFGS,true,true,0.09180060075449675,9,3.0666e-5,true,1.4196899193969343e-10,tp204,3,2,0.17700048708268049,0.08519988632818373
This work,true,true,1.6023737137301802e-30,8,0.0006457090000000001,true,7.468261590855948e-15,tp205,3,2,7.1015625,7.1015625
NonlinearSolve-TR,true,true,7.1015625,33,2.625e-5,true,6.375,tp205,3,2,7.1015625,0.0
NonlinearSolve-LM,true,true,3.8530466968808254e-18,9,4.6541e-5,true,1.6411846851743502e-9,tp205,3,2,7.1015625,7.1015625
NonlinearSolve-GNBK,true,false,7.1015625,1,9.791500000000001e-6,true,6.375,tp205,3,2,7.1015625,0.0
NonlinearSolve-GNLF,true,false,7.1015625,1,9.583000000000001e-6,true,6.375,tp205,3,2,7.1015625,0.0
JSO-TRON,true,true,3.037648977412652e-17,8,0.00011775,true,3.0261209741881944e-9,tp205,3,2,7.1015625,7.1015625
LSO-Levenberg-QR,true,true,3.37541008873394e-26,9,4.425888888888889e-6,true,2.055653707491496e-13,tp205,3,2,7.1015625,7.1015625
Scipy-LeastSquares,true,true,1.3165184399585594e-23,8,0.0026624580000000004,true,2.539078762317469e-11,tp205,3,2,7.1015625,7.1015625
NLLSsolver-LM,true,true,0.0,7,9.4666e-6,true,0.0,tp205,3,2,7.1015625,7.1015625
LsqFit-LM,true,true,7.411724885633649e-25,0,2.1666000000000002e-5,true,1.7819309033004999e-12,tp205,3,2,7.1015625,7.1015625
Optim-BFGS,true,true,2.417491485389e-22,13,2.4625000000000002e-5,true,9.988610304325145e-11,tp205,3,2,7.1015625,7.1015625
Optim-L-BFGS,true,true,2.604239411252703e-22,12,3.1417e-5,true,1.0660824534646087e-10,tp205,3,2,7.1015625,7.1015625
This work,true,true,0.0,3,0.000268333,true,0.0,tp206,2,2,242.0968,242.0968
NonlinearSolve-TR,true,true,0.0,3,1.2729000000000001e-5,true,0.0,tp206,2,2,242.0968,242.0968
NonlinearSolve-LM,true,true,1.5790290902484242e-21,17,6.5833e-5,true,7.360679488738527e-10,tp206,2,2,242.0968,242.0968
NonlinearSolve-GNBK,true,true,0.0,2,1.3229000000000002e-5,true,0.0,tp206,2,2,242.0968,242.0968
NonlinearSolve-GNLF,true,true,0.0,2,1.15e-5,true,0.0,tp206,2,2,242.0968,242.0968
JSO-TRON,true,true,9.860761315262648e-32,2,1.4625000000000001e-5,true,4.440892098500626e-16,tp206,2,2,242.0968,242.0968
LSO-Levenberg-QR,true,true,6.162975822039155e-31,7,2.9711538461538463e-6,true,1.1102230246251565e-15,tp206,2,2,242.0968,242.0968
Scipy-LeastSquares,true,true,0.0,4,0.00230225,true,0.0,tp206,2,2,242.0968,242.0968
NLLSsolver-LM,true,true,0.0,4,5.770833333333333e-6,true,0.0,tp206,2,2,242.0968,242.0968
LsqFit-LM,true,true,4.593204250407562e-28,0,1.3792000000000001e-5,true,2.2938489299569345e-13,tp206,2,2,242.0968,242.0968
Optim-BFGS,true,true,1.139167487990191e-19,7,2.3792000000000002e-5,true,1.5789335993357954e-9,tp206,2,2,242.0968,242.0968
Optim-L-BFGS,true,true,8.159416348154437e-24,13,4.7333e-5,true,4.956626526625118e-10,tp206,2,2,242.0968,242.0968
This work,true,true,0.0,5,0.000386792,true,0.0,tp207,2,2,2.5168,2.5168
NonlinearSolve-TR,true,true,0.0,5,1.5125000000000002e-5,true,0.0,tp207,2,2,2.5168,2.5168
NonlinearSolve-LM,true,true,8.389933437591852e-19,18,6.9208e-5,true,4.191001423428107e-9,tp207,2,2,2.5168,2.5168
NonlinearSolve-GNBK,true,true,0.0,5,2.0458e-5,true,0.0,tp207,2,2,2.5168,2.5168
NonlinearSolve-GNLF,true,true,0.0,3,1.35205e-5,true,0.0,tp207,2,2,2.5168,2.5168
JSO-TRON,true,true,0.0,5,2.7458e-5,true,0.0,tp207,2,2,2.5168,2.5168
LSO-Levenberg-QR,true,true,1.5599084067557599e-25,9,4.638833333333334e-6,true,1.3675969349801576e-12,tp207,2,2,2.5168,2.5168
Scipy-LeastSquares,true,true,0.0,7,0.002643917,true,0.0,tp207,2,2,2.5168,2.5168
NLLSsolver-LM,true,true,0.0,8,8.607142857142857e-6,true,0.0,tp207,2,2,2.5168,2.5168
LsqFit-LM,true,true,1.7969240748366617e-23,0,1.5709e-5,true,1.340096775980902e-11,tp207,2,2,2.5168,2.5168
Optim-BFGS,true,true,2.9919985990754376e-22,13,3.7167000000000005e-5,true,6.710821462689619e-11,tp207,2,2,2.5168,2.5168
Optim-L-BFGS,true,true,2.4707631929234674e-23,13,4.9583e-5,true,7.652362448352622e-12,tp207,2,2,2.5168,2.5168
This work,true,true,0.0,24,0.0019036250000000002,true,0.0,tp208,2,2,12.099999999999998,12.099999999999998
NonlinearSolve-TR,true,true,0.0,20,3.2041e-5,true,0.0,tp208,2,2,12.099999999999998,12.099999999999998
NonlinearSolve-LM,true,true,5.2629398249989724e-23,29,0.0001055,true,3.1423322216797197e-10,tp208,2,2,12.099999999999998,12.099999999999998
NonlinearSolve-GNBK,true,true,0.0,14,4.0916e-5,true,0.0,tp208,2,2,12.099999999999998,12.099999999999998
NonlinearSolve-GNLF,true,true,0.0,7,2.3625e-5,true,0.0,tp208,2,2,12.099999999999998,12.099999999999998
JSO-TRON,true,true,3.0371391370041836e-25,16,8.8583e-5,true,1.7427389755795856e-11,tp208,2,2,12.099999999999998,12.099999999999998
LSO-Levenberg-QR,true,true,1.6982696175211095e-26,35,8.875e-6,true,4.128952714240617e-12,tp208,2,2,12.099999999999998,12.099999999999998
Scipy-LeastSquares,true,true,0.0,18,0.004076375,true,0.0,tp208,2,2,12.099999999999998,12.099999999999998
NLLSsolver-LM,true,true,0.0,14,1.3638833333333334e-5,true,0.0,tp208,2,2,12.099999999999998,12.099999999999998
LsqFit-LM,true,true,5.183062666334929e-28,0,6.25e-5,true,6.24137485512939e-13,tp208,2,2,12.099999999999998,12.099999999999998
Optim-BFGS,true,true,2.4064880728575908e-21,41,0.00013483400000000002,true,1.5156787807811358e-9,tp208,2,2,12.099999999999998,12.099999999999998
Optim-L-BFGS,true,true,2.4336388912643374e-20,43,0.000183625,true,5.035976970994588e-9,tp208,2,2,12.099999999999998,12.099999999999998
This work,true,true,0.0,52,0.004145333,true,0.0,tp209,2,2,970.4199999999996,970.4199999999996
NonlinearSolve-TR,true,true,0.0,86,0.000108542,true,0.0,tp209,2,2,970.4199999999996,970.4199999999996
NonlinearSolve-LM,true,true,6.162975822039155e-27,32,0.000115458,true,1.123458326097796e-11,tp209,2,2,970.4199999999996,970.4199999999996
NonlinearSolve-GNBK,true,true,0.0,15,4.4958000000000006e-5,true,0.0,tp209,2,2,970.4199999999996,970.4199999999996
NonlinearSolve-GNLF,true,true,0.0,8,2.5917000000000003e-5,true,0.0,tp209,2,2,970.4199999999996,970.4199999999996
JSO-TRON,true,true,6.834062259300998e-24,54,0.000299208,true,4.1260789982003583e-10,tp209,2,2,970.4199999999996,970.4199999999996
LSO-Levenberg-QR,true,true,0.0,90,5.281933333333334e-5,true,1.2644330027455908e-12,tp209,2,2,970.4199999999996,970.4199999999996
Scipy-LeastSquares,true,true,0.0,49,0.006783875000000001,true,0.0,tp209,2,2,970.4199999999996,970.4199999999996
NLLSsolver-LM,true,true,6.162975822039155e-29,32,4.6639000000000005e-5,true,2.500523849605137e-12,tp209,2,2,970.4199999999996,970.4199999999996
LsqFit-LM,true,true,6.162975822039155e-29,0,0.00033075000000000004,true,2.6444242883992304e-12,tp209,2,2,970.4199999999996,970.4199999999996
Optim-BFGS,true,true,8.874685183736383e-25,165,0.0005992500000000001,true,2.9852290615840005e-10,tp209,2,2,970.4199999999996,970.4199999999996
Optim-L-BFGS,true,true,2.774824397090731e-23,167,0.000709125,true,1.6875562706877614e-9,tp209,2,2,970.4199999999996,970.4199999999996
This work,true,true,0.0,233,0.018640292000000003,true,0.0,tp210,2,2,96802.41999999997,96802.41999999997
NonlinearSolve-TR,true,true,0.0,256,0.000304667,true,0.0,tp210,2,2,96802.41999999997,96802.41999999997
NonlinearSolve-LM,true,true,8.89933708702454e-24,39,0.000137959,true,8.95084510571903e-9,tp210,2,2,96802.41999999997,96802.41999999997
NonlinearSolve-GNBK,true,true,0.0,15,4.4209e-5,true,0.0,tp210,2,2,96802.41999999997,96802.41999999997
NonlinearSolve-GNLF,true,true,0.0,8,2.6084000000000003e-5,true,0.0,tp210,2,2,96802.41999999997,96802.41999999997
JSO-TRON,true,false,3.3659517697398564e-20,246,0.001422125,true,5.801682316138877e-7,tp210,2,2,96802.41999999997,96802.41999999997
LSO-Levenberg-QR,true,true,6.162975822039155e-27,266,0.00045975000000000003,true,2.0975049819254197e-10,tp210,2,2,96802.41999999997,96802.41999999997
Scipy-LeastSquares,true,true,0.0,211,0.0223705,true,0.0,tp210,2,2,96802.41999999997,96802.41999999997
NLLSsolver-LM,true,true,6.162975822039155e-27,206,0.00078525,true,2.4830018736942274e-10,tp210,2,2,96802.41999999997,96802.41999999997
LsqFit-LM,true,false,0.8090032001123251,0,0.000516208,true,4.545300547476467,tp210,2,2,96802.41999999997,96801.61099679986
Optim-BFGS,true,false,0.24531818878935444,400,0.001622209,true,17.972304863635916,tp210,2,2,96802.41999999997,96802.17468181119
Optim-L-BFGS,true,false,0.1808265714377845,400,0.0017819580000000002,true,2.0821069900797893,tp210,2,2,96802.41999999997,96802.23917342853
This work,true,true,0.0,28,0.002204583,true,0.0,tp211,2,2,374.51919999999996,374.51919999999996
NonlinearSolve-TR,true,true,0.0,5,1.5083000000000001e-5,true,0.0,tp211,2,2,374.51919999999996,374.51919999999996
NonlinearSolve-LM,true,true,1.2779546664580391e-26,32,0.000114333,true,1.4667172441714346e-11,tp211,2,2,374.51919999999996,374.51919999999996
NonlinearSolve-GNBK,true,true,0.0,4,1.8375000000000003e-5,true,0.0,tp211,2,2,374.51919999999996,374.51919999999996
NonlinearSolve-GNLF,true,true,0.0,3,1.4000000000000001e-5,true,0.0,tp211,2,2,374.51919999999996,374.51919999999996
JSO-TRON,true,true,0.0,12,6.0958e-5,true,0.0,tp211,2,2,374.51919999999996,374.51919999999996
LSO-Levenberg-QR,true,true,3.944304526105059e-29,30,7.939777777777779e-6,true,3.508243097735408e-13,tp211,2,2,374.51919999999996,374.51919999999996
Scipy-LeastSquares,true,true,0.0,17,0.0037875,true,0.0,tp211,2,2,374.51919999999996,374.51919999999996
NLLSsolver-LM,true,true,0.0,14,1.3715166666666667e-5,true,0.0,tp211,2,2,374.51919999999996,374.51919999999996
LsqFit-LM,true,true,5.679798517591285e-27,0,4.325e-5,true,2.08701330613874e-12,tp211,2,2,374.51919999999996,374.51919999999996
Optim-BFGS,true,true,2.4879222432681237e-22,58,0.000195209,true,6.982678884763319e-10,tp211,2,2,374.51919999999996,374.51919999999996
Optim-L-BFGS,true,true,8.712728342109016e-25,48,0.000178917,true,4.026743459486269e-11,tp211,2,2,374.51919999999996,374.51919999999996
This work,true,true,0.0,1,0.00012104200000000001,true,0.0,tp212,2,2,50.0,50.0
NonlinearSolve-TR,true,true,2.3885165047620023e-22,6,1.7208000000000002e-5,true,1.545482612219031e-10,tp212,2,2,50.0,50.0
NonlinearSolve-LM,true,true,2.2082682452155476e-18,13,5.6042e-5,true,5.976801622055697e-9,tp212,2,2,50.0,50.0
NonlinearSolve-GNBK,true,true,0.0,1,1.1479000000000001e-5,true,0.0,tp212,2,2,50.0,50.0
NonlinearSolve-GNLF,true,true,0.0,1,1.0437500000000001e-5,true,0.0,tp212,2,2,50.0,50.0
JSO-TRON,true,false,3.9118808818392305e-18,3,2.3292e-5,true,1.977847539033985e-8,tp212,2,2,50.0,50.0
LSO-Levenberg-QR,true,true,7.572856479080722e-30,10,4.150000000000001e-6,true,1.3840923932556788e-14,tp212,2,2,50.0,50.0
Scipy-LeastSquares,true,true,2.8939463918473212e-34,2,0.0021195000000000003,true,1.668831274215972e-16,tp212,2,2,50.0,50.0
NLLSsolver-LM,true,true,2.6364302662791405e-92,3,5.267857142857143e-6,true,6.39603596502414e-46,tp212,2,2,50.0,50.0
LsqFit-LM,true,true,6.486772392600066e-23,0,2.1000000000000002e-5,true,4.43401283172177e-11,tp212,2,2,50.0,50.0
Optim-BFGS,true,true,1.4523866994121122e-22,14,6.7666e-5,true,4.910991246322175e-11,tp212,2,2,50.0,50.0
Optim-L-BFGS,true,true,8.315348423317674e-19,16,6.741700000000001e-5,true,5.687409252271877e-9,tp212,2,2,50.0,50.0
This work,true,false,8.692793547933794e-8,36,0.0026957920000000002,true,9.520632750570908e-6,tp213,1,2,1.874048e6,1.8740479999999132e6
NonlinearSolve-TR,true,true,2.887314936452739e-16,104,0.00024075000000000002,true,2.170481766105459e-13,tp213,1,2,1.874048e6,1.874048e6
NonlinearSolve-LM,true,true,3.531386761916069e-17,175,0.000569375,true,3.0346336641245045e-14,tp213,1,2,1.874048e6,1.874048e6
NonlinearSolve-GNBK,true,true,4.96937665881952e-17,78,0.00027145800000000003,true,5.579474506334769e-14,tp213,1,2,1.874048e6,1.874048e6
NonlinearSolve-GNLF,true,true,3.49379987275118e-17,73,0.00020645800000000002,true,2.6096667518338704e-14,tp213,1,2,1.874048e6,1.874048e6
JSO-TRON,true,true,5.2782625478718644e-11,64,0.00022195800000000002,true,5.560466994745448e-9,tp213,1,2,1.874048e6,1.874048e6
LSO-Levenberg-QR,true,false,0.9847846583229443,400,0.0006899170000000001,true,7.23056851899444,tp213,1,2,1.874048e6,1.8740470152153417e6
Scipy-LeastSquares,true,true,6.256943918951358e-11,42,0.006866708,true,9.307459695787973e-9,tp213,1,2,1.874048e6,1.874048e6
NLLSsolver-LM,true,true,1.2430628910276702e-15,85,0.00035566700000000005,true,7.546319351704765e-13,tp213,1,2,1.874048e6,1.874048e6
LsqFit-LM,true,false,0.7514130937162549,0,0.000631375,true,5.712431826296515,tp213,1,2,1.874048e6,1.8740472485869064e6
Optim-BFGS,true,true,9.44067892521274e-12,46,9.425e-5,true,7.2410966261017036e-9,tp213,1,2,1.874048e6,1.874048e6
Optim-L-BFGS,true,true,6.064410088607927e-11,46,0.000122375,true,6.16541027899727e-9,tp213,1,2,1.874048e6,1.874048e6
This work,true,true,1.765076275432014e-29,1,0.000119208,true,1.1190695630917482e-14,tp240,3,3,14863.375,14863.375
NonlinearSolve-TR,true,true,0.0,3,1.1229e-5,true,0.0,tp240,3,3,14863.375,14863.375
NonlinearSolve-LM,true,true,9.02306875000076e-19,8,4.3458e-5,true,1.3433592214196196e-9,tp240,3,3,14863.375,14863.375
NonlinearSolve-GNBK,true,true,0.0,1,9.6875e-6,true,0.0,tp240,3,3,14863.375,14863.375
NonlinearSolve-GNLF,true,true,0.0,1,9.333500000000001e-6,true,0.0,tp240,3,3,14863.375,14863.375
JSO-TRON,true,true,1.262177448353619e-28,2,1.0291500000000001e-5,true,3.097183980245201e-14,tp240,3,3,14863.375,14863.375
LSO-Levenberg-QR,true,true,3.3265565519168747e-25,7,1.2208e-5,true,8.15666239084838e-13,tp240,3,3,14863.375,14863.375
Scipy-LeastSquares,true,true,3.347959870189424e-39,3,0.002224541,true,1.35416039699999e-19,tp240,3,3,14863.375,14863.375
NLLSsolver-LM,true,true,5.986662792202831e-114,3,4.229125e-6,true,3.46024935295938e-57,tp240,3,3,14863.375,14863.375
LsqFit-LM,true,true,2.9592846210131117e-23,0,1.07915e-5,true,7.693258933145044e-12,tp240,3,3,14863.375,14863.375
Optim-BFGS,true,true,3.060207155506076e-27,3,9.812500000000001e-6,true,1.5646422361811038e-13,tp240,3,3,14863.375,14863.375
Optim-L-BFGS,true,true,6.336130790735167e-27,3,1.3354000000000001e-5,true,2.2232154388976277e-13,tp240,3,3,14863.375,14863.375
This work,true,true,2.524354896707238e-29,14,0.001182834,true,4.347685529858823e-13,tp241,5,3,314.5,314.5
NonlinearSolve-TR,true,true,1.0097419586828951e-28,14,5.5125000000000005e-5,true,8.695218566294993e-13,tp241,5,3,314.5,314.5
NonlinearSolve-LM,true,true,2.999224224971195e-18,19,0.00011779200000000001,true,2.5458734491532974e-9,tp241,5,3,314.5,314.5
NonlinearSolve-GNBK,true,true,4.544822726617936e-20,11,6.3166e-5,true,1.8447598716663415e-8,tp241,5,3,314.5,314.5
NonlinearSolve-GNLF,true,true,1.22354078363707e-21,9,4.3458e-5,true,3.0268551207126932e-9,tp241,5,3,314.5,314.5
JSO-TRON,true,true,1.0384257836301005e-17,16,0.000142791,true,2.585450117069371e-9,tp241,5,3,314.5,314.5
LSO-Levenberg-QR,true,true,4.938885564265738e-27,21,1.0898857142857144e-5,true,3.514974180709129e-13,tp241,5,3,314.5,314.5
Scipy-LeastSquares,true,true,2.524354896707238e-29,13,0.003256375,true,4.3476021800031626e-13,tp241,5,3,314.5,314.5
NLLSsolver-LM,true,true,0.0,15,1.96166e-5,true,1.7989362578596947e-17,tp241,5,3,314.5,314.5
LsqFit-LM,true,true,3.9936083326813723e-28,0,3.5541000000000004e-5,true,9.992065613538868e-14,tp241,5,3,314.5,314.5
Optim-BFGS,true,true,4.051482521347233e-24,31,0.000152916,true,9.524446546499246e-11,tp241,5,3,314.5,314.5
Optim-L-BFGS,true,true,4.365990614056864e-22,34,0.0001595,true,8.343805898170932e-10,tp241,5,3,314.5,314.5
This work,true,true,5.679303280166681e-20,5,0.00042904200000000003,true,4.879533976227541e-10,tp245,10,3,515.5769053046992,515.5769053046992
NonlinearSolve-TR,true,true,5.060727596267452e-29,11,8.4417e-5,true,1.4566088802241566e-14,tp245,10,3,515.5769053046992,515.5769053046992
NonlinearSolve-LM,true,true,3.702743593585522e-17,30,0.00032325,true,2.0590957644192403e-9,tp245,10,3,515.5769053046992,515.5769053046992
NonlinearSolve-GNBK,true,true,5.679312916587202e-20,5,6.4541e-5,true,4.879542384475361e-10,tp245,10,3,515.5769053046992,515.5769053046992
NonlinearSolve-GNLF,true,true,5.679312916587202e-20,5,4.6084e-5,true,4.879542384475361e-10,tp245,10,3,515.5769053046992,515.5769053046992
JSO-TRON,true,true,2.3649593988498806e-17,11,0.00017075,true,7.0281485859390665e-9,tp245,10,3,515.5769053046992,515.5769053046992
LSO-Levenberg-QR,true,true,1.560332477285622e-22,31,9.3646e-5,true,3.896257682527891e-12,tp245,10,3,515.5769053046992,515.5769053046992
Scipy-LeastSquares,true,true,5.67930572038078e-20,6,0.002431375,true,4.879534933482492e-10,tp245,10,3,515.5769053046992,515.5769053046992
NLLSsolver-LM,true,true,0.0,6,1.6025000000000003e-5,true,0.0,tp245,10,3,515.5769053046992,515.5769053046992
LsqFit-LM,true,true,0.03779437038248455,0,6.0750000000000006e-5,true,2.0492779766940717e-6,tp245,10,3,515.5769053046992,515.5391109343167
Optim-BFGS,true,true,4.161356685880333e-17,29,0.000193541,true,1.025544465191931e-8,tp245,10,3,515.5769053046992,515.5769053046992
Optim-L-BFGS,true,true,2.005591912965452e-17,34,0.000249625,true,3.6715902088848075e-9,tp245,10,3,515.5769053046992,515.5769053046992
This work,true,true,6.224605580259546e-31,5,0.00042958400000000005,true,1.9165742483534982e-14,tp246,3,3,4.2,4.2
NonlinearSolve-TR,true,true,0.0,5,1.5792e-5,true,0.0,tp246,3,3,4.2,4.2
NonlinearSolve-LM,true,true,5.03648244938355e-25,12,6.9417e-5,true,1.4472052639470518e-11,tp246,3,3,4.2,4.2
NonlinearSolve-GNBK,true,true,0.0,3,1.5833000000000002e-5,true,0.0,tp246,3,3,4.2,4.2
NonlinearSolve-GNLF,true,true,2.465190328815662e-30,3,1.4167e-5,true,3.845925372767128e-14,tp246,3,3,4.2,4.2
JSO-TRON,true,true,1.0399411565084692e-24,7,4.5208000000000005e-5,true,2.4979285296122496e-11,tp246,3,3,4.2,4.2
LSO-Levenberg-QR,true,true,1.1102230246259023e-16,12,5.0792000000000004e-6,true,1.6657508185432713e-13,tp246,3,3,4.2,4.2
Scipy-LeastSquares,true,true,0.0,5,0.0024842080000000003,true,0.0,tp246,3,3,4.2,4.2
NLLSsolver-LM,true,true,0.0,7,8.113142857142857e-6,true,0.0,tp246,3,3,4.2,4.2
LsqFit-LM,true,true,2.442317362335561e-22,0,2.0334000000000002e-5,true,2.2251166079591028e-10,tp246,3,3,4.2,4.2
Optim-BFGS,true,true,2.2637297233280214e-19,22,7.433300000000001e-5,true,1.2221214746698676e-8,tp246,3,3,4.2,4.2
Optim-L-BFGS,true,true,2.9323390121158023e-19,24,9.1042e-5,true,1.3145674758404498e-8,tp246,3,3,4.2,4.2
This work,true,false,7.321432349272087e-11,10,0.000713458,true,2.1077539756863113e-7,tp256,4,4,107.50000000000001,107.4999999999268
NonlinearSolve-TR,true,true,4.108381655943842e-18,16,3.1e-5,true,7.630864916503454e-13,tp256,4,4,107.50000000000001,107.50000000000001
NonlinearSolve-LM,true,true,5.6183937917377766e-18,22,0.000152208,true,6.374766371951142e-13,tp256,4,4,107.50000000000001,107.50000000000001
NonlinearSolve-GNBK,true,true,4.3639137442541446e-18,16,4.7125e-5,true,8.04044332762021e-13,tp256,4,4,107.50000000000001,107.50000000000001
NonlinearSolve-GNLF,true,true,4.3639137442541446e-18,16,3.425e-5,true,8.04044332762021e-13,tp256,4,4,107.50000000000001,107.50000000000001
JSO-TRON,true,true,4.694545847494434e-13,12,0.000114041,true,3.976211546875878e-9,tp256,4,4,107.50000000000001,107.49999999999955
LSO-Levenberg-QR,true,true,2.77789856757728e-14,14,8.25e-6,true,5.549434518492327e-10,tp256,4,4,107.50000000000001,107.49999999999999
Scipy-LeastSquares,true,true,2.85993451143442e-13,13,0.002874792,true,3.2933655879686055e-9,tp256,4,4,107.50000000000001,107.49999999999973
NLLSsolver-LM,true,true,4.350509137018663e-18,16,1.71168e-5,true,6.866836227348605e-13,tp256,4,4,107.50000000000001,107.50000000000001
LsqFit-LM,true,true,1.3257387161911028e-13,0,3.4416000000000004e-5,true,1.5063028085419674e-9,tp256,4,4,107.50000000000001,107.49999999999989
Optim-BFGS,true,true,7.910607343496962e-13,48,0.000134083,true,1.1168967331744464e-8,tp256,4,4,107.50000000000001,107.49999999999922
Optim-L-BFGS,true,true,1.1070881821110613e-17,59,0.00020520800000000002,true,1.335135217697501e-9,tp256,4,4,107.50000000000001,107.50000000000001
This work,true,true,8.49643254265873e-29,76,0.005982709,true,2.849833447214327e-13,tp260,7,4,9596.0,9596.0
NonlinearSolve-TR,true,true,3.554328946639777e-15,78,0.00029195800000000004,true,3.92106968588446e-8,tp260,7,4,9596.0,9596.0
NonlinearSolve-LM,true,true,7.105428324185559e-15,90,0.0005765830000000001,true,2.2779335693946723e-9,tp260,7,4,9596.0,9596.0
NonlinearSolve-GNBK,true,true,3.552713678800501e-15,87,0.000439708,true,0.0,tp260,7,4,9596.0,9596.0
NonlinearSolve-GNLF,true,true,1.0658141036402205e-14,57,0.00025775,true,8.169664068236119e-13,tp260,7,4,9596.0,9596.0
JSO-TRON,true,true,7.10543067846445e-15,93,0.00074775,true,1.995932548268878e-9,tp260,7,4,9596.0,9596.0
LSO-Levenberg-QR,true,true,-3.5527136788004784e-15,63,8.579200000000001e-5,true,6.056792380573849e-13,tp260,7,4,9596.0,9596.0
Scipy-LeastSquares,true,true,3.042546058982046e-24,68,0.007740083000000001,true,5.3598520684221604e-11,tp260,7,4,9596.0,9596.0
NLLSsolver-LM,true,true,7.105427357601014e-15,67,0.00033925000000000003,true,1.342255504421689e-13,tp260,7,4,9596.0,9596.0
LsqFit-LM,true,true,1.734950644703701e-20,0,0.000161416,true,4.790175532350253e-9,tp260,7,4,9596.0,9596.0
Optim-BFGS,true,true,7.643744055049927e-21,89,0.00030745800000000004,true,2.7328506827909763e-9,tp260,7,4,9596.0,9596.0
Optim-L-BFGS,true,true,4.5483083140866595e-21,100,0.00047908300000000005,true,2.0710844546089e-9,tp260,7,4,9596.0,9596.0
This work,true,false,6.076950833551966e-10,10,0.000834917,true,4.460162078806044e-7,tp261,5,4,1.0,0.9999999993923049
NonlinearSolve-TR,true,true,1.0,33,7.125000000000001e-5,true,3.0,tp261,5,4,1.0,0.0
NonlinearSolve-LM,true,true,2.4209817908778768e-17,22,0.00016775,true,1.3839637161398223e-13,tp261,5,4,1.0,1.0
NonlinearSolve-GNBK,true,false,1.0,1,1.11665e-5,true,3.0,tp261,5,4,1.0,0.0
NonlinearSolve-GNLF,true,false,1.0,1,1.1041500000000001e-5,true,3.0,tp261,5,4,1.0,0.0
JSO-TRON,true,true,2.4753189524710456e-12,16,0.00012820800000000002,true,4.380361354731196e-9,tp261,5,4,1.0,0.9999999999975246
LSO-Levenberg-QR,true,true,8.524624026426582e-13,14,4.3334e-5,true,1.0855844388675083e-9,tp261,5,4,1.0,0.9999999999991476
Scipy-LeastSquares,true,true,2.7341656245963514e-12,12,0.002993625,true,7.02466463635547e-9,tp261,5,4,1.0,0.9999999999972659
NLLSsolver-LM,true,true,3.014049919742329e-16,28,4.869433333333333e-5,true,8.532983090692895e-13,tp261,5,4,1.0,0.9999999999999997
LsqFit-LM,true,true,5.0887822639934445e-12,0,3.7209e-5,true,5.305262035171052e-9,tp261,5,4,1.0,0.9999999999949112
Optim-BFGS,true,true,1.2083146440279048e-12,45,0.000146625,true,6.530539142018056e-9,tp261,5,4,1.0,0.9999999999987916
Optim-L-BFGS,true,true,3.2008961265552753e-12,31,0.00011733400000000001,true,5.493319692052219e-9,tp261,5,4,1.0,0.9999999999967991
This work,true,false,0.5000001156847443,18,0.0016556670000000002,true,1.9878849090984187e-6,tp266,10,5,0.6667079434222745,0.16670782773753012
NonlinearSolve-TR,true,true,0.5000001156838235,62,0.000840542,true,1.0375853088192719e-8,tp266,10,5,0.6667079434222745,0.16670782773845094
NonlinearSolve-LM,true,false,0.5000018805259692,400,0.008797084,true,0.0027577275524345124,tp266,10,5,0.6667079434222745,0.1667060628963053
NonlinearSolve-GNBK,true,false,0.5000001156838235,400,0.024335458,true,1.405859488746032e-8,tp266,10,5,0.6667079434222745,0.16670782773845094
NonlinearSolve-GNLF,true,false,0.500017703064477,400,0.006695167,true,0.009087827837144286,tp266,10,5,0.6667079434222745,0.16669024035779745
JSO-TRON,true,true,0.5000001156838235,22,0.0009305,true,3.1912755298277474e-9,tp266,10,5,0.6667079434222745,0.16670782773845094
LSO-Levenberg-QR,true,true,0.5000001169140658,13,0.00019691600000000002,true,7.124341834835603e-5,tp266,10,5,0.6667079434222745,0.1667078265082087
Scipy-LeastSquares,true,true,0.500000115937224,10,0.0032778330000000004,true,3.2253246357466414e-5,tp266,10,5,0.6667079434222745,0.16670782748505042
NLLSsolver-LM,true,true,0.5000001157392151,8,0.00020950000000000002,true,2.2385900644612553e-5,tp266,10,5,0.6667079434222745,0.16670782768305936
LsqFit-LM,true,true,0.5000001156838239,0,0.000602292,true,3.196883642255288e-8,tp266,10,5,0.6667079434222745,0.1667078277384506
Optim-BFGS,true,true,0.5000001156838236,17,0.000341166,true,7.776261215280125e-9,tp266,10,5,0.6667079434222745,0.16670782773845083
Optim-L-BFGS,true,true,0.5000001156838235,12,0.00019112500000000002,true,2.3877679676989128e-9,tp266,10,5,0.6667079434222745,0.16670782773845094
This work,true,true,4.629599599283306e-18,14,0.001382542,true,6.581261579405258e-9,tp267,11,5,1.1483942770375843,1.1483942770375843
NonlinearSolve-TR,true,false,0.003227421327938223,400,0.003582542,true,0.0013795367763857597,tp267,11,5,1.1483942770375843,1.1451668557096462
NonlinearSolve-LM,true,false,0.0013251105335441763,400,0.0054155,true,2.947458328192466e-5,tp267,11,5,1.1483942770375843,1.1470691665040402
NonlinearSolve-GNBK,true,false,1.1483942770375843,1,0.0039026250000000003,true,2.817778662114942,tp267,11,5,1.1483942770375843,0.0
NonlinearSolve-GNLF,true,false,1.1483942770375843,1,4.5834e-5,true,2.817778662114942,tp267,11,5,1.1483942770375843,0.0
JSO-TRON,true,true,0.0013249938657254462,82,0.001770166,true,9.905919457235477e-9,tp267,11,5,1.1483942770375843,1.147069283171859
LSO-Levenberg-QR,true,true,0.007483130703378039,26,0.000197292,true,3.696658032271606e-7,tp267,11,5,1.1483942770375843,1.1409111463342063
Scipy-LeastSquares,true,true,2.325771489769492e-27,10,0.0031859170000000003,true,1.2904299933765215e-13,tp267,11,5,1.1483942770375843,1.1483942770375843
NLLSsolver-LM,true,true,1.5313770642620251e-25,13,0.000159875,true,5.488519932792939e-15,tp267,11,5,1.1483942770375843,1.1483942770375843
LsqFit-LM,true,true,0.0013249938657050983,0,0.000625834,true,8.976495578564145e-9,tp267,11,5,1.1483942770375843,1.1470692831718792
Optim-BFGS,true,true,5.082678909743362e-19,51,0.0003195,true,1.647042014295524e-9,tp267,11,5,1.1483942770375843,1.1483942770375843
Optim-L-BFGS,true,true,2.1128858873361554e-16,44,0.00031808300000000004,true,9.321793843858864e-9,tp267,11,5,1.1483942770375843,1.1483942770375841
This work,true,true,0.0,2,0.000200041,true,0.0,tp271,6,6,375.0,375.0
NonlinearSolve-TR,true,true,0.0,1,9.791500000000001e-6,true,0.0,tp271,6,6,375.0,375.0
NonlinearSolve-LM,true,true,1.1368683772161603e-13,7,7.1208e-5,true,9.445084750471886e-9,tp271,6,6,375.0,374.9999999999999
NonlinearSolve-GNBK,true,true,0.0,1,9.8545e-6,true,0.0,tp271,6,6,375.0,375.0
NonlinearSolve-GNLF,true,true,0.0,1,9.479e-6,true,0.0,tp271,6,6,375.0,375.0
JSO-TRON,true,true,5.684341886080802e-14,3,1.9625000000000003e-5,true,2.3337521906045087e-9,tp271,6,6,375.0,374.99999999999994
LSO-Levenberg-QR,true,true,1.1368683772161603e-13,6,5.533200000000001e-6,true,1.8636911548601657e-11,tp271,6,6,375.0,374.9999999999999
Scipy-LeastSquares,true,true,0.0,3,0.0022690830000000003,true,0.0,tp271,6,6,375.0,375.0
NLLSsolver-LM,true,true,0.0,3,4.708285714285715e-6,true,0.0,tp271,6,6,375.0,375.0
LsqFit-LM,true,true,-5.684341886080802e-14,0,1.06875e-5,true,1.2629534641629997e-8,tp271,6,6,375.0,375.00000000000006
Optim-BFGS,true,true,0.0,6,2.1916e-5,true,3.1776437161565096e-14,tp271,6,6,375.0,375.0
Optim-L-BFGS,true,true,0.0,9,2.6333e-5,true,3.4860126442122407e-10,tp271,6,6,375.0,375.0
This work,true,false,4.581818490246776e-9,64,0.006842625000000001,true,0.0001820162179486993,tp272,13,6,0.3895350378279851,0.3895350332461666
NonlinearSolve-TR,true,false,0.11141736174686648,400,0.004326833,true,0.05085645430094356,tp272,13,6,0.3895350378279851,0.2781176760811186
NonlinearSolve-LM,true,true,2.6474741495116837e-19,43,0.00078125,true,2.0581662457897324e-12,tp272,13,6,0.3895350378279851,0.3895350378279851
NonlinearSolve-GNBK,true,false,0.3895350378279851,1,0.004734458,true,1.2769506820705105,tp272,13,6,0.3895350378279851,0.0
NonlinearSolve-GNLF,true,false,0.3895350378279851,1,5.2917e-5,true,1.2769506820705105,tp272,13,6,0.3895350378279851,0.0
JSO-TRON,true,true,0.002827824962787207,45,0.001090333,true,2.4889969348423146e-9,tp272,13,6,0.3895350378279851,0.3867072128651979
LSO-Levenberg-QR,true,true,0.002827824963352798,10,5.3208500000000004e-5,true,5.7117213162282605e-8,tp272,13,6,0.3895350378279851,0.3867072128646323
Scipy-LeastSquares,true,true,1.7872629883913549e-31,54,0.008759708,true,1.12573289071884e-15,tp272,13,6,0.3895350378279851,0.3895350378279851
NLLSsolver-LM,true,true,7.242203055587826e-23,58,0.000752292,true,2.9180781342024293e-12,tp272,13,6,0.3895350378279851,0.3895350378279851
LsqFit-LM,true,true,1.2635859845046247e-21,0,0.000552875,true,5.069096502412476e-11,tp272,13,6,0.3895350378279851,0.3895350378279851
Optim-BFGS,true,true,0.002827824962750007,42,0.000339417,true,6.761631773832848e-9,tp272,13,6,0.3895350378279851,0.3867072128652351
Optim-L-BFGS,true,true,0.0028278249627499714,43,0.00036137500000000004,true,3.202611811965761e-9,tp272,13,6,0.3895350378279851,0.38670721286523513
This work,true,true,3.1554436208840472e-30,8,0.0006677920000000001,true,2.6939785314722367e-14,tp273,7,6,28500.0,28500.0
NonlinearSolve-TR,true,true,8.74384693973769e-35,7,4.7625000000000006e-5,true,7.297165351232694e-8,tp273,7,6,28500.0,28500.0
NonlinearSolve-LM,true,true,1.3192351998480252e-34,10,0.000114958,true,8.663722048904443e-8,tp273,7,6,28500.0,28500.0
NonlinearSolve-GNBK,true,true,8.74384693973769e-35,7,5.6500000000000005e-5,true,7.297165351232694e-8,tp273,7,6,28500.0,28500.0
NonlinearSolve-GNLF,true,true,8.74384693973769e-35,7,4.8708e-5,true,7.297165351232694e-8,tp273,7,6,28500.0,28500.0
JSO-TRON,true,true,2.138927407105188e-41,8,7.8916e-5,true,1.6130041426732219e-9,tp273,7,6,28500.0,28500.0
LSO-Levenberg-QR,true,true,4.0185242700055475e-61,9,8.327428571428571e-6,true,3.1776437161565096e-14,tp273,7,6,28500.0,28500.0
Scipy-LeastSquares,true,true,3.1554436208840472e-30,9,0.002677666,true,2.0097183471152322e-14,tp273,7,6,28500.0,28500.0
NLLSsolver-LM,true,true,0.0,8,1.2025000000000001e-5,true,0.0,tp273,7,6,28500.0,28500.0
LsqFit-LM,true,true,7.596454196607841e-62,0,3.0250000000000003e-5,true,1.4210854715202004e-14,tp273,7,6,28500.0,28500.0
Optim-BFGS,true,true,-1.1368683772161603e-13,44,0.000282667,true,1.271344881676895e-7,tp273,7,6,28500.0,28500.0
Optim-L-BFGS,true,true,-2.2737367544323206e-13,18,0.00018708300000000002,true,2.481724708394173e-7,tp273,7,6,28500.0,28500.0
This work,true,true,0.0,59,0.0065455,true,0.0,tp282,11,10,96.232,96.232
NonlinearSolve-TR,true,true,2.2204460492941984e-16,50,0.000515916,true,5.538951960956552e-13,tp282,11,10,96.232,96.232
NonlinearSolve-LM,true,true,2.113624118134514e-18,70,0.001315334,true,1.0249440784294952e-8,tp282,11,10,96.232,96.232
NonlinearSolve-GNBK,true,true,8.037141898996853e-20,54,0.000833417,true,2.7341539796396368e-9,tp282,11,10,96.232,96.232
NonlinearSolve-GNLF,true,false,1.508437856171895,400,0.005858459000000001,true,10.229623094977612,tp282,11,10,96.232,94.7235621438281
JSO-TRON,true,true,2.220472389163114e-16,92,0.002121375,true,4.140949190489701e-10,tp282,11,10,96.232,96.232
LSO-Levenberg-QR,true,true,1.110223024628476e-16,60,0.0004335,true,1.3342760819022723e-13,tp282,11,10,96.232,96.232
Scipy-LeastSquares,true,true,2.911414430234585e-27,46,0.0075987500000000005,true,5.240535399128526e-13,tp282,11,10,96.232,96.232
NLLSsolver-LM,true,true,4.5606021083089745e-30,40,0.000332625,true,4.5310703036305396e-14,tp282,11,10,96.232,96.232
LsqFit-LM,true,true,1.8102747304104574e-19,0,0.000937167,true,3.0586981366885704e-9,tp282,11,10,96.232,96.232
Optim-BFGS,true,true,3.2810760346501725e-20,162,0.001051,true,3.1536158487788846e-9,tp282,11,10,96.232,96.232
Optim-L-BFGS,true,true,-2.220081630384575e-16,169,0.001372167,true,3.49804427967695e-9,tp282,11,10,96.232,96.232
This work,true,true,0.0,24,0.0038833340000000004,true,0.0,tp286,20,20,120.99999999999997,120.99999999999997
NonlinearSolve-TR,true,true,0.0,20,0.00015816700000000002,true,0.0,tp286,20,20,120.99999999999997,120.99999999999997
NonlinearSolve-LM,true,true,5.251555576060502e-22,29,0.0012795,true,9.942548612974577e-10,tp286,20,20,120.99999999999997,120.99999999999997
NonlinearSolve-GNBK,true,true,0.0,14,0.000154417,true,0.0,tp286,20,20,120.99999999999997,120.99999999999997
NonlinearSolve-GNLF,true,true,0.0,7,7.900000000000001e-5,true,0.0,tp286,20,20,120.99999999999997,120.99999999999997
JSO-TRON,true,true,3.0371391370041836e-24,16,0.000210542,true,5.511024529980051e-11,tp286,20,20,120.99999999999997,120.99999999999997
LSO-Levenberg-QR,true,true,1.6982696175211095e-25,35,0.000450666,true,1.3056894928134698e-11,tp286,20,20,120.99999999999997,120.99999999999997
Scipy-LeastSquares,true,true,0.0,18,0.00462775,true,0.0,tp286,20,20,120.99999999999997,120.99999999999997
NLLSsolver-LM,true,true,0.0,15,0.000190208,true,0.0,tp286,20,20,120.99999999999997,120.99999999999997
LsqFit-LM,true,true,1.7763568394054337e-15,0,0.000397,true,1.9736960273112324e-12,tp286,20,20,120.99999999999997,120.99999999999997
Optim-BFGS,true,true,-2.66432612965178e-15,189,0.001604125,true,1.4257262974125423e-8,tp286,20,20,120.99999999999997,120.99999999999997
Optim-L-BFGS,true,true,-8.879350778547739e-16,43,0.000300291,true,1.592443802787914e-8,tp286,20,20,120.99999999999997,120.99999999999997
This work,true,false,3.6607161746360434e-10,10,0.0008312920000000001,true,4.7130811694881e-7,tp288,20,20,537.5,537.4999999996339
NonlinearSolve-TR,true,true,2.0541908279719202e-17,16,0.0001285,true,1.7063132595644338e-12,tp288,20,20,537.5,537.5
NonlinearSolve-LM,true,true,2.8091969992560586e-17,22,0.001004667,true,1.4254218930564752e-12,tp288,20,20,537.5,537.5
NonlinearSolve-GNBK,true,true,2.1819568721270743e-17,16,0.00016275,true,1.7978977946202536e-12,tp288,20,20,537.5,537.5
NonlinearSolve-GNLF,true,true,2.1819568721270743e-17,16,0.000132041,true,1.7978977946202536e-12,tp288,20,20,537.5,537.5
JSO-TRON,true,true,2.3877773459196774e-12,12,0.00024104200000000001,true,9.229380877994092e-9,tp288,20,20,537.5,537.4999999999976
LSO-Levenberg-QR,true,true,1.3889492844503867e-13,14,0.00019325,true,1.2408912835865999e-9,tp288,20,20,537.5,537.4999999999999
Scipy-LeastSquares,true,true,1.4299672557171521e-12,13,0.0035317910000000003,true,7.364189331082897e-9,tp288,20,20,537.5,537.4999999999985
NLLSsolver-LM,true,true,2.1847157281865267e-17,16,0.000174792,true,1.798725756165112e-12,tp288,20,20,537.5,537.5
LsqFit-LM,true,true,6.628693580422528e-13,0,0.000142291,true,3.3681954747045636e-9,tp288,20,20,537.5,537.4999999999993
Optim-BFGS,true,true,2.7471041130852907e-12,76,0.00044554200000000005,true,1.146367458735916e-8,tp288,20,20,537.5,537.4999999999973
Optim-L-BFGS,true,true,5.535404932653055e-17,59,0.00033516700000000004,true,2.9854286094728576e-9,tp288,20,20,537.5,537.5
This work,true,false,1.1344588237190601e-10,9,0.0006752500000000001,true,1.1692141037639807e-7,tp290,1,2,4.5,4.499999999886554
NonlinearSolve-TR,true,true,4.303697117470449e-17,15,4.1625e-5,true,1.7872436670798863e-12,tp290,1,2,4.5,4.5
NonlinearSolve-LM,true,true,1.2352199181717921e-17,19,7.4083e-5,true,9.911187788467094e-13,tp290,1,2,4.5,4.5
NonlinearSolve-GNBK,true,true,6.761901520008207e-18,15,5.2667e-5,true,4.460197844558642e-13,tp290,1,2,4.5,4.5
NonlinearSolve-GNLF,true,true,6.761901520008207e-18,15,4.2667e-5,true,4.460197844558642e-13,tp290,1,2,4.5,4.5
JSO-TRON,true,true,4.4314797801525683e-13,11,4.3667e-5,true,1.8268970371312167e-9,tp290,1,2,4.5,4.499999999999557
LSO-Levenberg-QR,true,false,0.0008002582001711547,400,0.000674208,true,0.022632893998255414,tp290,1,2,4.5,4.499199741799829
Scipy-LeastSquares,true,true,4.9666650564185773e-14,8,0.003628917,true,4.935014271909166e-10,tp290,1,2,4.5,4.49999999999995
NLLSsolver-LM,true,true,1.0331198570447762e-22,15,1.575e-5,true,1.089972458102168e-16,tp290,1,2,4.5,4.5
LsqFit-LM,true,false,4.843369793845272e-5,0,0.000679042,true,0.00276170673489793,tp290,1,2,4.5,4.4999515663020615
Optim-BFGS,true,true,1.7673156518688925e-12,40,5.2958000000000004e-5,true,5.5569292851487144e-9,tp290,1,2,4.5,4.4999999999982325
Optim-L-BFGS,true,true,2.46694674964117e-12,25,5.2917e-5,true,7.140446522271457e-9,tp290,1,2,4.5,4.499999999997533
This work,true,false,1.7399438853243891e-9,19,0.001401625,true,1.7269365556314837e-6,tp291,1,10,1512.5,1512.4999999982601
NonlinearSolve-TR,true,true,3.57811688273601e-17,33,0.000105833,true,1.6417240716458752e-12,tp291,1,10,1512.5,1512.5
NonlinearSolve-LM,true,true,3.122446329907782e-17,96,0.001521334,true,4.2705347788414166e-12,tp291,1,10,1512.5,1512.5
NonlinearSolve-GNBK,true,true,3.57811688273601e-17,33,0.00014654200000000002,true,1.6417240716458752e-12,tp291,1,10,1512.5,1512.5
NonlinearSolve-GNLF,true,true,3.57811688273601e-17,33,0.000107917,true,1.6417240716458752e-12,tp291,1,10,1512.5,1512.5
JSO-TRON,true,true,1.4420310555806357e-12,32,0.00015191600000000001,true,8.208769294466605e-9,tp291,1,10,1512.5,1512.4999999999986
LSO-Levenberg-QR,true,false,20.854302839125406,400,0.002215084,true,96.09284645714439,tp291,1,10,1512.5,1491.6456971608745
Scipy-LeastSquares,true,true,9.589371582196074e-13,24,0.005892209000000001,true,7.020317728500727e-9,tp291,1,10,1512.5,1512.499999999999
NLLSsolver-LM,true,true,6.363418114449021e-17,35,9.791650000000001e-5,true,3.723514199217792e-12,tp291,1,10,1512.5,1512.5
LsqFit-LM,true,false,7.806858103032828,0,0.0014837910000000001,true,47.791101306504764,tp291,1,10,1512.5,1504.693141896967
Optim-BFGS,true,true,2.676058139346647e-12,93,0.000222417,true,1.2959575800973785e-8,tp291,1,10,1512.5,1512.4999999999973
Optim-L-BFGS,true,true,1.7576769658447396e-12,31,9.0375e-5,true,5.7218501299931414e-9,tp291,1,10,1512.5,1512.4999999999982
This work,true,false,2.4432723274097108e-8,68,0.005371833,true,8.471212697375479e-6,tp292,1,30,108112.5,108112.49999997557
NonlinearSolve-TR,true,true,3.6637618600942247e-16,141,0.000678834,true,1.3411158202484453e-11,tp292,1,30,108112.5,108112.5
NonlinearSolve-LM,true,true,4.0020482441955215e-17,98,0.006161375,true,9.154680300303287e-12,tp292,1,30,108112.5,108112.5
NonlinearSolve-GNBK,true,true,2.901000451694831e-17,76,0.0007676660000000001,true,1.4167864662343992e-12,tp292,1,30,108112.5,108112.5
NonlinearSolve-GNLF,true,true,2.461607758657294e-16,119,0.0006835000000000001,true,1.3407587099098764e-11,tp292,1,30,108112.5,108112.5
JSO-TRON,true,true,2.0587636767972895e-12,97,0.000816083,true,8.60869084521683e-9,tp292,1,30,108112.5,108112.5
LSO-Levenberg-QR,true,false,9675.450338336508,400,0.010815125,true,13187.166162998328,tp292,1,30,108112.5,98437.04966166349
Scipy-LeastSquares,true,true,3.705438904769695e-12,99,0.011384167,true,1.3179372106408514e-8,tp292,1,30,108112.5,108112.5
NLLSsolver-LM,true,true,2.5925359603382096e-15,117,0.0017090410000000001,true,5.4181042834968254e-11,tp292,1,30,108112.5,108112.5
LsqFit-LM,true,false,2433.4903821096045,0,0.0055208340000000005,true,4386.545596156741,tp292,1,30,108112.5,105679.00961789039
Optim-BFGS,true,true,1.7661090131438657e-12,167,0.0009385830000000001,true,1.906678441178564e-8,tp292,1,30,108112.5,108112.5
Optim-L-BFGS,true,true,1.1154046119993394e-12,39,0.00020120900000000002,true,7.781310168756981e-9,tp292,1,30,108112.5,108112.5
This work,true,false,5.7854224758240464e-8,105,0.008763208,true,1.4750110619991865e-5,tp293,1,50,812812.5,812812.4999999421
NonlinearSolve-TR,true,true,4.133353102027486e-16,227,0.00150625,true,1.3278000897386264e-11,tp293,1,50,812812.5,812812.5
NonlinearSolve-LM,true,true,2.5374480976563018e-17,107,0.013597666000000001,true,8.309064590198176e-12,tp293,1,50,812812.5,812812.5
NonlinearSolve-GNBK,true,true,4.908824535847286e-17,74,0.0009995,true,2.034487250351581e-12,tp293,1,50,812812.5,812812.5
NonlinearSolve-GNLF,true,true,3.3000125521803515e-16,203,0.0018565,true,1.4390567044588852e-11,tp293,1,50,812812.5,812812.5
JSO-TRON,true,true,2.297123888821535e-12,140,0.0016722920000000001,true,9.384984562700971e-9,tp293,1,50,812812.5,812812.5
LSO-Levenberg-QR,true,false,78600.06731717743,400,0.032323875,true,72512.35438438106,tp293,1,50,812812.5,734212.4326828226
Scipy-LeastSquares,true,true,2.2707868098071325e-12,167,0.017457709000000002,true,1.140088906267482e-8,tp293,1,50,812812.5,812812.5
NLLSsolver-LM,true,true,5.393149518991848e-15,190,0.006806,true,8.722574144377339e-11,tp293,1,50,812812.5,812812.5
LsqFit-LM,true,false,54391.35295277544,0,0.012207542,true,62751.21338991922,tp293,1,50,812812.5,758421.1470472246
Optim-BFGS,true,true,1.6115845658211836e-12,298,0.0024993750000000003,true,2.5804754190486824e-8,tp293,1,50,812812.5,812812.5
Optim-L-BFGS,true,true,2.3140022252325594e-12,44,0.000285042,true,1.3456160648817091e-8,tp293,1,50,812812.5,812812.5
This work,true,true,6.187627725327311e-29,19,0.0017587500000000001,true,1.8489930372524765e-13,tp294,10,6,520.3,520.3
NonlinearSolve-TR,true,true,8.9231675211024e-22,18,0.00011216700000000001,true,6.278306118976665e-10,tp294,10,6,520.3,520.3
NonlinearSolve-LM,true,true,1.0727752052242638e-22,42,0.000442875,true,4.535497368135348e-10,tp294,10,6,520.3,520.3
NonlinearSolve-GNBK,true,true,3.545460667654259e-20,37,0.000301834,true,3.851822922725305e-9,tp294,10,6,520.3,520.3
NonlinearSolve-GNLF,true,true,2.7555885167207894e-19,13,9.491600000000001e-5,true,9.996319581502137e-9,tp294,10,6,520.3,520.3
JSO-TRON,true,true,2.534517446622554e-22,40,0.00046887500000000005,true,4.5128235376790307e-10,tp294,10,6,520.3,520.3
LSO-Levenberg-QR,true,true,4.419469961984278e-26,35,5.137500000000001e-5,true,7.819116698595484e-12,tp294,10,6,520.3,520.3
Scipy-LeastSquares,true,true,1.0556684545087309e-27,20,0.004334666,true,6.577431207983575e-13,tp294,10,6,520.3,520.3
NLLSsolver-LM,true,true,0.0,16,2.7437500000000003e-5,true,0.0,tp294,10,6,520.3,520.3
LsqFit-LM,true,true,-8.881784196991995e-16,0,0.00013758300000000001,true,1.0402265659613465e-12,tp294,10,6,520.3,520.3
Optim-BFGS,true,true,1.9869702504651472,50,0.000200583,true,4.6663441995505456e-9,tp294,10,6,520.3,518.3130297495348
Optim-L-BFGS,true,true,-4.440837148246402e-16,62,0.00029800000000000003,true,2.669587308977352e-9,tp294,10,6,520.3,520.3
This work,true,true,3.851342445324453e-24,33,0.0035686660000000003,true,4.078546388241249e-11,tp295,18,10,1028.4999999999998,1028.4999999999998
NonlinearSolve-TR,true,true,2.588449845256445e-29,32,0.00033070800000000003,true,1.2872939023133667e-13,tp295,18,10,1028.4999999999998,1028.4999999999998
NonlinearSolve-LM,true,true,-8.881782106257206e-16,55,0.0010686670000000001,true,6.28241714958367e-10,tp295,18,10,1028.4999999999998,1028.4999999999998
NonlinearSolve-GNBK,true,true,8.881793389987159e-16,43,0.0005667500000000001,true,6.241239450498233e-10,tp295,18,10,1028.4999999999998,1028.4999999999998
NonlinearSolve-GNLF,true,true,-8.468087967666557e-16,16,0.00019166700000000002,true,1.22081690250449e-7,tp295,18,10,1028.4999999999998,1028.4999999999998
JSO-TRON,true,true,5.20111580978067e-23,31,0.0006084160000000001,true,2.041254754254552e-10,tp295,18,10,1028.4999999999998,1028.4999999999998
LSO-Levenberg-QR,true,true,8.881784197511669e-16,30,0.000225875,true,8.473127104928127e-12,tp295,18,10,1028.4999999999998,1028.4999999999998
Scipy-LeastSquares,true,true,7.679067874260787e-29,22,0.0044075830000000005,true,2.0765800920923372e-13,tp295,18,10,1028.4999999999998,1028.4999999999998
NLLSsolver-LM,true,true,3.0814879110195774e-30,29,0.000232334,true,5.546405779892495e-14,tp295,18,10,1028.4999999999998,1028.4999999999998
LsqFit-LM,true,true,1.1000911842339891e-27,0,0.00024091700000000002,true,1.0838746785525848e-12,tp295,18,10,1028.4999999999998,1028.4999999999998
Optim-BFGS,true,true,-1.776350338327357e-15,98,0.000554,true,2.3853169299351275e-9,tp295,18,10,1028.4999999999998,1028.4999999999998
Optim-L-BFGS,true,true,-8.881713235152432e-16,91,0.0007186250000000001,true,2.2719921923533464e-9,tp295,18,10,1028.4999999999998,1028.4999999999998
This work,true,true,1.1793871126482559e-26,56,0.008025875,true,2.2778945680611505e-12,tp296,30,16,1790.8,1790.8
NonlinearSolve-TR,true,true,-8.881784196923716e-16,41,0.000736167,true,1.7155019746001786e-12,tp296,30,16,1790.8,1790.8
NonlinearSolve-LM,true,true,-8.881784194896695e-16,80,0.002889042,true,2.162049144066393e-11,tp296,30,16,1790.8,1790.8
NonlinearSolve-GNBK,true,true,1.0081950517515633e-25,66,0.0014750000000000002,true,6.476115966349685e-12,tp296,30,16,1790.8,1790.8
NonlinearSolve-GNLF,true,true,0.0,23,0.000448958,true,0.0,tp296,30,16,1790.8,1790.8
JSO-TRON,true,true,2.437458115977463e-21,36,0.0011354170000000001,true,8.930604602519669e-10,tp296,30,16,1790.8,1790.8
LSO-Levenberg-QR,true,true,-1.776356839400089e-15,34,0.000460042,true,4.844899559135081e-13,tp296,30,16,1790.8,1790.8
Scipy-LeastSquares,true,true,6.518782905172941e-27,48,0.010040083,true,1.6443957533304185e-12,tp296,30,16,1790.8,1790.8
NLLSsolver-LM,true,true,2.465190328815662e-30,36,0.00042379200000000004,true,6.303974991675718e-14,tp296,30,16,1790.8,1790.8
LsqFit-LM,true,true,8.88178419701107e-16,0,0.0005372080000000001,true,1.0197537363878695e-12,tp296,30,16,1790.8,1790.8
Optim-BFGS,true,true,1.9933119219269049,111,0.00084825,true,7.339112321800461e-9,tp296,30,16,1790.8,1788.806688078073
Optim-L-BFGS,true,true,-3.5523177444860213e-15,124,0.0013208340000000001,true,1.7132190961584785e-8,tp296,30,16,1790.8,1790.8
This work,true,true,0.0,46,0.013206042000000001,true,0.0,tp297,58,30,10176.099999999993,10176.099999999993
NonlinearSolve-TR,true,true,1.7763568789823502e-15,65,0.0030149580000000003,true,1.2936630578018039e-10,tp297,58,30,10176.099999999993,10176.099999999993
NonlinearSolve-LM,true,true,1.2381074096087104e-20,133,0.014366375,true,5.489917322384186e-9,tp297,58,30,10176.099999999993,10176.099999999993
NonlinearSolve-GNBK,true,true,3.5527150075097886e-15,106,0.0057235,true,7.509749797464892e-10,tp297,58,30,10176.099999999993,10176.099999999993
NonlinearSolve-GNLF,true,true,5.3340816035623726e-15,37,0.0017512080000000002,true,4.253112851944474e-8,tp297,58,30,10176.099999999993,10176.099999999993
JSO-TRON,true,true,-8.881736782526053e-15,51,0.003129334,true,3.948750271202606e-9,tp297,58,30,10176.099999999993,10176.099999999993
LSO-Levenberg-QR,true,true,6.162975822039155e-30,44,0.0018321250000000002,true,1.017476246003464e-13,tp297,58,30,10176.099999999993,10176.099999999993
Scipy-LeastSquares,true,true,1.9126912068248776e-21,64,0.018646166000000002,true,9.46735803177505e-10,tp297,58,30,10176.099999999993,10176.099999999993
NLLSsolver-LM,true,true,1.1093356479670479e-29,40,0.001050834,true,7.044187925770156e-14,tp297,58,30,10176.099999999993,10176.099999999993
LsqFit-LM,true,true,1.203012880462043e-27,0,0.0011997910000000002,true,1.1366660308203521e-12,tp297,58,30,10176.099999999993,10176.099999999993
Optim-BFGS,true,true,-5.329024752039296e-15,232,0.017196958000000002,true,6.981808775267776e-9,tp297,58,30,10176.099999999993,10176.099999999993
Optim-L-BFGS,true,true,-1.4209928499191137e-14,221,0.00864325,true,2.3349224285064546e-8,tp297,58,30,10176.099999999993,10176.099999999993
This work,true,true,5.042038513475644e-20,158,0.12345075000000001,true,4.66735292035227e-9,tp298,98,50,17194.099999999988,17194.099999999988
NonlinearSolve-TR,true,true,-7.1054273573379404e-15,92,0.009704833000000001,true,1.0343644965839519e-11,tp298,98,50,17194.099999999988,17194.099999999988
NonlinearSolve-LM,true,true,-2.1316277971678924e-14,213,0.060407042,true,3.16140600301242e-9,tp298,98,50,17194.099999999988,17194.099999999988
NonlinearSolve-GNBK,true,true,1.421085635999081e-14,178,0.021304208,true,8.357292813929221e-10,tp298,98,50,17194.099999999988,17194.099999999988
NonlinearSolve-GNLF,true,true,3.553523666962076e-15,57,0.006108917,true,1.7096013222900976e-8,tp298,98,50,17194.099999999988,17194.099999999988
JSO-TRON,true,true,-3.5527108922882783e-15,76,0.006891583000000001,true,1.0869860777179544e-9,tp298,98,50,17194.099999999988,17194.099999999988
LSO-Levenberg-QR,true,true,4.930380657631324e-30,65,0.009171875000000001,true,8.550476163334524e-14,tp298,98,50,17194.099999999988,17194.099999999988
Scipy-LeastSquares,true,true,2.2755405251105113e-25,106,0.087226542,true,9.772548057204935e-12,tp298,98,50,17194.099999999988,17194.099999999988
NLLSsolver-LM,true,true,2.2186712959340957e-29,61,0.003285,true,1.0112608281988429e-13,tp298,98,50,17194.099999999988,17194.099999999988
LsqFit-LM,true,true,-7.10542735759984e-15,0,0.004125042000000001,true,1.128964907948308e-12,tp298,98,50,17194.099999999988,17194.099999999988
Optim-BFGS,true,true,-2.13150630161783e-14,293,0.008411209000000001,true,2.983397943300764e-8,tp298,98,50,17194.099999999988,17194.099999999988
Optim-L-BFGS,true,true,-3.1936399125794984e-14,317,0.0184085,true,2.478909386130191e-7,tp298,98,50,17194.099999999988,17194.099999999988
This work,true,true,3.206979298718983e-20,128,0.431857125,true,4.030348586311885e-9,tp299,198,100,34739.099999999984,34739.099999999984
NonlinearSolve-TR,true,true,1.4210854883654017e-14,137,0.056226209000000006,true,2.5943193912543296e-10,tp299,198,100,34739.099999999984,34739.099999999984
NonlinearSolve-LM,true,false,0.9254995770693974,400,0.429838875,true,1.7160877720039323,tp299,198,100,34739.099999999984,34738.174500422916
NonlinearSolve-GNBK,true,true,2.131628208485428e-14,359,0.156584667,true,7.113080693785142e-11,tp299,198,100,34739.099999999984,34739.099999999984
NonlinearSolve-GNLF,true,true,-2.13156854759368e-14,107,0.043610584,true,1.4672748028037852e-8,tp299,198,100,34739.099999999984,34739.099999999984
JSO-TRON,true,false,3.552766077584992e-14,139,0.025830209000000003,true,1.122083759396619e-8,tp299,198,100,34739.099999999984,34739.099999999984
LSO-Levenberg-QR,true,true,-7.105427357600961e-15,119,0.085406333,true,2.278512798858372e-13,tp299,198,100,34739.099999999984,34739.099999999984
Scipy-LeastSquares,true,true,3.8879971138045805e-26,210,0.7751346250000001,true,4.082080113185376e-12,tp299,198,100,34739.099999999984,34739.099999999984
NLLSsolver-LM,false,false,Inf,0,Inf,false,Inf,tp299,198,100,34739.099999999984,-Inf
LsqFit-LM,true,true,7.105427357602161e-15,0,0.023249750000000003,true,1.0740282678327842e-12,tp299,198,100,34739.099999999984,34739.099999999984
Optim-BFGS,true,false,13.138748017875589,400,0.021339083000000002,true,7.451772318604044,tp299,198,100,34739.099999999984,34725.96125198211
Optim-L-BFGS,true,false,10.396563403922327,400,0.012438333000000001,true,8.93717263089449,tp299,198,100,34739.099999999984,34728.703436596064
This work,true,true,3.833278701525366e-39,8,0.000729542,true,2.347002600739783e-18,tp303,22,20,6132.75625,6132.75625
NonlinearSolve-TR,true,true,3.835609415292166e-39,8,0.000174584,true,2.347714003020335e-18,tp303,22,20,6132.75625,6132.75625
NonlinearSolve-LM,true,true,2.80550783113752e-17,20,0.0009285420000000001,true,7.66551668629686e-9,tp303,22,20,6132.75625,6132.75625
NonlinearSolve-GNBK,true,true,3.835609415292166e-39,8,0.000192041,true,2.347714003020335e-18,tp303,22,20,6132.75625,6132.75625
NonlinearSolve-GNLF,true,true,3.835609415292166e-39,8,0.000176959,true,2.347714003020335e-18,tp303,22,20,6132.75625,6132.75625
JSO-TRON,true,true,1.7500319935809345e-39,8,9.275e-5,true,1.5822683465786006e-18,tp303,22,20,6132.75625,6132.75625
LSO-Levenberg-QR,true,true,1.0097401503251133e-22,9,0.00014933400000000002,true,1.4633521966787897e-11,tp303,22,20,6132.75625,6132.75625
Scipy-LeastSquares,true,true,3.825865342799806e-39,9,0.002928042,true,2.3447318083077774e-18,tp303,22,20,6132.75625,6132.75625
NLLSsolver-LM,true,true,1.5694868691811045e-66,9,5.46875e-5,true,3.887860782462784e-33,tp303,22,20,6132.75625,6132.75625
LsqFit-LM,true,true,1.7387234185646368e-20,0,8.8416e-5,true,5.934564237902537e-10,tp303,22,20,6132.75625,6132.75625
Optim-BFGS,true,true,2.4781274634841154e-20,15,0.00010200000000000001,true,5.967469451138125e-9,tp303,22,20,6132.75625,6132.75625
Optim-L-BFGS,true,true,1.2157194074445935e-22,27,0.00019004200000000002,true,1.2906140457803035e-10,tp303,22,20,6132.75625,6132.75625
This work,true,true,1.0880374995610029e-51,11,0.001804583,true,4.5559442961576436e-24,tp304,52,50,8.260334283203125e6,8.260334283203125e6
NonlinearSolve-TR,true,true,7.556587216137283e-21,10,0.000680375,true,1.2735712241597584e-8,tp304,52,50,8.260334283203125e6,8.260334283203125e6
NonlinearSolve-LM,true,true,3.207812609268108e-17,25,0.0049600830000000005,true,8.186876077864201e-9,tp304,52,50,8.260334283203125e6,8.260334283203125e6
NonlinearSolve-GNBK,true,true,7.556587216137283e-21,10,0.0007407500000000001,true,1.2735712241597584e-8,tp304,52,50,8.260334283203125e6,8.260334283203125e6
NonlinearSolve-GNLF,true,true,7.556587216137283e-21,10,0.0007020840000000001,true,1.2735712241597584e-8,tp304,52,50,8.260334283203125e6,8.260334283203125e6
JSO-TRON,true,true,3.818886515053263e-42,11,0.000238458,true,2.8628713071448933e-19,tp304,52,50,8.260334283203125e6,8.260334283203125e6
LSO-Levenberg-QR,true,true,4.741973188748856e-30,12,0.0014700840000000002,true,3.1586264386143363e-15,tp304,52,50,8.260334283203125e6,8.260334283203125e6
Scipy-LeastSquares,true,true,7.556587223219504e-21,11,0.0069325,true,1.2735712247565703e-8,tp304,52,50,8.260334283203125e6,8.260334283203125e6
NLLSsolver-LM,true,true,3.4306440529232764e-41,11,0.00046525,true,8.581198198512343e-19,tp304,52,50,8.260334283203125e6,8.260334283203125e6
LsqFit-LM,true,true,1.8068177420290736e-33,0,0.000490875,true,1.2919982945245536e-16,tp304,52,50,8.260334283203125e6,8.260334283203125e6
Optim-BFGS,true,true,7.368124133716555e-21,21,0.00048704200000000003,true,1.2575893625033535e-8,tp304,52,50,8.260334283203125e6,8.260334283203125e6
Optim-L-BFGS,true,true,3.4186607074083756e-18,36,0.0007475,true,1.079061655953941e-8,tp304,52,50,8.260334283203125e6,8.260334283203125e6
This work,true,true,6.16968320719045e-52,13,0.006057917,true,1.0207754678154404e-23,tp305,102,100,2.03246158565625e9,2.03246158565625e9
NonlinearSolve-TR,true,true,3.731020740900716e-21,12,0.002864292,true,2.5123751628356814e-8,tp305,102,100,2.03246158565625e9,2.03246158565625e9
NonlinearSolve-LM,true,true,5.012693772561313e-20,31,0.023883625000000002,true,3.2251614216058414e-10,tp305,102,100,2.03246158565625e9,2.03246158565625e9
NonlinearSolve-GNBK,true,true,3.731020740900716e-21,12,0.002571208,true,2.5123751628356814e-8,tp305,102,100,2.03246158565625e9,2.03246158565625e9
NonlinearSolve-GNLF,true,true,3.731020740900716e-21,12,0.002497041,true,2.5123751628356814e-8,tp305,102,100,2.03246158565625e9,2.03246158565625e9
JSO-TRON,true,true,4.974335954444654e-38,13,0.000518666,true,9.173562350637917e-17,tp305,102,100,2.03246158565625e9,2.03246158565625e9
LSO-Levenberg-QR,true,true,4.559050757039214e-26,13,0.008475042,true,3.190615701593636e-13,tp305,102,100,2.03246158565625e9,2.03246158565625e9
Scipy-LeastSquares,true,true,3.731020736038382e-21,13,0.037881375,true,2.5123751611985914e-8,tp305,102,100,2.03246158565625e9,2.03246158565625e9
NLLSsolver-LM,false,false,Inf,0,Inf,false,Inf,tp305,102,100,2.03246158565625e9,-Inf
LsqFit-LM,true,true,1.5355529079159016e-39,0,0.0018785840000000002,true,1.3344485307560411e-19,tp305,102,100,2.03246158565625e9,2.03246158565625e9
Optim-BFGS,true,true,1.7579113498095811e-23,27,0.0027512500000000002,true,1.724523610817592e-9,tp305,102,100,2.03246158565625e9,2.03246158565625e9
Optim-L-BFGS,true,true,3.026123501127494e-23,45,0.003587166,true,1.6505748371221858e-9,tp305,102,100,2.03246158565625e9,2.03246158565625e9
This work,true,false,0.38659953663000796,29,0.002175583,true,0.00020032223680420709,tp308,3,2,43.84302407279772,43.45642453616771
NonlinearSolve-TR,true,true,0.3865995282464618,94,0.000202584,true,9.96708579612865e-10,tp308,3,2,43.84302407279772,43.456424544551254
NonlinearSolve-LM,true,true,0.3865995282464618,79,0.000322167,true,9.624621819777568e-9,tp308,3,2,43.84302407279772,43.456424544551254
NonlinearSolve-GNBK,true,true,0.3865995282464619,84,0.00034750000000000004,true,4.58289196835999e-9,tp308,3,2,43.84302407279772,43.456424544551254
NonlinearSolve-GNLF,true,true,0.3865995282464618,82,0.000231792,true,9.012038942012582e-9,tp308,3,2,43.84302407279772,43.456424544551254
JSO-TRON,true,true,0.3865995282464618,40,0.000203209,true,5.52326792954943e-9,tp308,3,2,43.84302407279772,43.456424544551254
LSO-Levenberg-QR,true,true,0.3865995295286312,20,7.369875e-6,true,7.943261326861457e-5,tp308,3,2,43.84302407279772,43.45642454326909
Scipy-LeastSquares,true,true,0.3865995312056062,27,0.004010666,true,0.00011898454650903488,tp308,3,2,43.84302407279772,43.45642454159211
NLLSsolver-LM,true,true,0.38659952846313006,19,3.275e-5,true,3.22000337558382e-5,tp308,3,2,43.84302407279772,43.45642454433459
LsqFit-LM,true,true,0.3865995293152923,0,5.45e-5,true,7.152121294895828e-5,tp308,3,2,43.84302407279772,43.45642454348243
Optim-BFGS,true,true,0.3865995282464619,15,2.9125000000000003e-5,true,5.289349774032269e-10,tp308,3,2,43.84302407279772,43.456424544551254
Optim-L-BFGS,true,true,0.3865995282464618,14,3.6084e-5,true,1.9300890516114467e-9,tp308,3,2,43.84302407279772,43.456424544551254
This work,true,true,3.2116054212943355e-22,5,0.00040291700000000003,true,1.5587983545964956e-10,tp311,2,2,53.0,53.0
NonlinearSolve-TR,true,true,0.0,6,1.65e-5,true,0.0,tp311,2,2,53.0,53.0
NonlinearSolve-LM,true,true,7.821627991352566e-21,9,4.2958000000000004e-5,true,5.01491389655768e-10,tp311,2,2,53.0,53.0
NonlinearSolve-GNBK,true,true,0.0,6,2.1917e-5,true,0.0,tp311,2,2,53.0,53.0
NonlinearSolve-GNLF,true,true,0.0,6,1.7541e-5,true,0.0,tp311,2,2,53.0,53.0
JSO-TRON,true,true,3.970560385088605e-20,5,3.1209e-5,true,1.1775265734534162e-9,tp311,2,2,53.0,53.0
LSO-Levenberg-QR,true,true,2.818600014354675e-26,9,3.304461538461539e-6,true,9.699054745056643e-13,tp311,2,2,53.0,53.0
Scipy-LeastSquares,true,true,3.2116054212943355e-22,6,0.0024243750000000003,true,1.5587983545964956e-10,tp311,2,2,53.0,53.0
NLLSsolver-LM,true,true,0.0,6,7.886857142857143e-6,true,0.0,tp311,2,2,53.0,53.0
LsqFit-LM,true,true,9.833156616031093e-20,0,1.3146000000000001e-5,true,1.7395111110930192e-9,tp311,2,2,53.0,53.0
Optim-BFGS,true,true,1.081142473922429e-20,11,2.775e-5,true,7.477388845120419e-10,tp311,2,2,53.0,53.0
Optim-L-BFGS,true,true,2.146459363100617e-22,11,3.5417e-5,true,1.2022344618317027e-10,tp311,2,2,53.0,53.0
This work,true,false,2.9612813806352647,23,0.0018430830000000001,true,0.00022507551474735423,tp312,2,2,1.6653845e6,1.6653815387186194e6
NonlinearSolve-TR,true,true,2.9612813806220117,67,8.6209e-5,true,4.187806422194876e-7,tp312,2,2,1.6653845e6,1.6653815387186194e6
NonlinearSolve-LM,true,false,2.9617333837145488,400,0.001401666,true,0.2696748190764707,tp312,2,2,1.6653845e6,1.6653815382666162e6
NonlinearSolve-GNBK,true,false,12726.515890826793,400,0.005683042,true,376582.7445014785,tp312,2,2,1.6653845e6,1.6526579841091733e6
NonlinearSolve-GNLF,true,false,12830.738557600527,400,0.001246792,true,378125.9206241417,tp312,2,2,1.6653845e6,1.6525537614423996e6
JSO-TRON,true,true,2.961281380622013,67,0.00043900000000000005,true,1.2466344576733648e-9,tp312,2,2,1.6653845e6,1.6653815387186194e6
LSO-Levenberg-QR,true,true,2.9612813809494685,49,1.80695e-5,true,0.00206661503304541,tp312,2,2,1.6653845e6,1.6653815387186192e6
Scipy-LeastSquares,true,true,2.961281380986704,13,0.003876875,true,0.0002306879049822147,tp312,2,2,1.6653845e6,1.665381538718619e6
NLLSsolver-LM,true,true,2.9612813807105205,14,3.38125e-5,true,3.0940960803047066e-5,tp312,2,2,1.6653845e6,1.6653815387186194e6
LsqFit-LM,true,false,817119.1106067144,0,0.0007620830000000001,true,3.0766498850524607e6,tp312,2,2,1.6653845e6,848265.3893932856
Optim-BFGS,true,true,2.9612813806220153,45,9.3084e-5,true,1.421125033350665e-10,tp312,2,2,1.6653845e6,1.6653815387186194e6
Optim-L-BFGS,true,true,2.961281380622013,45,0.000131125,true,4.1069896456887375e-10,tp312,2,2,1.6653845e6,1.6653815387186194e6
This work,true,false,0.021635177019155582,6,0.00048575,true,4.061847810604713e-5,tp333,8,3,17.00317717278122,16.981541995762065
NonlinearSolve-TR,true,false,1.313834945845953,400,0.001806,true,4.252853517823119,tp333,8,3,17.00317717278122,15.689342226935269
NonlinearSolve-LM,true,true,0.021635177018515542,124,0.0007102090000000001,true,1.563622327841073e-12,tp333,8,3,17.00317717278122,16.981541995762704
NonlinearSolve-GNBK,true,true,0.02163517701851555,46,0.000549167,true,1.183320110058034e-11,tp333,8,3,17.00317717278122,16.981541995762704
NonlinearSolve-GNLF,true,true,0.021635177018515545,43,0.00018729100000000002,true,1.0005909506942218e-13,tp333,8,3,17.00317717278122,16.981541995762704
JSO-TRON,true,false,0.02163517702337124,61,0.000838167,true,5.199265966721467e-8,tp333,8,3,17.00317717278122,16.98154199575785
LSO-Levenberg-QR,true,true,0.021635177018738124,7,3.2625e-5,true,2.3774578530527195e-5,tp333,8,3,17.00317717278122,16.981541995762484
Scipy-LeastSquares,true,true,0.021635177019155617,7,0.00254425,true,4.0618476105341976e-5,tp333,8,3,17.00317717278122,16.981541995762065
NLLSsolver-LM,true,true,0.021635177018634703,9,3.16665e-5,true,8.659663739661049e-7,tp333,8,3,17.00317717278122,16.981541995762587
LsqFit-LM,true,true,0.021635177018704495,0,3.9459e-5,true,2.207043122487854e-5,tp333,8,3,17.00317717278122,16.981541995762516
Optim-BFGS,true,true,2.804132946920191,1,1.1021e-5,true,1.6497138724536065e-11,tp333,8,3,17.00317717278122,14.19904422586103
Optim-L-BFGS,true,true,2.804132946920191,1,1.3895500000000001e-5,true,1.6497138724536065e-11,tp333,8,3,17.00317717278122,14.19904422586103
This work,true,true,0.004107438653290612,5,0.00041225,true,3.0358990804343524e-9,tp334,15,3,20.840847930839004,20.836740492185715
NonlinearSolve-TR,true,true,0.0041074386532894865,38,0.00015862500000000002,true,8.849653119582357e-11,tp334,15,3,20.840847930839004,20.836740492185715
NonlinearSolve-LM,true,true,0.004107438653289482,125,0.0008707500000000001,true,9.17860973577559e-14,tp334,15,3,20.840847930839004,20.836740492185715
NonlinearSolve-GNBK,true,true,0.004107438653289481,39,0.0008664170000000001,true,3.831755889371783e-11,tp334,15,3,20.840847930839004,20.836740492185715
NonlinearSolve-GNLF,true,true,0.004107438653289483,38,0.000188833,true,1.5022210210233851e-15,tp334,15,3,20.840847930839004,20.836740492185715
JSO-TRON,true,true,0.004107438653289491,11,0.00019629100000000002,true,1.667077536826362e-10,tp334,15,3,20.840847930839004,20.836740492185715
LSO-Levenberg-QR,true,true,0.004107438653289494,10,2.1611000000000004e-5,true,2.053906707140722e-10,tp334,15,3,20.840847930839004,20.836740492185715
Scipy-LeastSquares,true,true,0.004107438653290609,6,0.002433792,true,3.0358985345712702e-9,tp334,15,3,20.840847930839004,20.836740492185715
NLLSsolver-LM,true,true,0.004107438653290622,5,3.9167e-5,true,3.050993724472598e-9,tp334,15,3,20.840847930839004,20.836740492185715
LsqFit-LM,true,true,0.0041074386532922455,0,5.0125000000000005e-5,true,4.794384989122096e-9,tp334,15,3,20.840847930839004,20.83674049218571
Optim-BFGS,true,true,0.004107438653289499,21,9.9708e-5,true,3.5674665231446873e-9,tp334,15,3,20.840847930839004,20.836740492185715
Optim-L-BFGS,true,true,0.004107438653289495,26,0.00013725,true,1.1574432047448092e-10,tp334,15,3,20.840847930839004,20.836740492185715
This work,true,false,0.0001537570958380061,10,0.000858166,true,7.87834908413984e-6,tp350,11,4,0.0026565861360542697,0.0025028290402162637
NonlinearSolve-TR,true,true,0.00015375280192461848,69,0.000401542,true,1.526264683618438e-11,tp350,11,4,0.0026565861360542697,0.0025028333341296513
NonlinearSolve-LM,true,true,0.00015375280192461835,182,0.0016321670000000001,true,1.1750204336449359e-12,tp350,11,4,0.0026565861360542697,0.0025028333341296513
NonlinearSolve-GNBK,true,true,0.00015375280192461818,78,0.0013740830000000001,true,2.5565786586447253e-12,tp350,11,4,0.0026565861360542697,0.0025028333341296513
NonlinearSolve-GNLF,true,true,0.00015375280192461802,71,0.0005145,true,1.3830104748501363e-11,tp350,11,4,0.0026565861360542697,0.0025028333341296518
JSO-TRON,true,true,0.00015375280192739323,27,0.000511167,true,6.946418010089886e-9,tp350,11,4,0.0026565861360542697,0.0025028333341268767
LSO-Levenberg-QR,true,true,0.000153752801953887,10,2.3000000000000003e-5,true,3.787005890228424e-8,tp350,11,4,0.0026565861360542697,0.0025028333341003827
Scipy-LeastSquares,true,true,0.0001537528028991671,19,0.003532916,true,1.3082097417980285e-7,tp350,11,4,0.0026565861360542697,0.0025028333331551028
NLLSsolver-LM,true,true,0.00015375280241969306,11,0.00010295800000000001,true,9.364500405797848e-8,tp350,11,4,0.0026565861360542697,0.0025028333336345764
LsqFit-LM,true,true,0.00015375281034096095,0,0.000100833,true,3.7926107054447764e-7,tp350,11,4,0.0026565861360542697,0.0025028333257133086
Optim-BFGS,true,true,0.00015375280192466903,32,0.000145875,true,4.1767526515981896e-9,tp350,11,4,0.0026565861360542697,0.0025028333341296006
Optim-L-BFGS,true,true,0.00015375280192462688,29,0.000176292,true,4.954331733310067e-9,tp350,11,4,0.0026565861360542697,0.0025028333341296427
This work,true,false,159.28587443296811,12,0.001052416,true,9.955898362183012e-5,tp351,7,4,14526.50117831444,14367.215303881472
NonlinearSolve-TR,true,true,159.28587439556148,55,0.00030504100000000004,true,2.523181407543254e-8,tp351,7,4,14526.50117831444,14367.215303918878
NonlinearSolve-LM,true,true,159.2858743955615,150,0.001183334,true,1.6417867232606437e-9,tp351,7,4,14526.50117831444,14367.215303918878
NonlinearSolve-GNBK,true,true,159.28587439556145,57,0.0009573750000000001,true,1.5618205018561093e-10,tp351,7,4,14526.50117831444,14367.215303918878
NonlinearSolve-GNLF,true,true,159.28587439556136,93,0.0012049580000000001,true,6.925016277426088e-13,tp351,7,4,14526.50117831444,14367.215303918878
JSO-TRON,true,false,159.2858746993026,401,0.005105958000000001,true,6.969631827477777e-6,tp351,7,4,14526.50117831444,14367.215303615138
LSO-Levenberg-QR,true,true,159.28587441742923,10,1.79165e-5,true,9.498352385440866e-5,tp351,7,4,14526.50117831444,14367.21530389701
Scipy-LeastSquares,true,true,159.2858744329679,13,0.003175166,true,9.955862571729454e-5,tp351,7,4,14526.50117831444,14367.215303881472
NLLSsolver-LM,true,true,159.28587439565064,8,3.3542000000000005e-5,true,8.093898762066274e-8,tp351,7,4,14526.50117831444,14367.215303918789
LsqFit-LM,true,true,159.2858743955701,0,7.516700000000001e-5,true,1.451704024051836e-6,tp351,7,4,14526.50117831444,14367.21530391887
Optim-BFGS,true,true,159.28587439556168,33,0.000141583,true,3.9837404096576216e-10,tp351,7,4,14526.50117831444,14367.215303918878
Optim-L-BFGS,true,true,159.28587439556196,46,0.00023433400000000002,true,1.4213122158189908e-11,tp351,7,4,14526.50117831444,14367.215303918878
This work,true,true,451.6171658982095,2,0.00021204200000000001,true,1.421529924908128e-14,tp352,40,4,5651.900278734281,5200.283112836071
NonlinearSolve-TR,true,true,451.617165898208,35,0.00014220900000000002,true,5.687160113108057e-14,tp352,40,4,5651.900278734281,5200.283112836072
NonlinearSolve-LM,true,true,451.617165898208,111,0.000819625,true,1.7284821083252495e-9,tp352,40,4,5651.900278734281,5200.283112836072
NonlinearSolve-GNBK,true,true,451.61716589820753,33,0.000207834,true,2.8468586368908955e-13,tp352,40,4,5651.900278734281,5200.283112836073
NonlinearSolve-GNLF,true,true,451.61716589820753,33,0.000204792,true,2.8468586368908955e-13,tp352,40,4,5651.900278734281,5200.283112836073
JSO-TRON,true,true,451.6171658982089,4,3.3125e-5,true,7.500172702552601e-9,tp352,40,4,5651.900278734281,5200.283112836072
LSO-Levenberg-QR,true,true,451.617165898208,6,2.1417000000000002e-5,true,1.2480862699713168e-6,tp352,40,4,5651.900278734281,5200.283112836072
Scipy-LeastSquares,true,true,451.6171658982095,3,0.002249208,true,1.2711525174206502e-13,tp352,40,4,5651.900278734281,5200.283112836071
NLLSsolver-LM,true,true,451.6171658982098,2,6.5000000000000004e-6,true,1.271183546398937e-13,tp352,40,4,5651.900278734281,5200.28311283607
LsqFit-LM,true,true,451.6171658982098,0,2.75e-5,true,2.5753354119751038e-9,tp352,40,4,5651.900278734281,5200.28311283607
Optim-BFGS,true,true,451.6171658982089,4,1.7583e-5,true,6.363354040002839e-13,tp352,40,4,5651.900278734281,5200.283112836072
Optim-L-BFGS,true,true,451.61716589820844,12,3.6792e-5,true,2.8467250471798053e-9,tp352,40,4,5651.900278734281,5200.283112836072
This work,true,false,0.0011438350678467627,5,0.0007078750000000001,true,6.737990347646988e-6,tp370,31,6,15.0,14.998856164932153
NonlinearSolve-TR,true,true,0.0011438350267761704,42,0.001386042,true,3.0454752557053164e-9,tp370,31,6,15.0,14.998856164973224
NonlinearSolve-LM,true,true,0.0011438350267761635,135,0.008197834000000001,true,1.4555771989953697e-12,tp370,31,6,15.0,14.998856164973224
NonlinearSolve-GNBK,true,true,0.0011438350267761713,45,0.011369500000000001,true,9.289240150083127e-11,tp370,31,6,15.0,14.998856164973224
NonlinearSolve-GNLF,true,true,0.0011438350267761847,42,0.0020155,true,1.0848950608659058e-14,tp370,31,6,15.0,14.998856164973224
JSO-TRON,true,true,0.001143835026776264,14,0.00235525,true,7.601269624516738e-9,tp370,31,6,15.0,14.998856164973224
LSO-Levenberg-QR,true,true,0.001143835026776404,13,0.000614458,true,1.4052104773898016e-8,tp370,31,6,15.0,14.998856164973224
Scipy-LeastSquares,true,true,0.0011438350267862925,8,0.002938917,true,1.0376515588533047e-7,tp370,31,6,15.0,14.998856164973214
NLLSsolver-LM,true,true,0.0011438350267805638,7,0.00037525000000000004,true,6.807897563640742e-8,tp370,31,6,15.0,14.998856164973219
LsqFit-LM,true,true,0.0011438350268609912,0,0.000560375,true,3.012488454621219e-7,tp370,31,6,15.0,14.99885616497314
Optim-BFGS,true,true,0.0011438350267762051,38,0.0019604590000000003,true,4.438905044002068e-9,tp370,31,6,15.0,14.998856164973224
Optim-L-BFGS,true,true,0.0011438350267762088,50,0.002479292,true,1.765377661291038e-9,tp370,31,6,15.0,14.998856164973224
This work,true,true,6.998800690490431e-7,5,0.0009080000000000001,true,4.547724401298781e-11,tp371,31,9,15.0,14.999999300119931
NonlinearSolve-TR,true,true,6.998800690449517e-7,39,0.001694666,true,1.3777844489182868e-13,tp371,31,9,15.0,14.999999300119931
NonlinearSolve-LM,true,true,6.998800690462975e-7,153,0.014337750000000002,true,9.287531295822679e-12,tp371,31,9,15.0,14.999999300119931
NonlinearSolve-GNBK,true,true,6.998800690448948e-7,38,0.021923709000000003,true,5.938543574517656e-12,tp371,31,9,15.0,14.999999300119931
NonlinearSolve-GNLF,true,true,6.998800690459366e-7,38,0.0027942920000000003,true,1.243145068656703e-13,tp371,31,9,15.0,14.999999300119931
JSO-TRON,true,true,7.000808229543049e-7,11,0.003263667,true,9.437113569387684e-9,tp371,31,9,15.0,14.999999299919176
LSO-Levenberg-QR,true,true,6.998800690924399e-7,21,0.0014782920000000002,true,6.19039698857982e-11,tp371,31,9,15.0,14.999999300119931
Scipy-LeastSquares,true,true,6.998800690482889e-7,6,0.002991084,true,4.5517988681228927e-11,tp371,31,9,15.0,14.999999300119931
NLLSsolver-LM,true,true,6.998800690461633e-7,9,0.000701959,true,1.529837858691373e-13,tp371,31,9,15.0,14.999999300119931
LsqFit-LM,true,true,6.9988006915204e-7,0,0.0010383340000000001,true,5.4611567620822e-10,tp371,31,9,15.0,14.999999300119931
Optim-BFGS,true,true,6.998800690467048e-7,75,0.00568325,true,4.6953033212008475e-9,tp371,31,9,15.0,14.999999300119931
Optim-L-BFGS,true,true,6.998800690957467e-7,242,0.017931875,true,6.935170677549815e-9,tp371,31,9,15.0,14.999999300119931
This work,true,false,0.02006886815721726,12,0.001964958,true,2.3627686881056483e-6,tp379,65,11,1.0467097571060324,1.0266408889488152
NonlinearSolve-TR,true,true,0.02006886814677384,48,0.0023549580000000003,true,9.261361533794498e-11,tp379,65,11,1.0467097571060324,1.0266408889592586
NonlinearSolve-LM,true,true,0.020068868146773833,132,0.008988458000000001,true,1.73871099011178e-13,tp379,65,11,1.0467097571060324,1.0266408889592586
NonlinearSolve-GNBK,true,true,0.02006886814677383,52,0.013800125000000002,true,2.6117612773825315e-12,tp379,65,11,1.0467097571060324,1.0266408889592586
NonlinearSolve-GNLF,true,true,0.020068868146773847,46,0.0033674580000000003,true,5.793956798385002e-11,tp379,65,11,1.0467097571060324,1.0266408889592586
JSO-TRON,true,true,0.020068868146782416,29,0.007487708,true,9.996950314419312e-9,tp379,65,11,1.0467097571060324,1.02664088895925
LSO-Levenberg-QR,true,true,0.02006886814702671,11,0.000744208,true,2.0321575369974185e-7,tp379,65,11,1.0467097571060324,1.0266408889590057
Scipy-LeastSquares,true,true,0.020068868147134714,11,0.004186042,true,2.6921893321089973e-7,tp379,65,11,1.0467097571060324,1.0266408889588976
NLLSsolver-LM,true,true,0.020068868147292425,11,0.001148916,true,4.259071334735006e-7,tp379,65,11,1.0467097571060324,1.02664088895874
LsqFit-LM,true,true,0.020068868148281873,0,0.000940333,true,5.091878362008692e-7,tp379,65,11,1.0467097571060324,1.0266408889577505
Optim-BFGS,true,true,0.02006886814677386,65,0.004525625,true,7.504727961731545e-10,tp379,65,11,1.0467097571060324,1.0266408889592586
Optim-L-BFGS,true,true,0.020068868146773867,97,0.005606084000000001,true,1.2665943767044502e-8,tp379,65,11,1.0467097571060324,1.0266408889592586
