solver,success,converged,final_cost,iterations,time,bounds_satisfied,final_gradient_norm,problem,nvars,nresiduals,dist_x0,initial_objective,improvement
TRLS,true,false,9.63200388261439e-15,6,0.000252408,true,5.347337764011406e-7,NZF1,13,5,19.667764608503795,4956.907414728962,4956.907414728962
LM-QR-scaled,true,false,3.237486090759207e-14,6,0.000242188,true,1.1370987400405815e-6,NZF1,13,5,23.43798456352487,4956.907414728962,4956.907414728962
NonlinearSolve-TR,true,true,6.460339405452545e-29,7,0.000186278,true,1.8134812827812132e-13,NZF1,13,5,19.667764608923484,4956.907414728962,4956.907414728962
NonlinearSolve-LM,true,true,1.4188070666078453e-18,11,0.00011595000000000001,true,2.5058681893357998e-9,NZF1,13,5,19.659569301363312,4956.907414728962,4956.907414728962
NonlinearSolve-GNBK,true,true,3.415786396742177e-20,6,0.000117249,true,1.00347218044435e-9,NZF1,13,5,19.673562550429086,4956.907414728962,4956.907414728962
NonlinearSolve-GNLF,true,true,3.415786396742177e-20,6,9.469e-5,true,1.00347218044435e-9,NZF1,13,5,19.673562550429086,4956.907414728962,4956.907414728962
LSO-Levenberg-QR,true,true,4.3333423748712815e-34,9,0.000130149,true,9.448656450446453e-17,NZF1,13,5,23.648164349157362,4956.907414728962,4956.907414728962
Scipy-LeastSquares,true,true,8.168720638710683e-19,24,0.015813839,true,1.7272783021261744e-9,NZF1,13,5,19.673309934297038,4956.907414728962,4956.907414728962
NLLSsolver-LM,true,true,2.77333911991762e-32,7,4.15295e-5,true,8.865627595353975e-16,NZF1,13,5,19.6735624345192,4956.907414728962,4956.907414728962
LsqFit-LM,true,false,0.00042012419685815696,0,0.00435121,true,0.13867852114527718,NZF1,13,5,24.341838262809713,4956.907414728962,4956.906994604765
Optim-BFGS,true,true,8.820235850437713e-21,17,0.030937372,true,8.185478903516898e-10,NZF1,13,5,20.054775542212138,4956.907414728962,4956.907414728962
Optim-L-BFGS,true,true,4.769132852517913e-21,22,0.916653285,true,5.516445803580942e-10,NZF1,13,5,19.801883940255482,4956.907414728962,4956.907414728962
TRLS,true,true,0.0,2,1.515e-5,true,0.0,mgh01_crop1,2,1,2.2,2.4200000000000004,2.4200000000000004
LM-QR-scaled,true,true,0.0,2,1.5090000000000001e-5,true,0.0,mgh01_crop1,2,1,2.2,2.4200000000000004,2.4200000000000004
NonlinearSolve-TR,true,true,0.0,2,3.757e-5,true,0.0,mgh01_crop1,2,1,2.2,2.4200000000000004,2.4200000000000004
NonlinearSolve-LM,true,true,2.26064554439675e-21,7,7.095900000000001e-5,true,6.724054646412014e-11,mgh01_crop1,2,1,2.1999999999327593,2.4200000000000004,2.4200000000000004
NonlinearSolve-GNBK,true,true,2.465190328815662e-32,1,5.0919000000000005e-5,true,2.220446049250313e-16,mgh01_crop1,2,1,2.2,2.4200000000000004,2.4200000000000004
NonlinearSolve-GNLF,true,true,2.465190328815662e-32,1,3.8610000000000005e-5,true,2.220446049250313e-16,mgh01_crop1,2,1,2.2,2.4200000000000004,2.4200000000000004
LSO-Levenberg-QR,true,true,8.800883548267464e-27,6,6.5866666666666666e-6,true,1.326716514427062e-13,mgh01_crop1,2,1,2.1999999999998674,2.4200000000000004,2.4200000000000004
Scipy-LeastSquares,true,true,9.413375443645048e-18,16,0.011934146000000001,true,4.338980397200487e-9,mgh01_crop1,2,1,2.1999999956610194,2.4200000000000004,2.4200000000000004
NLLSsolver-LM,true,true,0.0,3,1.1913333333333333e-5,true,0.0,mgh01_crop1,2,1,2.2,2.4200000000000004,2.4200000000000004
LsqFit-LM,true,true,4.041911187206291e-21,0,2.771e-5,true,8.991007938163875e-11,mgh01_crop1,2,1,2.19999999991009,2.4200000000000004,2.4200000000000004
Optim-BFGS,true,true,2.465190328815662e-32,1,0.039043425,true,2.220446049250313e-16,mgh01_crop1,2,1,2.2,2.4200000000000004,2.4200000000000004
Optim-L-BFGS,true,true,2.465190328815662e-32,1,9.2619e-5,true,2.220446049250313e-16,mgh01_crop1,2,1,2.2,2.4200000000000004,2.4200000000000004
TRLS,true,false,3.0484759648708944e-16,4,1.959e-5,true,4.802149178958596e-7,mgh02_crop1,2,1,0.7370025446798018,190.125,190.125
LM-QR-scaled,true,false,3.0484759648708944e-16,4,1.768e-5,true,4.802149178958596e-7,mgh02_crop1,2,1,0.7370025446798018,190.125,190.125
NonlinearSolve-TR,true,true,0.0,5,5.0600000000000003e-5,true,0.0,mgh02_crop1,2,1,0.7370025459492131,190.125,190.125
NonlinearSolve-LM,true,true,1.996697671538431e-20,8,7.7459e-5,true,3.886789492094979e-9,mgh02_crop1,2,1,0.7369679254854814,190.125,190.125
NonlinearSolve-GNBK,true,true,0.0,5,7.8619e-5,true,0.0,mgh02_crop1,2,1,0.7370025459492131,190.125,190.125
NonlinearSolve-GNLF,true,true,0.0,5,6.174900000000001e-5,true,0.0,mgh02_crop1,2,1,0.7370025459492131,190.125,190.125
LSO-Levenberg-QR,true,true,1.4199496293978212e-27,6,6.901666666666668e-6,true,1.4713008842849339e-12,mgh02_crop1,2,1,10.159209390119228,190.125,190.125
Scipy-LeastSquares,true,true,6.453869486218866e-21,17,0.013288247000000001,true,2.1654977482328102e-9,mgh02_crop1,2,1,0.8587157883551787,190.125,190.125
NLLSsolver-LM,true,true,0.0,5,1.7146666666666666e-5,true,0.0,mgh02_crop1,2,1,0.7370025458328293,190.125,190.125
LsqFit-LM,true,true,1.576646662447967e-21,0,3.1870000000000005e-5,true,1.5420041669673245e-9,mgh02_crop1,2,1,9.956269360512461,190.125,190.125
Optim-BFGS,true,true,7.252370644044026e-22,6,7.11e-5,true,8.704308007241128e-10,mgh02_crop1,2,1,4.029769359233741,190.125,190.125
Optim-L-BFGS,true,true,4.2170768499123805e-25,8,8.826e-5,true,1.786376856869257e-11,mgh02_crop1,2,1,0.7369442113171203,190.125,190.125
TRLS,true,true,0.0,1,5.7475000000000005e-6,true,0.0,mgh03_crop1,2,1,0.0001,0.5,0.5
LM-QR-scaled,true,true,0.0,1,5.566666666666666e-6,true,0.0,mgh03_crop1,2,1,0.0001,0.5,0.5
NonlinearSolve-TR,true,true,0.0,1,3.524e-5,true,0.0,mgh03_crop1,2,1,0.0001,0.5,0.5
NonlinearSolve-LM,true,true,4.670924922201715e-22,7,7.4059e-5,true,3.056444011192239e-7,mgh03_crop1,2,1,9.999999974314439e-5,0.5,0.5
NonlinearSolve-GNBK,true,true,0.0,1,5.0479e-5,true,0.0,mgh03_crop1,2,1,0.0001,0.5,0.5
NonlinearSolve-GNLF,true,true,0.0,1,3.884e-5,true,0.0,mgh03_crop1,2,1,0.0001,0.5,0.5
LSO-Levenberg-QR,true,true,1.3556143247915545e-27,6,7.085000000000001e-6,true,5.21542251343648e-10,mgh03_crop1,2,1,0.0016309805732135827,0.5,0.5
Scipy-LeastSquares,true,true,3.3876273254845175e-25,21,0.018164002000000002,true,8.231193566516508e-9,mgh03_crop1,2,1,9.999999977940717e-5,0.5,0.5
NLLSsolver-LM,true,true,0.0,3,1.093225e-5,true,0.0,mgh03_crop1,2,1,9.9999999999999e-5,0.5,0.5
LsqFit-LM,true,true,6.162975822039155e-33,0,3.807e-5,true,3.6821932064473065e-12,mgh03_crop1,2,1,2.3166247905516113,0.5,0.5
Optim-BFGS,true,true,0.0,1,7.6119e-5,true,0.0,mgh03_crop1,2,1,0.0001,0.5,0.5
Optim-L-BFGS,true,true,0.0,1,6.9589e-5,true,0.0,mgh03_crop1,2,1,0.0001,0.5,0.5
TRLS,true,true,0.0,20,0.000164539,true,0.0,mgh04_crop1,2,1,999999.0,4.999990000005e11,4.999990000005e11
LM-QR-scaled,true,true,0.0,20,0.00018936900000000002,true,0.0,mgh04_crop1,2,1,999999.0,4.999990000005e11,4.999990000005e11
NonlinearSolve-TR,true,true,0.0,20,6.794e-5,true,0.0,mgh04_crop1,2,1,999999.0,4.999990000005e11,4.999990000005e11
NonlinearSolve-LM,true,true,0.0,9,7.5729e-5,true,0.0,mgh04_crop1,2,1,999999.0,4.999990000005e11,4.999990000005e11
NonlinearSolve-GNBK,true,true,0.0,1,6.059e-5,true,0.0,mgh04_crop1,2,1,999999.0,4.999990000005e11,4.999990000005e11
NonlinearSolve-GNLF,true,true,0.0,243,0.0025576220000000003,true,0.0,mgh04_crop1,2,1,999999.0,4.999990000005e11,4.999990000005e11
LSO-Levenberg-QR,true,true,0.0,8,7.193333333333334e-6,true,0.0,mgh04_crop1,2,1,999999.0,4.999990000005e11,4.999990000005e11
Scipy-LeastSquares,true,true,4.5563596298703324e-17,41,0.021356949,true,9.546056389808655e-9,mgh04_crop1,2,1,999998.9999999905,4.999990000005e11,4.999990000005e11
NLLSsolver-LM,true,true,0.0,4,1.22875e-5,true,0.0,mgh04_crop1,2,1,999999.0,4.999990000005e11,4.999990000005e11
LsqFit-LM,true,true,1.0842021724855044e-19,0,3.061e-5,true,4.656612873077393e-10,mgh04_crop1,2,1,999998.9999999995,4.999990000005e11,4.999990000005e11
Optim-BFGS,true,true,0.0,1,3.334e-5,true,0.0,mgh04_crop1,2,1,999999.0,4.999990000005e11,4.999990000005e11
Optim-L-BFGS,true,true,0.0,1,4.5229e-5,true,0.0,mgh04_crop1,2,1,999999.0,4.999990000005e11,4.999990000005e11
TRLS,true,false,2.0100078998112757e-14,3,2.1919e-5,true,3.5653006049739197e-7,mgh05_crop1,2,1,1.4429808982292536,1.125,1.1249999999999798
LM-QR-scaled,true,false,2.0100078998112757e-14,3,3.807e-5,true,3.5653006049739197e-7,mgh05_crop1,2,1,1.4429808982292536,1.125,1.1249999999999798
NonlinearSolve-TR,true,true,1.7971237497066175e-29,4,4.627e-5,true,1.066071262289981e-14,mgh05_crop1,2,1,1.4429808297850366,1.125,1.125
NonlinearSolve-LM,true,true,1.0117808707652423e-21,7,7.6709e-5,true,7.824680914810139e-11,mgh05_crop1,2,1,1.1877728219128114,1.125,1.125
NonlinearSolve-GNBK,true,true,0.0,1,6.1339e-5,true,0.0,mgh05_crop1,2,1,1.5,1.125,1.125
NonlinearSolve-GNLF,true,true,0.0,1,4.7220000000000005e-5,true,0.0,mgh05_crop1,2,1,1.5,1.125,1.125
LSO-Levenberg-QR,true,true,8.874685183736383e-31,6,2.368e-5,true,2.3628338431071167e-15,mgh05_crop1,2,1,1.431026501890948,1.125,1.125
Scipy-LeastSquares,true,true,7.080607233977981e-18,12,0.009398043,true,6.69169138286118e-9,mgh05_crop1,2,1,1.4430159013182073,1.125,1.125
NLLSsolver-LM,true,true,0.0,3,1.1347500000000001e-5,true,0.0,mgh05_crop1,2,1,1.4999989615401998,1.125,1.125
LsqFit-LM,true,true,7.525964785886074e-23,0,3.5850000000000004e-5,true,4.1067021935723245e-11,mgh05_crop1,2,1,2.3603592679715466,1.125,1.125
Optim-BFGS,true,true,0.0,1,4.1139e-5,true,0.0,mgh05_crop1,2,1,1.5,1.125,1.125
Optim-L-BFGS,true,true,0.0,1,4.5589e-5,true,0.0,mgh05_crop1,2,1,1.5,1.125,1.125
TRLS,true,false,6.410983955776408e-17,3,3.5489000000000005e-5,true,3.209865088048391e-8,mgh06_crop1,2,1,0.4827150859687666,0.670848551042871,0.6708485510428709
LM-QR-scaled,true,false,9.254802200202411e-16,3,3.557e-5,true,1.217470530876732e-7,mgh06_crop1,2,1,0.48529053320277543,0.670848551042871,0.6708485510428701
NonlinearSolve-TR,true,true,0.0,4,6.3619e-5,true,0.0,mgh06_crop1,2,1,0.48271508197481605,0.670848551042871,0.670848551042871
NonlinearSolve-LM,true,true,5.15821381997748e-22,7,0.000123229,true,9.10601519053265e-11,mgh06_crop1,2,1,0.4826740830780689,0.670848551042871,0.670848551042871
NonlinearSolve-GNBK,true,true,5.539158433116981e-23,4,0.000134219,true,2.983423982601474e-11,mgh06_crop1,2,1,0.48274377921556677,0.670848551042871,0.670848551042871
NonlinearSolve-GNLF,true,true,5.539158433116981e-23,4,7.611900000000001e-5,true,2.983423982601474e-11,mgh06_crop1,2,1,0.48274377921556677,0.670848551042871,0.670848551042871
LSO-Levenberg-QR,true,true,6.162975822039155e-29,6,2.0810000000000002e-5,true,3.1417893341525446e-14,mgh06_crop1,2,1,0.4852298337774194,0.670848551042871,0.670848551042871
Scipy-LeastSquares,true,true,5.333618402566103e-19,10,0.008098822,true,2.9277596812032157e-9,mgh06_crop1,2,1,0.48271506229274513,0.670848551042871,0.670848551042871
NLLSsolver-LM,true,true,0.0,5,2.715966666666667e-5,true,0.0,mgh06_crop1,2,1,0.4827437790705402,0.670848551042871,0.670848551042871
LsqFit-LM,true,true,1.0892206809600436e-25,0,5.8269e-5,true,1.3209160712975627e-12,mgh06_crop1,2,1,0.48494370477913806,0.670848551042871,0.670848551042871
Optim-BFGS,true,true,7.271100460009857e-19,6,0.000140299,true,3.4216263396569836e-9,mgh06_crop1,2,1,0.48262878139786447,0.670848551042871,0.670848551042871
Optim-L-BFGS,true,true,3.2283568857879246e-19,6,0.000159839,true,2.278301927312871e-9,mgh06_crop1,2,1,0.48264954363242357,0.670848551042871,0.670848551042871
TRLS,true,true,0.0,0,2.479090909090909e-6,true,0.0,mgh07_crop2,3,2,0.0,0.0,0.0
LM-QR-scaled,true,true,0.0,0,3.095e-6,true,0.0,mgh07_crop2,3,2,0.0,0.0,0.0
NonlinearSolve-TR,true,true,0.0,1,4.021e-5,true,0.0,mgh07_crop2,3,2,0.0,0.0,0.0
NonlinearSolve-LM,true,true,0.0,1,6.0920000000000006e-5,true,0.0,mgh07_crop2,3,2,0.0,0.0,0.0
NonlinearSolve-GNBK,true,true,0.0,1,6.093e-5,true,0.0,mgh07_crop2,3,2,0.0,0.0,0.0
NonlinearSolve-GNLF,true,true,0.0,1,3.8709000000000005e-5,true,0.0,mgh07_crop2,3,2,0.0,0.0,0.0
LSO-Levenberg-QR,true,true,0.0,1,7.143e-6,true,0.0,mgh07_crop2,3,2,0.0,0.0,0.0
Scipy-LeastSquares,true,true,0.0,1,0.000378677,true,0.0,mgh07_crop2,3,2,0.0,0.0,0.0
NLLSsolver-LM,true,true,0.0,1,7.733333333333334e-6,true,0.0,mgh07_crop2,3,2,0.0,0.0,0.0
LsqFit-LM,true,true,0.0,0,1.1085000000000001e-5,true,0.0,mgh07_crop2,3,2,0.0,0.0,0.0
Optim-BFGS,true,true,0.0,0,2.402e-5,true,0.0,mgh07_crop2,3,2,0.0,0.0,0.0
Optim-L-BFGS,true,true,0.0,0,3.401e-5,true,0.0,mgh07_crop2,3,2,0.0,0.0,0.0
TRLS,true,false,1.539694801450086e-11,4,4.1960000000000005e-5,true,1.1117850812108975e-5,mgh08_crop2,3,2,1.3884675478514472,8.871553125000002,8.871553124984604
LM-QR-scaled,true,false,1.539694801450086e-11,4,4.2189000000000006e-5,true,1.1117850812108975e-5,mgh08_crop2,3,2,1.3884675478514472,8.871553125000002,8.871553124984604
NonlinearSolve-TR,true,true,2.5822756468095083e-23,5,7.945e-5,true,1.4398058435472311e-11,mgh08_crop2,3,2,1.3884699959612576,8.871553125000002,8.871553125000002
NonlinearSolve-LM,true,true,4.338791210261633e-22,9,0.00014429900000000002,true,5.827274195103325e-11,mgh08_crop2,3,2,1.3883725532199385,8.871553125000002,8.871553125000002
NonlinearSolve-GNBK,true,true,2.5822756468095083e-23,5,0.000122129,true,1.4398058435472311e-11,mgh08_crop2,3,2,1.3884699959612576,8.871553125000002,8.871553125000002
NonlinearSolve-GNLF,true,true,2.5822756468095083e-23,5,9.169000000000001e-5,true,1.4398058435472311e-11,mgh08_crop2,3,2,1.3884699959612576,8.871553125000002,8.871553125000002
LSO-Levenberg-QR,true,true,1.2181680231944262e-27,7,3.4539500000000004e-5,true,4.1026546711550896e-14,mgh08_crop2,3,2,1.3882844358656876,8.871553125000002,8.871553125000002
Scipy-LeastSquares,true,true,5.341160544433017e-17,15,0.011249801,true,8.546072015210456e-9,mgh08_crop2,3,2,1.3886550394271382,8.871553125000002,8.871553125000002
NLLSsolver-LM,true,true,0.0,6,4.76695e-5,true,0.0,mgh08_crop2,3,2,1.3884699921266968,8.871553125000002,8.871553125000002
LsqFit-LM,true,true,3.508242484171409e-17,0,8.681e-5,true,9.455720426103941e-9,mgh08_crop2,3,2,1.3882793753961107,8.871553125000002,8.871553125000002
Optim-BFGS,true,true,1.8062297917172436e-19,15,0.000438967,true,5.771349243981786e-10,mgh08_crop2,3,2,1.3959776871377496,8.871553125000002,8.871553125000002
Optim-L-BFGS,true,true,6.91561602500643e-21,15,0.000354288,true,1.3248852923379117e-10,mgh08_crop2,3,2,1.3895123014047612,8.871553125000002,8.871553125000002
TRLS,true,true,1.2474794783842908e-13,1,1.756e-5,true,4.205082152919394e-9,mgh09_crop2,3,2,0.004319454109748352,6.251776489641606e-10,6.250529010163221e-10
LM-QR-scaled,true,true,1.2474794783842908e-13,1,1.758e-5,true,4.205082152919394e-9,mgh09_crop2,3,2,0.004319454109748352,6.251776489641606e-10,6.250529010163221e-10
NonlinearSolve-TR,true,true,4.607077470408167e-21,2,5.6500000000000005e-5,true,8.077995282483586e-13,mgh09_crop2,3,2,0.004260122179822095,6.251776489641606e-10,6.251776489595535e-10
NonlinearSolve-LM,true,true,6.773248166312664e-18,4,0.00012105900000000001,true,3.0973358593906074e-11,mgh09_crop2,3,2,0.004259671407297067,6.251776489641606e-10,6.251776421909124e-10
NonlinearSolve-GNBK,true,true,4.607077470408167e-21,2,9.951900000000001e-5,true,8.077995282483586e-13,mgh09_crop2,3,2,0.004260122179822095,6.251776489641606e-10,6.251776489595535e-10
NonlinearSolve-GNLF,true,true,4.607077470408167e-21,2,6.395000000000001e-5,true,8.077995282483586e-13,mgh09_crop2,3,2,0.004260122179822095,6.251776489641606e-10,6.251776489595535e-10
LSO-Levenberg-QR,true,true,6.989445884389845e-21,3,3.387e-5,true,9.935734227118398e-13,mgh09_crop2,3,2,0.006108781573598933,6.251776489641606e-10,6.251776489571711e-10
Scipy-LeastSquares,true,true,9.924631544081814e-14,2,0.0019198370000000002,true,3.747995292786309e-9,mgh09_crop2,3,2,0.004207160005573793,6.251776489641606e-10,6.250784026487198e-10
NLLSsolver-LM,true,true,1.1296500711402183e-35,3,4.8490000000000005e-5,true,4.0000256157757944e-20,mgh09_crop2,3,2,0.004260110773338829,6.251776489641606e-10,6.251776489641606e-10
LsqFit-LM,true,true,9.531622329927165e-14,0,4.7350000000000006e-5,true,3.6679370259145304e-9,mgh09_crop2,3,2,0.0060418589347116984,6.251776489641606e-10,6.250823327408613e-10
Optim-BFGS,true,true,7.357731353483724e-13,2,0.000133079,true,1.0218053029478587e-8,mgh09_crop2,3,2,0.004404192372739523,6.251776489641606e-10,6.244418758288122e-10
Optim-L-BFGS,true,true,7.359086138314123e-13,2,0.000145309,true,1.0219011605326031e-8,mgh09_crop2,3,2,0.0044042011992737155,6.251776489641606e-10,6.244417403503291e-10
TRLS,true,false,6.683619349428464e-22,7,9.225900000000001e-5,true,1.3696285795214513e-5,mgh10_crop2,3,2,11.335867973355715,2.536084609813418e8,2.536084609813418e8
LM-QR-scaled,true,false,2.14498272592657e-21,9,0.00012703900000000001,true,3.0104255701353624e-5,mgh10_crop2,3,2,134.16359813196652,2.536084609813418e8,2.536084609813418e8
NonlinearSolve-TR,true,true,1.2970192004831474e-21,7,9.945900000000001e-5,true,1.9334455903441594e-5,mgh10_crop2,3,2,11.335867979208565,2.536084609813418e8,2.536084609813418e8
NonlinearSolve-LM,true,true,9.085325850266991e-19,21,0.00030651800000000004,true,0.0005032967756504947,mgh10_crop2,3,2,11.335387914956156,2.536084609813418e8,2.536084609813418e8
NonlinearSolve-GNBK,true,true,2.507391231801365e-22,8,0.00018021900000000002,true,8.443167339653177e-6,mgh10_crop2,3,2,11.336004222938843,2.536084609813418e8,2.536084609813418e8
NonlinearSolve-GNLF,true,true,1.4176324735510357e-20,6,0.00011599900000000001,true,6.294449732461378e-5,mgh10_crop2,3,2,11.336028514299132,2.536084609813418e8,2.536084609813418e8
LSO-Levenberg-QR,true,true,6.668109712943094e-22,28,0.00023193900000000002,true,1.3670875451369937e-5,mgh10_crop2,3,2,11.496520866189224,2.536084609813418e8,2.536084609813418e8
Scipy-LeastSquares,true,false,6.617444900424222e-24,40,0.26476176500000004,true,1.1402990617309955e-7,mgh10_crop2,3,2,11.335466525809608,2.536084609813418e8,2.536084609813418e8
NLLSsolver-LM,true,true,3.019209235818551e-23,13,0.00018376900000000002,true,2.6761702609537345e-6,mgh10_crop2,3,2,11.335387639405896,2.536084609813418e8,2.536084609813418e8
LsqFit-LM,true,false,3.153626085358418e-23,0,0.001178631,true,3.0068066617472136e-6,mgh10_crop2,3,2,86.2770071091587,2.536084609813418e8,2.536084609813418e8
Optim-BFGS,true,true,1.694996472697723e-21,12,0.000897474,true,3.5953583978322276e-5,mgh10_crop2,3,2,345.9386596448994,2.536084609813418e8,2.536084609813418e8
Optim-L-BFGS,true,true,5.997059441009451e-23,40,0.001281171,true,2.5051579604102284e-6,mgh10_crop2,3,2,11.33539529994918,2.536084609813418e8,2.536084609813418e8
TRLS,true,false,9.895995174083326e-9,247,0.0154745,true,4.438556284112568e6,mgh11_crop2,3,2,5.848540209435142,0.3852162280806919,0.3852162181846967
LM-QR-scaled,true,false,9.106863900696128e-9,69,0.0044713290000000004,true,0.196464701183003,mgh11_crop2,3,2,6.343504468172145,0.3852162280806919,0.385216218973828
NonlinearSolve-TR,true,false,1.0158974215854582e-9,400,0.019513473,true,2.3379407303809617e7,mgh11_crop2,3,2,6.010809814843124,0.3852162280806919,0.38521622706479447
NonlinearSolve-LM,true,false,0.00020873660377120526,400,0.024469747,true,1.8266335412855636e7,mgh11_crop2,3,2,5.552612897781969,0.3852162280806919,0.3850074914769207
NonlinearSolve-GNBK,true,true,2.611613709805591e-9,188,0.029173224,true,1.4969984652037374,mgh11_crop2,3,2,5.934550006924948,0.3852162280806919,0.3852162254690782
NonlinearSolve-GNLF,true,false,0.37298529217078524,5,0.001113602,true,2.424726832429718,mgh11_crop2,3,2,3.040492231542711,0.3852162280806919,0.012230935909906648
LSO-Levenberg-QR,true,false,1.5249139616443845e-12,400,0.022218774,true,0.004544950139573662,mgh11_crop2,3,2,6.969339299880008,0.3852162280806919,0.385216228079167
Scipy-LeastSquares,true,false,3.0862052484710364e-11,970,0.293224354,true,1.56379378582323e8,mgh11_crop2,3,2,6.281179319242404,0.3852162280806919,0.38521622804982986
NLLSsolver-LM,true,true,0.0016936804705010508,55,0.004984215,true,0.051130275899989176,mgh11_crop2,3,2,5.188887931191987,0.3852162280806919,0.38352254761019083
LsqFit-LM,true,false,3.0556732659956334e-10,0,0.020768914000000003,true,6.692784006578861e-5,mgh11_crop2,3,2,6.5633062721998545,0.3852162280806919,0.38521622777512454
Optim-BFGS,true,false,1.2235442315453715e-8,400,0.044607996,true,0.3961636740344656,mgh11_crop2,3,2,6.309605814281621,0.3852162280806919,0.38521621584524957
Optim-L-BFGS,true,false,3.825848334778929e-8,400,0.047336807,true,430581.5329822002,mgh11_crop2,3,2,5.772635080640942,0.3852162280806919,0.38521618982220857
TRLS,true,false,1.38489740677543e-13,4,5.0610000000000005e-5,true,2.939303588877762e-7,mgh12_crop2,3,2,18.96647812536978,71.28010260437006,71.28010260436992
LM-QR-scaled,true,false,1.38489740677543e-13,4,5.1510000000000007e-5,true,2.939303588877762e-7,mgh12_crop2,3,2,18.96647812536978,71.28010260437006,71.28010260436992
NonlinearSolve-TR,true,true,1.0375288445122066e-25,5,9.0739e-5,true,2.5442285308086223e-13,mgh12_crop2,3,2,18.966478429514048,71.28010260437006,71.28010260437006
NonlinearSolve-LM,true,true,9.324337539170933e-19,10,0.00019641800000000002,true,7.29901010268637e-10,mgh12_crop2,3,2,18.96659346216513,71.28010260437006,71.28010260437006
NonlinearSolve-GNBK,true,true,1.037759231955874e-25,5,0.000129819,true,2.543573727767301e-13,mgh12_crop2,3,2,18.966478429514048,71.28010260437006,71.28010260437006
NonlinearSolve-GNLF,true,true,1.037759231955874e-25,5,0.000102609,true,2.543573727767301e-13,mgh12_crop2,3,2,18.966478429514048,71.28010260437006,71.28010260437006
LSO-Levenberg-QR,true,true,1.0831676526266696e-27,14,7.602950000000001e-5,true,1.7354259668117896e-14,mgh12_crop2,3,2,105.4396810566058,71.28010260437006,71.28010260437006
Scipy-LeastSquares,true,true,5.333461039216611e-16,14,0.010613895,true,8.041058289906507e-9,mgh12_crop2,3,2,18.973913814924902,71.28010260437006,71.28010260437006
NLLSsolver-LM,true,true,0.0,6,5.1599500000000006e-5,true,0.0,mgh12_crop2,3,2,18.96647842905187,71.28010260437006,71.28010260437006
LsqFit-LM,true,true,4.4717494122336995e-20,0,0.000106509,true,2.1975708150633955e-10,mgh12_crop2,3,2,831.0475608343781,71.28010260437006,71.28010260437006
Optim-BFGS,true,true,8.402284392578564e-18,16,0.000313918,true,1.3777099696818807e-9,mgh12_crop2,3,2,18.972986579470223,71.28010260437006,71.28010260437006
Optim-L-BFGS,true,true,4.6923474124458e-17,18,0.000359677,true,3.4813564496875914e-9,mgh12_crop2,3,2,18.96785469978511,71.28010260437006,71.28010260437006
TRLS,true,false,3.725290298461915e-9,8,4.0980000000000004e-5,true,2.6973983046972186e-6,mgh13_crop2,4,2,1.6188266427439408,40.5,40.49999999627471
LM-QR-scaled,true,false,3.725290298461915e-9,8,4.146e-5,true,2.6973983046972186e-6,mgh13_crop2,4,2,1.6188266427439408,40.5,40.49999999627471
NonlinearSolve-TR,true,true,1.387778780781446e-17,15,0.00011474900000000001,true,1.2862197421537488e-12,mgh13_crop2,4,2,1.6237884694249807,40.5,40.5
NonlinearSolve-LM,true,true,1.1089341452476222e-17,20,0.000126549,true,1.089705818330718e-12,mgh13_crop2,4,2,1.623790600738918,40.5,40.5
NonlinearSolve-GNBK,true,true,1.387778780781446e-17,15,0.000163289,true,1.2862197421537488e-12,mgh13_crop2,4,2,1.6237884694249807,40.5,40.5
NonlinearSolve-GNLF,true,true,1.387778780781446e-17,15,0.000127229,true,1.2862197421537488e-12,mgh13_crop2,4,2,1.6237884694249807,40.5,40.5
LSO-Levenberg-QR,true,true,8.096550018075678e-14,12,1.879e-5,true,8.586151802629486e-10,mgh13_crop2,4,2,1.670858353936874,40.5,40.49999999999992
Scipy-LeastSquares,true,true,7.191646162224291e-13,9,0.005431822,true,4.865188137081578e-9,mgh13_crop2,4,2,1.6244172580425402,40.5,40.49999999999928
NLLSsolver-LM,true,true,1.3868777782302074e-17,15,6.34445e-5,true,1.2824114502778804e-12,mgh13_crop2,4,2,1.6237884757700964,40.5,40.5
LsqFit-LM,true,true,2.022885439092711e-13,0,6.944e-5,true,1.7062927101313116e-9,mgh13_crop2,4,2,1.6992720206356529,40.5,40.4999999999998
Optim-BFGS,true,true,2.7001850362322795e-12,26,0.000176239,true,1.1891838902989555e-8,mgh13_crop2,4,2,1.6230067589793593,40.5,40.4999999999973
Optim-L-BFGS,true,true,3.538166495299381e-16,35,0.000253919,true,5.727332245727146e-9,mgh13_crop2,4,2,1.623739740864547,40.5,40.5
TRLS,true,false,1.4209749059406697e-12,5,3.009e-5,true,1.6610733230369987e-5,mgh14_crop2,4,2,5.021712946444066,4508.000000000001,4507.999999999999
LM-QR-scaled,true,false,1.4209749059406697e-12,5,2.7609000000000003e-5,true,1.6610733230369987e-5,mgh14_crop2,4,2,5.021712946444066,4508.000000000001,4507.999999999999
NonlinearSolve-TR,true,true,2.0553909552489463e-28,6,6.3859e-5,true,1.9977576820506056e-13,mgh14_crop2,4,2,5.021713006216719,4508.000000000001,4508.000000000001
NonlinearSolve-LM,true,true,7.566410957502963e-20,10,8.802e-5,true,4.007704632855107e-9,mgh14_crop2,4,2,4.986595444552012,4508.000000000001,4508.000000000001
NonlinearSolve-GNBK,true,true,2.0553909552489463e-28,6,9.5469e-5,true,1.9977576820506056e-13,mgh14_crop2,4,2,5.021713006216719,4508.000000000001,4508.000000000001
NonlinearSolve-GNLF,true,true,2.0553909552489463e-28,6,7.586000000000001e-5,true,1.9977576820506056e-13,mgh14_crop2,4,2,5.021713006216719,4508.000000000001,4508.000000000001
LSO-Levenberg-QR,true,true,1.2881709698484752e-25,6,1.1404750000000001e-5,true,1.8120332854861968e-11,mgh14_crop2,4,2,6.721429246209683,4508.000000000001,4508.000000000001
Scipy-LeastSquares,true,true,1.432178300571674e-17,21,0.013636615000000001,true,5.351968423994435e-9,mgh14_crop2,4,2,5.432721730616487,4508.000000000001,4508.000000000001
NLLSsolver-LM,true,true,0.0,7,2.4263333333333332e-5,true,0.0,mgh14_crop2,4,2,5.021712721556488,4508.000000000001,4508.000000000001
LsqFit-LM,true,true,3.688541029490434e-29,0,4.424e-5,true,3.3627918348714994e-13,mgh14_crop2,4,2,6.609761598648486,4508.000000000001,4508.000000000001
Optim-BFGS,true,true,2.127268201517433e-27,8,9.085e-5,true,1.7186246531077816e-12,mgh14_crop2,4,2,8.920305729171252,4508.000000000001,4508.000000000001
Optim-L-BFGS,true,true,3.3966306581449533e-19,22,0.000203529,true,7.091001318416402e-9,mgh14_crop2,4,2,5.1996375687932535,4508.000000000001,4508.000000000001
TRLS,true,false,3.6966492816121405e-12,3,3.3349e-5,true,4.1130787906353947e-7,mgh15_crop2,4,2,0.19276585307855465,0.0011588628104622675,0.0011588628067656182
LM-QR-scaled,true,false,3.6966492816121405e-12,3,3.342e-5,true,4.1130787906353947e-7,mgh15_crop2,4,2,0.19276585307855465,0.0011588628104622675,0.0011588628067656182
NonlinearSolve-TR,true,true,3.238464253154583e-20,4,7.6399e-5,true,3.865827940213458e-11,mgh15_crop2,4,2,0.19273907713952998,0.0011588628104622675,0.0011588628104622675
NonlinearSolve-LM,true,true,3.1776465207641484e-22,8,0.000138769,true,2.446189024409359e-11,mgh15_crop2,4,2,0.184836680987597,0.0011588628104622675,0.0011588628104622675
NonlinearSolve-GNBK,true,true,3.238464429741549e-20,4,0.000106829,true,3.865828050409505e-11,mgh15_crop2,4,2,0.1927390771395301,0.0011588628104622675,0.0011588628104622675
NonlinearSolve-GNLF,true,true,3.238464429741549e-20,4,8.1469e-5,true,3.865828050409505e-11,mgh15_crop2,4,2,0.1927390771395301,0.0011588628104622675,0.0011588628104622675
LSO-Levenberg-QR,true,true,4.029835845307274e-27,6,2.5223333333333333e-5,true,3.786051575131486e-14,mgh15_crop2,4,2,0.5578675027129639,0.0011588628104622675,0.0011588628104622675
Scipy-LeastSquares,true,true,2.923879835542306e-15,11,0.007915924000000001,true,7.142102356817129e-9,mgh15_crop2,4,2,0.18900259049680013,0.0011588628104622675,0.0011588628104593436
NLLSsolver-LM,true,true,3.912045199536573e-34,5,7.034000000000001e-5,true,2.7540472843867912e-17,mgh15_crop2,4,2,0.1927294930899432,0.0011588628104622675,0.0011588628104622675
LsqFit-LM,true,true,5.963611396910522e-17,0,7.3859e-5,true,1.8062488499083164e-9,mgh15_crop2,4,2,0.562131930424677,0.0011588628104622675,0.0011588628104622078
Optim-BFGS,true,true,4.337762548788324e-19,13,0.000224098,true,9.195666255877005e-10,mgh15_crop2,4,2,0.1894265685080974,0.0011588628104622675,0.001158862810462267
Optim-L-BFGS,true,true,3.833212140756884e-18,13,0.000242708,true,2.7209174850122646e-9,mgh15_crop2,4,2,0.18949109881329504,0.0011588628104622675,0.0011588628104622636
TRLS,true,false,8.703811655524223e-9,75,0.0026110720000000003,true,2.461033119658827e-6,mgh16_crop2,4,2,28.770519229299328,218166.98665259604,218166.98665258734
LM-QR-scaled,true,false,3.338961560044064e-9,17,0.00044663700000000005,true,2.411334953601583e-6,mgh16_crop2,4,2,28.765899123242445,218166.98665259604,218166.9866525927
NonlinearSolve-TR,true,true,3.82389878784535e-16,154,0.002208564,true,1.3611232140069187e-11,mgh16_crop2,4,2,28.773437126826277,218166.98665259604,218166.98665259604
NonlinearSolve-LM,true,true,3.1922197170366126e-16,232,0.003911132,true,8.16412043546737e-12,mgh16_crop2,4,2,28.773441170788836,218166.98665259604,218166.98665259604
NonlinearSolve-GNBK,true,true,4.281939940054304e-17,61,0.0018808770000000002,true,2.3193274652683515e-12,mgh16_crop2,4,2,28.773466189851487,218166.98665259604,218166.98665259604
NonlinearSolve-GNLF,true,true,9.286962451034521e-17,101,0.002431943,true,6.414816754461666e-12,mgh16_crop2,4,2,28.77346608407095,218166.98665259604,218166.98665259604
LSO-Levenberg-QR,true,false,26632.551645059586,400,0.006158577,true,10679.789354790742,mgh16_crop2,4,2,13.213588317662147,218166.98665259604,191534.43500753646
Scipy-LeastSquares,true,true,4.3447926953550946e-12,124,0.034754545000000005,true,9.578985782429845e-9,mgh16_crop2,4,2,28.773058181056783,218166.98665259604,218166.98665259604
NLLSsolver-LM,true,true,3.267503490893282e-15,133,0.00286974,true,4.9843710943927775e-11,mgh16_crop2,4,2,28.773403788533354,218166.98665259604,218166.98665259604
LsqFit-LM,true,false,161415.70555986138,0,0.007088990000000001,true,24309.137405636335,mgh16_crop2,4,2,6.369143158560431,218166.98665259604,56751.28109273466
Optim-BFGS,true,true,2.5794507222784133e-12,89,0.002052206,true,7.004465180557507e-9,mgh16_crop2,4,2,28.773578043523138,218166.98665259604,218166.98665259604
Optim-L-BFGS,true,true,4.682941811174543e-12,40,0.001000593,true,1.283782155825082e-8,mgh16_crop2,4,2,28.774527323840157,218166.98665259604,218166.98665259604
TRLS,true,false,9.82260675044327e-13,4,0.00010704900000000001,true,4.54357715415501e-5,mgh17_crop3,5,3,0.1268003087975138,0.04052335528877128,0.04052335528778902
LM-QR-scaled,true,false,9.82260675044327e-13,4,0.00010667900000000001,true,4.54357715415501e-5,mgh17_crop3,5,3,0.1268003087975138,0.04052335528877128,0.04052335528778902
NonlinearSolve-TR,true,true,1.0029819507410717e-24,5,0.00016702900000000002,true,4.595646405859788e-11,mgh17_crop3,5,3,0.12680073223422228,0.04052335528877128,0.04052335528877128
NonlinearSolve-LM,true,true,4.563741698223061e-21,13,0.00048604700000000003,true,2.2495420737622887e-9,mgh17_crop3,5,3,0.12613212160600126,0.04052335528877128,0.04052335528877128
NonlinearSolve-GNBK,true,true,1.0029819507410717e-24,5,0.000222618,true,4.59564538368504e-11,mgh17_crop3,5,3,0.12680073223422228,0.04052335528877128,0.04052335528877128
NonlinearSolve-GNLF,true,true,1.0029819507410717e-24,5,0.00017183900000000002,true,4.59564538368504e-11,mgh17_crop3,5,3,0.12680073223422228,0.04052335528877128,0.04052335528877128
LSO-Levenberg-QR,true,true,1.5275816880466597e-26,7,0.00016855800000000002,true,1.7925398480212963e-13,mgh17_crop3,5,3,0.13012732393784696,0.04052335528877128,0.04052335528877128
Scipy-LeastSquares,true,true,1.2333697980291683e-17,11,0.009047867000000001,true,2.8055133934188857e-9,mgh17_crop3,5,3,0.12690559218206987,0.04052335528877128,0.04052335528877127
NLLSsolver-LM,true,true,7.703719777548943e-33,6,0.000184069,true,5.166277166481364e-16,mgh17_crop3,5,3,0.12680033732978668,0.04052335528877128,0.04052335528877128
LsqFit-LM,true,true,1.6503539142748577e-22,0,0.00025909800000000003,true,4.676529909275964e-10,mgh17_crop3,5,3,0.13567559662982623,0.04052335528877128,0.04052335528877128
Optim-BFGS,true,true,1.3470864908085617e-23,15,0.001109883,true,6.943040217509603e-11,mgh17_crop3,5,3,0.1338747790932881,0.04052335528877128,0.04052335528877128
Optim-L-BFGS,true,true,6.271318769857192e-22,25,0.001239031,true,7.874689151461484e-10,mgh17_crop3,5,3,0.12615252018156384,0.04052335528877128,0.04052335528877128
TRLS,true,false,1.0925054091526351e-11,3,5.458e-5,true,6.470521536312258e-6,mgh18_crop3,6,3,1.7723510362583679,0.02276290524256954,0.022762905231644488
LM-QR-scaled,true,false,1.0925054091526351e-11,3,5.284e-5,true,6.470521536312258e-6,mgh18_crop3,6,3,1.7723510362583679,0.02276290524256954,0.022762905231644488
NonlinearSolve-TR,true,true,2.0990740010723318e-23,4,0.000111859,true,5.383077543483956e-12,mgh18_crop3,6,3,1.7723524358922595,0.02276290524256954,0.02276290524256954
NonlinearSolve-LM,true,true,4.29948369623448e-22,12,0.000276059,true,7.769035990291879e-12,mgh18_crop3,6,3,1.7748754542951617,0.02276290524256954,0.02276290524256954
NonlinearSolve-GNBK,true,true,2.099194853176342e-23,4,0.000152869,true,5.3837171929603444e-12,mgh18_crop3,6,3,1.7723524358922604,0.02276290524256954,0.02276290524256954
NonlinearSolve-GNLF,true,true,2.099194853176342e-23,4,0.000106649,true,5.3837171929603444e-12,mgh18_crop3,6,3,1.7723524358922604,0.02276290524256954,0.02276290524256954
LSO-Levenberg-QR,true,true,4.586586132658089e-24,10,0.000149679,true,1.6060327823211574e-13,mgh18_crop3,6,3,2.900888200957076,0.02276290524256954,0.02276290524256954
Scipy-LeastSquares,true,true,2.7914847829091602e-14,13,0.009514072,true,9.25830031084905e-9,mgh18_crop3,6,3,1.9787364416524251,0.02276290524256954,0.022762905242541626
NLLSsolver-LM,true,true,0.0,5,5.4439500000000006e-5,true,0.0,mgh18_crop3,6,3,1.7723511223850852,0.02276290524256954,0.02276290524256954
LsqFit-LM,true,true,5.175885032040245e-24,0,0.000189728,true,2.1604340830121948e-13,mgh18_crop3,6,3,2.8945055092595577,0.02276290524256954,0.02276290524256954
Optim-BFGS,true,true,1.0587417049275232e-17,20,0.000429457,true,2.944325642773563e-9,mgh18_crop3,6,3,1.8400467140247077,0.02276290524256954,0.02276290524256953
Optim-L-BFGS,true,true,5.749022931814589e-17,16,0.000388317,true,8.081417939335794e-9,mgh18_crop3,6,3,1.784893625285015,0.02276290524256954,0.022762905242569482
TRLS,true,false,1.3852435289099355e-10,7,0.0006770350000000001,true,1.9236180981740916e-5,mgh19_crop6,11,6,1.4598656946061432,0.5902183322278652,0.5902183320893409
LM-QR-scaled,true,false,1.5075572399076692e-12,8,0.0007675640000000001,true,1.8287858065117277e-6,mgh19_crop6,11,6,2.5771658584508708,0.5902183322278652,0.5902183322263577
NonlinearSolve-TR,true,true,4.8345239023387925e-18,8,0.000809185,true,3.5521422501994643e-9,mgh19_crop6,11,6,1.4598835587955616,0.5902183322278652,0.5902183322278652
NonlinearSolve-LM,true,true,1.4387611171719024e-17,13,0.001604209,true,3.615627043903252e-9,mgh19_crop6,11,6,0.9933993050784048,0.5902183322278652,0.5902183322278652
NonlinearSolve-GNBK,true,true,6.636902758186536e-28,7,0.0009310430000000001,true,4.761762126434686e-14,mgh19_crop6,11,6,1.433513333346141,0.5902183322278652,0.5902183322278652
NonlinearSolve-GNLF,true,true,4.208632815940278e-26,6,0.000679215,true,4.4349810084364404e-13,mgh19_crop6,11,6,1.44267210952095,0.5902183322278652,0.5902183322278652
LSO-Levenberg-QR,true,true,0.006006458444002606,54,0.00421718,true,1.8003616534645853e-5,mgh19_crop6,11,6,22.110439859498612,0.5902183322278652,0.5842118737838626
Scipy-LeastSquares,true,true,3.712967071783585e-16,18,0.014320359000000001,true,7.608746057426795e-9,mgh19_crop6,11,6,1.4487510768744882,0.5902183322278652,0.5902183322278649
NLLSsolver-LM,true,true,5.527021177172965e-23,11,0.00137911,true,5.166079549117993e-13,mgh19_crop6,11,6,1.478632590372465,0.5902183322278652,0.5902183322278652
LsqFit-LM,true,false,0.0060064573392585524,0,0.040466835,true,4.6915792377895663e-7,mgh19_crop6,11,6,44.775846112622126,0.5902183322278652,0.5842118748886067
Optim-BFGS,true,true,3.3870359847085345e-18,17,0.003043998,true,4.9322098735471816e-9,mgh19_crop6,11,6,0.9979991894629143,0.5902183322278652,0.5902183322278652
Optim-L-BFGS,true,true,2.436701721503647e-17,25,0.004129061,true,1.1108335896702223e-8,mgh19_crop6,11,6,1.0315329698024542,0.5902183322278652,0.5902183322278652
TRLS,true,false,1.0496824745874221e-12,3,0.000225039,true,2.415301887393541e-6,mgh20_crop3,6,3,1.0272742201168659,1.0,0.9999999999989503
LM-QR-scaled,true,false,8.655809216769218e-10,3,0.000269808,true,6.895272232893332e-5,mgh20_crop3,6,3,1.0400556292304128,1.0,0.9999999991344191
NonlinearSolve-TR,true,true,1.0367413394616664e-26,4,0.00030576800000000004,true,2.400367651331507e-13,mgh20_crop3,6,3,1.0272745214039227,1.0,1.0
NonlinearSolve-LM,true,true,5.503291884705228e-19,7,0.0007386640000000001,true,1.2390286289247338e-9,mgh20_crop3,6,3,1.0273990411685743,1.0,1.0
NonlinearSolve-GNBK,true,true,1.0303564965100339e-26,4,0.000377888,true,2.3929646359332095e-13,mgh20_crop3,6,3,1.0272745168599726,1.0,1.0
NonlinearSolve-GNLF,true,true,1.0303564965100339e-26,4,0.00031110800000000004,true,2.3929646359332095e-13,mgh20_crop3,6,3,1.0272745168599726,1.0,1.0
LSO-Levenberg-QR,true,true,2.2323044843793957e-24,6,0.00037531800000000003,true,1.8527119018442702e-12,mgh20_crop3,6,3,1.042606712238821,1.0,1.0
Scipy-LeastSquares,true,true,1.1506981896948968e-17,20,0.015202933000000002,true,2.893787807720821e-9,mgh20_crop3,6,3,1.0276868905253878,1.0,1.0
NLLSsolver-LM,true,true,2.465190328815844e-32,5,0.000352848,true,3.701414348679808e-16,mgh20_crop3,6,3,1.0272745172207285,1.0,1.0
LsqFit-LM,true,true,8.021850602548125e-21,0,0.00040926700000000005,true,1.2396232816626537e-10,mgh20_crop3,6,3,1.0450328753364877,1.0,1.0
Optim-BFGS,true,true,3.7285740632052436e-18,20,0.001659048,true,1.868901367590036e-9,mgh20_crop3,6,3,1.3473374304912609,1.0,1.0
Optim-L-BFGS,true,true,7.378404612672254e-18,19,0.001336971,true,4.974187083310908e-9,mgh20_crop3,6,3,1.0537433690211555,1.0,1.0
TRLS,true,false,3.9358425770254684e-16,3,5.843e-5,true,6.446068735646666e-7,mgh21_crop10,20,10,4.935751039463648,60.5,60.5
LM-QR-scaled,true,false,3.9358425770254684e-16,3,5.984e-5,true,6.446068735646666e-7,mgh21_crop10,20,10,4.935751039463648,60.5,60.5
NonlinearSolve-TR,true,true,1.8699732054110313e-22,5,0.00019445900000000002,true,4.442445778536435e-10,mgh21_crop10,20,10,4.935755779341411,60.5,60.5
NonlinearSolve-LM,true,true,2.998163254948108e-17,7,0.000123349,true,1.7802226032975516e-7,mgh21_crop10,20,10,4.935731259088157,60.5,60.5
NonlinearSolve-GNBK,true,true,1.8699732054110313e-22,5,0.000139089,true,4.442445778536435e-10,mgh21_crop10,20,10,4.935755779341411,60.5,60.5
NonlinearSolve-GNLF,true,true,1.8699732054110313e-22,5,0.00010805000000000001,true,4.442445778536435e-10,mgh21_crop10,20,10,4.935755779341411,60.5,60.5
LSO-Levenberg-QR,true,true,4.4115351306134024e-26,6,0.00013629900000000002,true,4.677677551194123e-13,mgh21_crop10,20,10,4.949184643296602,60.5,60.5
Scipy-LeastSquares,true,true,6.957964126515461e-17,13,0.009930020000000001,true,1.1796579272962865e-8,mgh21_crop10,20,10,4.935751396064298,60.5,60.5
NLLSsolver-LM,true,true,0.0,4,7.5259e-5,true,0.0,mgh21_crop10,20,10,4.935751039496515,60.5,60.5
LsqFit-LM,true,true,2.0405157320557568e-20,0,0.00012498900000000002,true,5.203144896688396e-10,mgh21_crop10,20,10,4.948813912118452,60.5,60.5
Optim-BFGS,true,true,2.948580921530781e-23,10,0.000218649,true,1.7465961461601514e-11,mgh21_crop10,20,10,5.279420541737622,60.5,60.5
Optim-L-BFGS,true,true,2.0165755438575272e-17,16,0.000307448,true,8.328103796159063e-9,mgh21_crop10,20,10,4.936701114727525,60.5,60.5
TRLS,true,false,3.4924596548080453e-9,9,0.000175718,true,2.920019319991086e-6,mgh22_crop10,20,10,3.4479794105550585,319.5,319.49999999650754
LM-QR-scaled,true,false,3.4924596548080453e-9,9,0.000164768,true,2.920019319991086e-6,mgh22_crop10,20,10,3.4479794105550585,319.5,319.49999999650754
NonlinearSolve-TR,true,true,1.3010426069826056e-17,16,0.000679415,true,1.392373714442771e-12,mgh22_crop10,20,10,3.4514806905924718,319.5,319.5
NonlinearSolve-LM,true,true,1.848228366277219e-17,21,0.00027226800000000004,true,1.8226067901369082e-12,mgh22_crop10,20,10,3.4139761566977436,319.5,319.5
NonlinearSolve-GNBK,true,true,1.3010426069826056e-17,16,0.000409157,true,1.392373714442771e-12,mgh22_crop10,20,10,3.4514806905924718,319.5,319.5
NonlinearSolve-GNLF,true,true,1.3010426069826056e-17,16,0.00033352800000000004,true,1.392373714442771e-12,mgh22_crop10,20,10,3.4514806905924718,319.5,319.5
LSO-Levenberg-QR,true,true,7.2090446133016e-14,13,0.000301648,true,8.942216848861853e-10,mgh22_crop10,20,10,3.5652623521600706,319.5,319.49999999999994
Scipy-LeastSquares,true,true,1.5010884159321924e-12,10,0.007090870000000001,true,8.84668561257122e-9,mgh22_crop10,20,10,4.819791772563102,319.5,319.4999999999985
NLLSsolver-LM,true,true,1.3015809434914069e-17,16,0.000301748,true,1.3928057872501529e-12,mgh22_crop10,20,10,3.4514381465602484,319.5,319.5
LsqFit-LM,true,true,1.550949642917675e-13,0,0.000232608,true,1.5884935268737891e-9,mgh22_crop10,20,10,3.5117877162949145,319.5,319.49999999999983
Optim-BFGS,true,true,1.3291595993185083e-14,40,0.000697735,true,5.070918104067507e-9,mgh22_crop10,20,10,6.117338005651239,319.5,319.5
Optim-L-BFGS,true,true,2.0749329376789706e-13,40,0.000692785,true,8.65941583298937e-9,mgh22_crop10,20,10,3.4399034565813658,319.5,319.4999999999998
TRLS,true,true,1.2499875002787338e-6,31,0.000575516,true,5.3429273053584796e-11,mgh23_crop2,4,2,5.408324063706931,442.53125,442.5312487500125
LM-QR-scaled,true,true,1.249987511728876e-6,41,0.000716895,true,9.909807063898295e-9,mgh23_crop2,4,2,5.408287062184068,442.53125,442.5312487500125
NonlinearSolve-TR,true,true,1.2499875002499923e-6,65,0.00019262900000000002,true,4.047549871429833e-14,mgh23_crop2,4,2,5.408326454989964,442.53125,442.5312487500125
NonlinearSolve-LM,true,false,0.2637243688343889,400,0.0011650920000000002,true,1.4351658520931885,mgh23_crop2,4,2,5.379328946734813,442.53125,442.2675256311656
NonlinearSolve-GNBK,true,true,0.2812499999999805,86,0.0025253230000000003,true,1.4999999999999285,mgh23_crop2,4,2,5.385164807133485,442.53125,442.25
NonlinearSolve-GNLF,true,false,0.28427412505042565,400,0.0040195610000000005,true,1.5110719399241672,mgh23_crop2,4,2,5.448579203806219,442.53125,442.24697587494956
LSO-Levenberg-QR,true,false,32.570915337738086,400,0.001822218,true,46.56384151558927,mgh23_crop2,4,2,4.791157210277138,442.53125,409.9603346622619
Scipy-LeastSquares,true,true,1.249987505436467e-6,76,0.019473603000000003,true,6.99275097315031e-9,mgh23_crop2,4,2,5.408294456470411,442.53125,442.5312487500125
NLLSsolver-LM,true,true,1.2499875009453433e-6,15,0.000136429,true,6.913729786010606e-10,mgh23_crop2,4,2,5.408338191366071,442.53125,442.5312487500125
LsqFit-LM,true,false,252.19117548103276,0,0.00133262,true,214.04434368005258,mgh23_crop2,4,2,1.2458505110866793,442.53125,190.34007451896724
Optim-BFGS,true,true,1.2499875002566356e-6,179,0.001177052,true,2.6546509790942442e-9,mgh23_crop2,4,2,5.408325664658712,442.53125,442.5312487500125
Optim-L-BFGS,true,true,1.2499875002553284e-6,170,0.001357631,true,2.7767177416299455e-9,mgh23_crop2,4,2,5.4083259093266545,442.53125,442.5312487500125
TRLS,true,false,7.411231478893781e-16,4,3.5180000000000005e-5,true,1.209475853004372e-7,mgh24_crop2,4,2,0.3633670771809415,1.17,1.1699999999999993
LM-QR-scaled,true,false,7.411231478893781e-16,4,3.5349e-5,true,1.209475853004372e-7,mgh24_crop2,4,2,0.3633670771809415,1.17,1.1699999999999993
NonlinearSolve-TR,true,true,9.860761315262648e-32,5,7.974e-5,true,1.395106069461477e-15,mgh24_crop2,4,2,0.36336708519790395,1.17,1.17
NonlinearSolve-LM,true,true,2.9806104344506042e-21,8,0.00011777900000000001,true,2.3947890345072764e-10,mgh24_crop2,4,2,0.3633157722191825,1.17,1.17
NonlinearSolve-GNBK,true,true,9.860761315262648e-32,5,0.000106929,true,1.395106069461477e-15,mgh24_crop2,4,2,0.36336708519790395,1.17,1.17
NonlinearSolve-GNLF,true,true,9.860761315262648e-32,5,8.5049e-5,true,1.395106069461477e-15,mgh24_crop2,4,2,0.36336708519790395,1.17,1.17
LSO-Levenberg-QR,true,true,5.631844787905987e-27,7,3.07595e-5,true,9.248391317938631e-14,mgh24_crop2,4,2,0.42192501296409873,1.17,1.17
Scipy-LeastSquares,true,true,6.347583091589276e-17,20,0.013517235,true,9.752372289954765e-9,mgh24_crop2,4,2,1.06407493230107,1.17,1.17
NLLSsolver-LM,true,true,0.0,5,2.5243333333333336e-5,true,0.0,mgh24_crop2,4,2,0.3633670835273648,1.17,1.17
LsqFit-LM,true,true,6.514792995183703e-19,0,7.2159e-5,true,1.096686320273334e-9,mgh24_crop2,4,2,0.395535419521556,1.17,1.17
Optim-BFGS,true,true,8.825507610706924e-18,9,0.000115849,true,9.346332219685016e-9,mgh24_crop2,4,2,0.4061548725157948,1.17,1.17
Optim-L-BFGS,true,true,3.774012545678981e-23,13,0.000161208,true,2.7215222220123478e-11,mgh24_crop2,4,2,0.3632747503006768,1.17,1.17
TRLS,true,false,3.902771550379029e-9,12,0.00010767900000000001,true,3.2588374990411587e-5,mgh25_crop5,10,5,1.9616626797631358,1.09853320125e6,1.098533201249996e6
LM-QR-scaled,true,false,4.7731092502701945e-9,12,0.000163009,true,3.789953559632738e-5,mgh25_crop5,10,5,2.2046307135550314,1.09853320125e6,1.098533201249995e6
NonlinearSolve-TR,true,true,1.4538956994092548e-17,19,0.000449127,true,1.5539348121168128e-11,mgh25_crop5,10,5,1.9621379445484997,1.09853320125e6,1.09853320125e6
NonlinearSolve-LM,true,true,3.003665336593498e-17,25,0.00018869900000000002,true,2.6773406617424573e-11,mgh25_crop5,10,5,1.9621372002034148,1.09853320125e6,1.09853320125e6
NonlinearSolve-GNBK,true,true,1.4538956993652924e-17,19,0.000288058,true,1.553934812081572e-11,mgh25_crop5,10,5,1.9621379445484997,1.09853320125e6,1.09853320125e6
NonlinearSolve-GNLF,true,true,1.4538956993652924e-17,19,0.00024231800000000002,true,1.553934812081572e-11,mgh25_crop5,10,5,1.9621379445484997,1.09853320125e6,1.09853320125e6
LSO-Levenberg-QR,true,true,3.9614310790679474e-15,17,0.000184689,true,1.0421300895718004e-9,mgh25_crop5,10,5,3.0273689872971614,1.09853320125e6,1.09853320125e6
Scipy-LeastSquares,true,true,5.957722686276473e-14,20,0.012041235,true,6.450379911681305e-9,mgh25_crop5,10,5,1.962111745096921,1.09853320125e6,1.09853320125e6
NLLSsolver-LM,true,true,1.4553072004171695e-17,19,0.000191639,true,1.5548115613074816e-11,mgh25_crop5,10,5,1.962137943640491,1.09853320125e6,1.09853320125e6
LsqFit-LM,true,true,2.793421575247658e-14,0,0.00019675900000000002,true,4.509570901813231e-9,mgh25_crop5,10,5,3.027356671605568,1.09853320125e6,1.09853320125e6
Optim-BFGS,true,true,6.750771252333748e-14,39,0.000390278,true,8.738492757451777e-9,mgh25_crop5,10,5,1.9621107937807296,1.09853320125e6,1.09853320125e6
Optim-L-BFGS,true,true,3.7215222530988744e-14,41,0.000465527,true,1.0585994637976053e-8,mgh25_crop5,10,5,1.9621150707180033,1.09853320125e6,1.09853320125e6
TRLS,true,false,2.896567892590513e-9,3,6.43e-5,true,4.4017002601436626e-5,mgh26_crop5,10,5,0.09748170563504195,0.0018627417547345765,0.0018627388581666838
LM-QR-scaled,true,false,2.896567892590513e-9,3,6.505000000000001e-5,true,4.4017002601436626e-5,mgh26_crop5,10,5,0.09748170563504195,0.0018627417547345765,0.0018627388581666838
NonlinearSolve-TR,true,true,1.3977459899216816e-26,5,0.00018311800000000002,true,9.923474817611863e-14,mgh26_crop5,10,5,0.09751265135291534,0.0018627417547345765,0.0018627417547345765
NonlinearSolve-LM,true,true,4.0591424417692276e-22,9,0.00022931900000000002,true,1.2261023986327003e-11,mgh26_crop5,10,5,0.09812525702089107,0.0018627417547345765,0.0018627417547345765
NonlinearSolve-GNBK,true,true,1.4601809577851095e-26,5,0.000173418,true,1.0206720272398747e-13,mgh26_crop5,10,5,0.09751265135291522,0.0018627417547345765,0.0018627417547345765
NonlinearSolve-GNLF,true,true,1.4601809577851095e-26,5,0.000140399,true,1.0206720272398747e-13,mgh26_crop5,10,5,0.09751265135291522,0.0018627417547345765,0.0018627417547345765
LSO-Levenberg-QR,true,true,2.6655935451681405e-21,6,0.00011908,true,2.3810535244151956e-11,mgh26_crop5,10,5,0.0985793055022125,0.0018627417547345765,0.0018627417547345765
Scipy-LeastSquares,true,true,1.6177841512500028e-15,10,0.007624876,true,1.4084845889626095e-8,mgh26_crop5,10,5,0.09803312626410053,0.0018627417547345765,0.0018627417547329586
NLLSsolver-LM,true,true,2.3102733389140136e-30,6,0.00012599,true,1.5685158857673428e-15,mgh26_crop5,10,5,0.09751259962747427,0.0018627417547345765,0.0018627417547345765
LsqFit-LM,true,true,2.6598619849497865e-19,0,0.00026556800000000004,true,1.3034316700785838e-10,mgh26_crop5,10,5,0.11121518921938493,0.0018627417547345765,0.0018627417547345763
Optim-BFGS,true,true,6.66402328009083e-17,26,0.000726704,true,7.213625774868655e-9,mgh26_crop5,10,5,0.10524533583522029,0.0018627417547345765,0.00186274175473451
Optim-L-BFGS,true,true,1.0505469329470539e-16,19,0.000568086,true,1.1568707065577595e-8,mgh26_crop5,10,5,0.10388008547487342,0.0018627417547345765,0.0018627417547344715
TRLS,true,false,7.515407331392265e-10,1,0.000164458,true,0.00012638808465136164,mgh27_crop5,10,5,1.5811510943574398,60.99902391433716,60.99902391358562
LM-QR-scaled,true,false,3.060002261125498e-10,4,0.00018278900000000001,true,8.222810440774697e-5,mgh27_crop5,10,5,1.7869550969377008,60.99902391433716,60.999023914031156
NonlinearSolve-TR,true,true,1.4103819690218365e-17,2,8.184900000000001e-5,true,1.6795123802796912e-8,mgh27_crop5,10,5,1.5811388284046768,60.99902391433716,60.99902391433716
NonlinearSolve-LM,true,true,1.8823826439128396e-19,22,0.000149669,true,1.7402485897652608e-9,mgh27_crop5,10,5,1.5811388302780107,60.99902391433716,60.99902391433716
NonlinearSolve-GNBK,true,true,5.208407842773307e-23,9,0.000178829,true,6.350505369373784e-11,mgh27_crop5,10,5,4.267603925712653,60.99902391433716,60.99902391433716
NonlinearSolve-GNLF,true,true,4.0650988522170265e-29,5,0.00010676900000000001,true,4.791764334885724e-14,mgh27_crop5,10,5,4.267603925710795,60.99902391433716,60.99902391433716
LSO-Levenberg-QR,true,true,3.574311505224103e-26,9,5.38095e-5,true,8.54343849579314e-14,mgh27_crop5,10,5,1.5811388300842668,60.99902391433716,60.99902391433716
Scipy-LeastSquares,true,true,2.9482297335216175e-16,9,0.007302029000000001,true,7.750334568929338e-9,mgh27_crop5,10,5,1.5811388370868988,60.99902391433716,60.99902391433716
NLLSsolver-LM,true,true,4.788632213724423e-30,7,4.87295e-5,true,7.88904685277442e-15,mgh27_crop5,10,5,1.7869234022534246,60.99902391433716,60.99902391433716
LsqFit-LM,true,true,1.0881352058159297e-20,0,0.00012812900000000002,true,6.749998888448459e-11,mgh27_crop5,10,5,1.5811388300408673,60.99902391433716,60.99902391433716
Optim-BFGS,true,true,2.3772950350518955e-20,11,0.000247529,true,1.6232880343509802e-9,mgh27_crop5,10,5,1.5811388301269231,60.99902391433716,60.99902391433716
Optim-L-BFGS,true,true,1.5314620562074442e-20,16,0.000326028,true,8.666387760988132e-11,mgh27_crop5,10,5,1.5811388301334777,60.99902391433716,60.99902391433716
TRLS,true,false,8.012359508149873e-14,1,1.9370000000000003e-5,true,9.54289269514345e-7,mgh28_crop5,10,5,0.00825966844391089,0.0002076795895320516,0.000207679589451928
LM-QR-scaled,true,false,8.012359508149873e-14,1,1.94e-5,true,9.54289269514345e-7,mgh28_crop5,10,5,0.00825966844391089,0.0002076795895320516,0.000207679589451928
NonlinearSolve-TR,true,true,6.159101392658844e-32,2,7.630000000000001e-5,true,7.904739460471478e-16,mgh28_crop5,10,5,0.008259633209755335,0.0002076795895320516,0.0002076795895320516
NonlinearSolve-LM,true,true,6.925383355649441e-20,6,0.000141549,true,8.393523082179072e-10,mgh28_crop5,10,5,0.00825963307816392,0.0002076795895320516,0.00020767958953205151
NonlinearSolve-GNBK,true,true,6.159101392658844e-32,2,0.00010116,true,7.904739460471478e-16,mgh28_crop5,10,5,0.008259633209755335,0.0002076795895320516,0.0002076795895320516
NonlinearSolve-GNLF,true,true,6.159101392658844e-32,2,6.7589e-5,true,7.904739460471478e-16,mgh28_crop5,10,5,0.008259633209755335,0.0002076795895320516,0.0002076795895320516
LSO-Levenberg-QR,true,true,1.674586065436871e-25,5,7.3909e-5,true,1.2194136840812434e-12,mgh28_crop5,10,5,0.008979428501986948,0.0002076795895320516,0.0002076795895320516
Scipy-LeastSquares,true,true,1.8117215345196508e-17,9,0.008507411000000001,true,1.2654024946974295e-8,mgh28_crop5,10,5,0.008259631815164254,0.0002076795895320516,0.0002076795895320335
NLLSsolver-LM,true,true,5.649896047792243e-34,3,2.8100000000000002e-5,true,8.340409739304689e-17,mgh28_crop5,10,5,0.008259633209755403,0.0002076795895320516,0.0002076795895320516
LsqFit-LM,true,true,2.0607110149580586e-18,0,6.866000000000001e-5,true,4.313662194403738e-9,mgh28_crop5,10,5,0.00897943164707605,0.0002076795895320516,0.00020767958953204954
Optim-BFGS,true,true,1.6662641826860732e-31,7,0.000241778,true,1.3906724698255293e-15,mgh28_crop5,10,5,0.008259633209681214,0.0002076795895320516,0.0002076795895320516
Optim-L-BFGS,true,true,1.2712430818190576e-17,7,0.000201509,true,1.2085927371423148e-8,mgh28_crop5,10,5,0.00825963342830128,0.0002076795895320516,0.00020767958953203888
TRLS,true,false,5.114830858179868e-16,2,7.344900000000001e-5,true,3.6394276810367065e-8,mgh29_crop5,10,5,0.1436459090395414,0.012741506715056167,0.012741506715055655
LM-QR-scaled,true,false,5.114830858179868e-16,2,7.422e-5,true,3.6394276810367065e-8,mgh29_crop5,10,5,0.1436459090395414,0.012741506715056167,0.012741506715055655
NonlinearSolve-TR,true,true,4.068527007518036e-33,3,0.00018352800000000002,true,1.0070659786790776e-16,mgh29_crop5,10,5,0.1436458820214392,0.012741506715056167,0.012741506715056167
NonlinearSolve-LM,true,true,2.4111500236233493e-18,6,0.000320298,true,2.380278508454676e-9,mgh29_crop5,10,5,0.1436458788192438,0.012741506715056167,0.012741506715056165
NonlinearSolve-GNBK,true,true,4.044452883213195e-33,3,0.000182919,true,1.0030817364430338e-16,mgh29_crop5,10,5,0.14364588202143916,0.012741506715056167,0.012741506715056167
NonlinearSolve-GNLF,true,true,4.044452883213195e-33,3,0.00014263900000000001,true,1.0030817364430338e-16,mgh29_crop5,10,5,0.14364588202143916,0.012741506715056167,0.012741506715056167
LSO-Levenberg-QR,true,true,5.053574012600727e-25,6,0.000188989,true,1.0353085051684087e-12,mgh29_crop5,10,5,1.2543244871341372,0.012741506715056167,0.012741506715056167
Scipy-LeastSquares,true,true,1.695965743608852e-17,10,0.010934823000000001,true,6.087313530344491e-9,mgh29_crop5,10,5,0.14364587827998523,0.012741506715056167,0.01274150671505615
NLLSsolver-LM,true,true,7.520756432832156e-32,3,0.00010189900000000001,true,4.394260508000656e-16,mgh29_crop5,10,5,0.14364588202143402,0.012741506715056167,0.012741506715056167
LsqFit-LM,true,true,1.229303221797841e-17,0,0.00015646800000000002,true,5.149400225722864e-9,mgh29_crop5,10,5,1.0164778148765594,0.012741506715056167,0.012741506715056155
Optim-BFGS,true,true,7.132278669539425e-19,6,0.000249698,true,1.2223590522788357e-9,mgh29_crop5,10,5,0.1436458835430587,0.012741506715056167,0.012741506715056167
Optim-L-BFGS,true,true,3.118081593853436e-20,6,0.000257259,true,2.55427136329451e-10,mgh29_crop5,10,5,0.14364588326284608,0.012741506715056167,0.012741506715056167
TRLS,true,false,9.723079282180712e-12,3,3.698e-5,true,2.284313373470722e-5,mgh30_crop5,10,5,0.6140325572587971,8.0,7.999999999990277
LM-QR-scaled,true,false,9.723079282180712e-12,3,3.8020000000000005e-5,true,2.284313373470722e-5,mgh30_crop5,10,5,0.6140325572587971,8.0,7.999999999990277
NonlinearSolve-TR,true,true,9.86220221900984e-25,4,0.00010815000000000001,true,7.27466219324788e-12,mgh30_crop5,10,5,0.614033231667332,8.0,8.0
NonlinearSolve-LM,true,true,2.3084658614769442e-18,7,0.00011796900000000001,true,1.1146403782887689e-8,mgh30_crop5,10,5,0.6137912718640477,8.0,8.0
NonlinearSolve-GNBK,true,true,9.86220221900984e-25,4,0.00011207900000000001,true,7.27466219324788e-12,mgh30_crop5,10,5,0.614033231667332,8.0,8.0
NonlinearSolve-GNLF,true,true,9.86220221900984e-25,4,8.7769e-5,true,7.27466219324788e-12,mgh30_crop5,10,5,0.614033231667332,8.0,8.0
LSO-Levenberg-QR,true,true,1.0596090612493427e-25,6,4.5519500000000004e-5,true,2.6161273209675763e-12,mgh30_crop5,10,5,0.9201799987533342,8.0,8.0
Scipy-LeastSquares,true,true,1.9362088550153135e-18,16,0.012199424,true,1.0138624678993606e-8,mgh30_crop5,10,5,0.6148266516114494,8.0,8.0
NLLSsolver-LM,true,true,1.1093356479670479e-30,5,6.361000000000001e-5,true,1.0184418468145828e-14,mgh30_crop5,10,5,0.614033230802565,8.0,8.0
LsqFit-LM,true,true,4.5236450591788236e-20,0,9.1339e-5,true,1.6797416052381977e-9,mgh30_crop5,10,5,0.9117902009366975,8.0,8.0
Optim-BFGS,true,true,5.079413956512921e-21,12,0.000249948,true,7.065053865710787e-10,mgh30_crop5,10,5,0.6563048763985931,8.0,8.0
Optim-L-BFGS,true,true,1.286374862546045e-21,10,0.000186549,true,3.4950854447146214e-10,mgh30_crop5,10,5,0.6138824318759545,8.0,8.0
TRLS,true,false,3.138125485433277e-17,5,8.264000000000001e-5,true,3.8502377369164455e-8,mgh31_crop5,10,5,1.1656908110455124,90.0,90.0
LM-QR-scaled,true,false,3.138125485433277e-17,5,8.375e-5,true,3.8502377369164455e-8,mgh31_crop5,10,5,1.1656908110455124,90.0,90.0
NonlinearSolve-TR,true,true,3.138125538297748e-17,5,0.00017644900000000002,true,3.850237756345579e-8,mgh31_crop5,10,5,1.1656908110455124,90.0,90.0
NonlinearSolve-LM,true,true,5.2790661856167334e-20,9,0.00018545900000000001,true,1.4446418006296282e-9,mgh31_crop5,10,5,1.1633608557107966,90.0,90.0
NonlinearSolve-GNBK,true,true,3.138125485433277e-17,5,0.000156309,true,3.8502377369164455e-8,mgh31_crop5,10,5,1.1656908110455124,90.0,90.0
NonlinearSolve-GNLF,true,true,3.138125485433277e-17,5,0.00012423,true,3.8502377369164455e-8,mgh31_crop5,10,5,1.1656908110455124,90.0,90.0
LSO-Levenberg-QR,true,false,4.115075829834451,400,0.006182947,true,33.40072301243927,mgh31_crop5,10,5,1.5491827438900645,90.0,85.88492417016555
Scipy-LeastSquares,true,true,5.228549731727175e-19,17,0.013624534,true,4.508963825704151e-9,mgh31_crop5,10,5,1.1674267806374026,90.0,90.0
NLLSsolver-LM,true,true,5.854827030937197e-32,6,5.63195e-5,true,2.2075311777529238e-15,mgh31_crop5,10,5,1.1656908041923568,90.0,90.0
LsqFit-LM,true,false,57.61250061661691,0,0.006470195000000001,true,187.38511566207805,mgh31_crop5,10,5,1.1200892744263808,90.0,32.38749938338309
Optim-BFGS,true,true,9.724461569127543e-20,26,0.000721964,true,2.167964471975749e-9,mgh31_crop5,10,5,1.8783147436830372,90.0,90.0
Optim-L-BFGS,true,true,9.450769908578572e-21,14,0.000315197,true,8.828863764102622e-10,mgh31_crop5,10,5,1.158535261048215,90.0,90.0
TRLS,true,true,1.7256332301709633e-31,2,8.6859e-5,true,3.845925372767128e-16,mgh32_crop5,10,5,6.654751256486922,5.5,5.5
LM-QR-scaled,true,true,0.0,2,8.561e-5,true,0.0,mgh32_crop5,10,5,6.654751256486924,5.5,5.5
NonlinearSolve-TR,true,true,1.5407439555097887e-31,2,5.8619e-5,true,4.977465500091125e-16,mgh32_crop5,10,5,6.654751256486923,5.5,5.5
NonlinearSolve-LM,true,true,2.890331803909924e-20,7,7.971000000000001e-5,true,2.0115674738919445e-10,mgh32_crop5,10,5,6.654751256395183,5.5,5.5
NonlinearSolve-GNBK,true,true,1.035379938102578e-30,1,6.8569e-5,true,8.542226509110118e-16,mgh32_crop5,10,5,6.65475125648692,5.5,5.5
NonlinearSolve-GNLF,true,true,1.035379938102578e-30,1,5.352e-5,true,8.542226509110118e-16,mgh32_crop5,10,5,6.65475125648692,5.5,5.5
LSO-Levenberg-QR,true,true,2.332509166784722e-23,6,3.527e-5,true,4.206066567119128e-12,mgh32_crop5,10,5,6.654751256476818,5.5,5.5
Scipy-LeastSquares,true,true,2.6129824827924977e-16,16,0.010702644,true,1.0223468066742339e-8,mgh32_crop5,10,5,6.654751207905926,5.5,5.5
NLLSsolver-LM,true,true,0.0,3,2.38345e-5,true,0.0,mgh32_crop5,10,5,6.654751256486923,5.5,5.5
LsqFit-LM,true,true,1.0722121831838898e-18,0,0.000118839,true,9.01763813130424e-10,mgh32_crop5,10,5,6.654751254320211,5.5,5.5
Optim-BFGS,true,true,6.612667722376784e-17,9,0.000198668,true,8.61804843862132e-9,mgh32_crop5,10,5,6.654751239991854,5.5,5.5
Optim-L-BFGS,true,true,4.620564617167204e-17,7,0.000176248,true,7.085308598008707e-9,mgh32_crop5,10,5,6.6547512480096875,5.5,5.5
TRLS,true,true,0.7257217847769132,1,9.635e-6,true,1.8050999789899814e-10,mgh33_crop5,10,5,2.799581645563797,1.1496675e6,1.1496667742782151e6
LM-QR-scaled,true,true,0.7257217847768913,1,0.000167639,true,4.1716657375343234e-11,mgh33_crop5,10,5,9.834035565609351,1.1496675e6,1.1496667742782151e6
NonlinearSolve-TR,true,true,0.7257217847768545,49,0.00041900700000000005,true,5.081317421791824e-11,mgh33_crop5,10,5,8.841209357148507,1.1496675e6,1.1496667742782151e6
NonlinearSolve-LM,true,false,0.7257467949210935,400,0.001294641,true,3.8307247355771032,mgh33_crop5,10,5,2.79958312108153,1.1496675e6,1.1496667742532052e6
NonlinearSolve-GNBK,true,true,0.7257217847769032,33,0.00045673700000000003,true,6.88397368111998e-12,mgh33_crop5,10,5,2.7995816455637965,1.1496675e6,1.1496667742782151e6
NonlinearSolve-GNLF,true,true,0.7257217847769015,33,0.000395737,true,7.887882742669154e-12,mgh33_crop5,10,5,2.7995816455637965,1.1496675e6,1.1496667742782151e6
LSO-Levenberg-QR,true,true,0.7257217847768942,4,4.258e-5,true,1.1101225534360287e-5,mgh33_crop5,10,5,6.838436353947868,1.1496675e6,1.1496667742782151e6
Scipy-LeastSquares,true,true,0.7257217847769003,3,0.001081912,true,2.654529234372923e-10,mgh33_crop5,10,5,8.287398675885473,1.1496675e6,1.1496667742782151e6
NLLSsolver-LM,true,true,0.7257217847769033,3,3.514e-5,true,1.533604074480155e-11,mgh33_crop5,10,5,2.799581645563797,1.1496675e6,1.1496667742782151e6
LsqFit-LM,true,true,0.7257217847768901,0,0.00011971900000000001,true,3.6215621147362427e-10,mgh33_crop5,10,5,6.8384363540403,1.1496675e6,1.1496667742782151e6
Optim-BFGS,true,true,0.7257217847769013,1,8.002e-5,true,1.8901778865504957e-10,mgh33_crop5,10,5,2.799581645563797,1.1496675e6,1.1496667742782151e6
Optim-L-BFGS,true,true,0.7257217847769013,1,9.414e-5,true,1.8901778865504957e-10,mgh33_crop5,10,5,2.799581645563797,1.1496675e6,1.1496667742782151e6
TRLS,true,true,1.2019867549668855,1,8.789500000000001e-6,true,1.9577946203445642e-11,mgh34_crop5,10,5,2.6054180112004133,291106.5,291105.29801324505
LM-QR-scaled,true,true,1.2019867549668768,1,0.000166569,true,3.538399451448433e-11,mgh34_crop5,10,5,5.098543862177178,291106.5,291105.29801324505
NonlinearSolve-TR,true,true,1.2019867549668712,39,0.000254128,true,4.3107404484650954e-12,mgh34_crop5,10,5,4.6343943819203,291106.5,291105.29801324505
NonlinearSolve-LM,true,false,1.2019873135189127,400,0.0012467910000000001,true,0.30953478029815057,mgh34_crop5,10,5,2.605502003589257,291106.5,291105.2980126865
NonlinearSolve-GNBK,true,true,1.2019867549668855,33,0.000401897,true,1.9577946203445642e-11,mgh34_crop5,10,5,2.6054180112004133,291106.5,291105.29801324505
NonlinearSolve-GNLF,true,true,1.2019867549668855,33,0.000351787,true,1.9577946203445642e-11,mgh34_crop5,10,5,2.6054180112004133,291106.5,291105.29801324505
LSO-Levenberg-QR,true,true,1.2019867549668877,4,3.969e-5,true,7.347005573887086e-6,mgh34_crop5,10,5,4.032274161817796,291106.5,291105.29801324505
Scipy-LeastSquares,true,true,1.2019867549668874,3,0.001068003,true,1.3411192506335853e-11,mgh34_crop5,10,5,8.525173265682085,291106.5,291105.29801324505
NLLSsolver-LM,true,true,1.201986754966879,3,5.1380000000000006e-5,true,1.8138637864819242e-9,mgh34_crop5,10,5,2.605418011200392,291106.5,291105.29801324505
LsqFit-LM,true,true,1.201986754966884,0,0.00010767900000000001,true,3.3180727174157724e-9,mgh34_crop5,10,5,4.03227416195031,291106.5,291105.29801324505
Optim-BFGS,true,true,1.2019867549668906,1,6.733e-5,true,9.100452057870758e-12,mgh34_crop5,10,5,2.6054180112004133,291106.5,291105.29801324505
Optim-L-BFGS,true,true,1.2019867549668906,1,8.117e-5,true,9.100452057870758e-12,mgh34_crop5,10,5,2.6054180112004133,291106.5,291105.29801324505
TRLS,true,true,0.0,2,1.5340000000000002e-5,true,0.0,nls_rosenbrock_crop1,2,1,2.2,2.4200000000000004,2.4200000000000004
LM-QR-scaled,true,true,0.0,2,1.5489e-5,true,0.0,nls_rosenbrock_crop1,2,1,2.2,2.4200000000000004,2.4200000000000004
NonlinearSolve-TR,true,true,0.0,2,3.689e-5,true,0.0,nls_rosenbrock_crop1,2,1,2.2,2.4200000000000004,2.4200000000000004
NonlinearSolve-LM,true,true,2.26064554439675e-21,7,7.009900000000001e-5,true,6.724054646412014e-11,nls_rosenbrock_crop1,2,1,2.1999999999327593,2.4200000000000004,2.4200000000000004
NonlinearSolve-GNBK,true,true,2.465190328815662e-32,1,6.1079e-5,true,2.220446049250313e-16,nls_rosenbrock_crop1,2,1,2.2,2.4200000000000004,2.4200000000000004
NonlinearSolve-GNLF,true,true,2.465190328815662e-32,1,4.6420000000000006e-5,true,2.220446049250313e-16,nls_rosenbrock_crop1,2,1,2.2,2.4200000000000004,2.4200000000000004
LSO-Levenberg-QR,true,true,8.800883548267464e-27,6,6.6733333333333335e-6,true,1.326716514427062e-13,nls_rosenbrock_crop1,2,1,2.1999999999998674,2.4200000000000004,2.4200000000000004
Scipy-LeastSquares,true,true,9.413375443645048e-18,16,0.011807276,true,4.338980397200487e-9,nls_rosenbrock_crop1,2,1,2.1999999956610194,2.4200000000000004,2.4200000000000004
NLLSsolver-LM,true,true,0.0,3,1.0680000000000001e-5,true,0.0,nls_rosenbrock_crop1,2,1,2.2,2.4200000000000004,2.4200000000000004
LsqFit-LM,true,true,4.041911187206291e-21,0,2.7870000000000003e-5,true,8.991007938163875e-11,nls_rosenbrock_crop1,2,1,2.19999999991009,2.4200000000000004,2.4200000000000004
Optim-BFGS,true,true,2.465190328815662e-32,1,4.4399e-5,true,2.220446049250313e-16,nls_rosenbrock_crop1,2,1,2.2,2.4200000000000004,2.4200000000000004
Optim-L-BFGS,true,true,2.465190328815662e-32,1,4.701e-5,true,2.220446049250313e-16,nls_rosenbrock_crop1,2,1,2.2,2.4200000000000004,2.4200000000000004
TRLS,true,true,0.0,1,3.975714285714286e-6,true,0.0,tp201_crop1,2,1,3.0,18.0,18.0
LM-QR-scaled,true,true,0.0,1,4.0150000000000005e-6,true,0.0,tp201_crop1,2,1,3.0,18.0,18.0
NonlinearSolve-TR,true,true,0.0,1,3.3029000000000005e-5,true,0.0,tp201_crop1,2,1,3.0,18.0,18.0
NonlinearSolve-LM,true,true,1.682461516458883e-20,7,7.4409e-5,true,3.6687453075501253e-10,tp201_crop1,2,1,2.9999999999082814,18.0,18.0
NonlinearSolve-GNBK,true,true,0.0,1,4.7179000000000003e-5,true,0.0,tp201_crop1,2,1,3.0,18.0,18.0
NonlinearSolve-GNLF,true,true,0.0,1,3.5759e-5,true,0.0,tp201_crop1,2,1,3.0,18.0,18.0
LSO-Levenberg-QR,true,true,6.565847086335525e-26,6,4.5975000000000005e-6,true,7.247535904753022e-13,tp201_crop1,2,1,2.999999999999819,18.0,18.0
Scipy-LeastSquares,true,true,3.890828699274073e-19,12,0.009839961000000001,true,1.76427406017865e-9,tp201_crop1,2,1,2.9999999995589315,18.0,18.0
NLLSsolver-LM,true,true,0.0,3,9.080000000000001e-6,true,0.0,tp201_crop1,2,1,3.0,18.0,18.0
LsqFit-LM,true,true,3.006399031021522e-20,0,2.16e-5,true,4.904201489353e-10,tp201_crop1,2,1,2.999999999877395,18.0,18.0
Optim-BFGS,true,true,0.0,1,3.39e-5,true,0.0,tp201_crop1,2,1,3.0,18.0,18.0
Optim-L-BFGS,true,true,0.0,1,4.408e-5,true,0.0,tp201_crop1,2,1,3.0,18.0,18.0
TRLS,true,false,1.647150136672507e-12,8,4.4799e-5,true,1.8849143377535959e-6,tp202_crop1,2,1,2.825767525441403,578.0,577.9999999999984
LM-QR-scaled,true,false,2.5669063987527425e-11,6,2.8190000000000003e-5,true,8.533435986743882e-6,tp202_crop1,2,1,2.9226066403469577,578.0,577.9999999999743
NonlinearSolve-TR,true,true,1.6020703884373888e-21,8,6.239900000000001e-5,true,5.772693526982412e-11,tp202_crop1,2,1,2.831366672079607,578.0,578.0
NonlinearSolve-LM,true,true,1.8665450128652393e-21,23,0.00013263900000000002,true,6.119374627505792e-11,tp202_crop1,2,1,2.8526875673972736,578.0,578.0
NonlinearSolve-GNBK,true,true,9.723300931560674e-22,7,9.7359e-5,true,5.251948229090245e-11,tp202_crop1,2,1,2.9226072190025683,578.0,578.0
NonlinearSolve-GNLF,true,true,9.723300931560674e-22,7,7.7389e-5,true,5.251948229090245e-11,tp202_crop1,2,1,2.9226072190025683,578.0,578.0
LSO-Levenberg-QR,true,true,1.6738050686979428e-26,6,7.323166666666667e-6,true,4.141444094863933e-12,tp202_crop1,2,1,18.233256489194947,578.0,578.0
Scipy-LeastSquares,true,true,4.849025315096451e-20,27,0.01570952,true,5.627191346058755e-10,tp202_crop1,2,1,2.803436375140917,578.0,578.0
NLLSsolver-LM,true,true,2.8654226453836343e-32,8,2.5423000000000004e-5,true,2.849231676379273e-16,tp202_crop1,2,1,2.922404222497809,578.0,578.0
LsqFit-LM,true,true,1.9486861855843815e-20,0,3.188e-5,true,4.3770625627832915e-9,tp202_crop1,2,1,17.674805181939874,578.0,578.0
Optim-BFGS,true,true,4.3485957400308276e-29,6,7.452e-5,true,1.8203538837194261e-13,tp202_crop1,2,1,14.621448111608208,578.0,578.0
Optim-L-BFGS,true,true,7.989715639343772e-22,14,0.000127279,true,7.134832997526554e-11,tp202_crop1,2,1,3.0741323954345066,578.0,578.0
TRLS,true,false,8.3452405768507e-16,2,1.1020000000000001e-5,true,8.669552417974427e-8,tp203_crop1,2,1,0.04677395698159293,0.005000000000000009,0.004999999999999174
LM-QR-scaled,true,false,8.3452405768507e-16,2,1.11e-5,true,8.669552417974427e-8,tp203_crop1,2,1,0.04677395698159293,0.005000000000000009,0.004999999999999174
NonlinearSolve-TR,true,true,0.0,3,4.4379e-5,true,0.0,tp203_crop1,2,1,0.04677397623101342,0.005000000000000009,0.005000000000000009
NonlinearSolve-LM,true,true,3.207141367481336e-18,6,7.289900000000001e-5,true,5.374888114180127e-9,tp203_crop1,2,1,0.0467710318468083,0.005000000000000009,0.005000000000000005
NonlinearSolve-GNBK,true,true,2.465190328815662e-32,3,8.0659e-5,true,4.711969506720834e-16,tp203_crop1,2,1,0.04677397623101339,0.005000000000000009,0.005000000000000009
NonlinearSolve-GNLF,true,true,2.465190328815662e-32,3,5.3289000000000004e-5,true,4.711969506720834e-16,tp203_crop1,2,1,0.04677397623101339,0.005000000000000009,0.005000000000000009
LSO-Levenberg-QR,true,true,2.3037817455174235e-25,5,7.175000000000001e-6,true,1.415729535822809e-12,tp203_crop1,2,1,0.06840056139190848,0.005000000000000009,0.005000000000000009
Scipy-LeastSquares,true,true,7.312912028804391e-18,14,0.011129122,true,8.116079647741226e-9,tp203_crop1,2,1,0.04677175666316019,0.005000000000000009,0.005000000000000002
NLLSsolver-LM,true,true,0.0,3,1.16925e-5,true,0.0,tp203_crop1,2,1,0.04677397622099796,0.005000000000000009,0.005000000000000009
LsqFit-LM,true,true,7.334117848582755e-18,0,2.809e-5,true,7.987917466122593e-9,tp203_crop1,2,1,0.06840055872974131,0.005000000000000009,0.005000000000000002
Optim-BFGS,true,true,5.917955664320554e-23,4,5.3929e-5,true,2.308432139418192e-11,tp203_crop1,2,1,0.04677970590790076,0.005000000000000009,0.005000000000000009
Optim-L-BFGS,true,true,1.1654249030028588e-22,4,6.8089e-5,true,3.239729236793155e-11,tp203_crop1,2,1,0.04677513597562403,0.005000000000000009,0.005000000000000009
TRLS,true,false,1.689512242795578e-5,56,0.0005466360000000001,true,1.709936141042032e-7,tp204_crop1,2,1,0.46004073684367397,0.040019357532776814,0.04000246241034886
LM-QR-scaled,true,false,1.6895122487231814e-5,59,0.000578396,true,1.6325984252567296e-7,tp204_crop1,2,1,0.4600397391881199,0.040019357532776814,0.04000246241028958
NonlinearSolve-TR,true,true,1.6895122005034066e-5,122,0.000398687,true,1.4114906389907205e-10,tp204_crop1,2,1,0.46004842924373873,0.040019357532776814,0.04000246241077178
NonlinearSolve-LM,true,false,1.6895258075938146e-5,400,0.0016459390000000001,true,5.338146732661297e-6,tp204_crop1,2,1,0.46003528718246317,0.040019357532776814,0.040002462274700876
NonlinearSolve-GNBK,true,true,1.689512200503326e-5,79,0.0029917290000000003,true,6.415943516562112e-11,tp204_crop1,2,1,0.4600484401561274,0.040019357532776814,0.04000246241077178
NonlinearSolve-GNLF,true,false,1.705463778789989e-5,400,0.004826356,true,0.00018341642659790874,tp204_crop1,2,1,0.4596015482493023,0.040019357532776814,0.04000230289498891
LSO-Levenberg-QR,true,false,0.004995688338257801,400,0.001709828,true,0.06026020832688546,tp204_crop1,2,1,0.141128833165382,0.040019357532776814,0.03502366919451901
Scipy-LeastSquares,true,true,1.6895122297655794e-5,46,0.012287804000000001,true,1.0220331907850002e-7,tp204_crop1,2,1,0.46005611395612367,0.040019357532776814,0.04000246241047916
NLLSsolver-LM,true,true,1.6895122088892405e-5,33,0.00031129700000000004,true,9.556152942354112e-8,tp204_crop1,2,1,0.46004561994447835,0.040019357532776814,0.040002462410687924
LsqFit-LM,true,false,0.009314985419008354,0,0.001642828,true,0.09683923425224848,tp204_crop1,2,1,0.10576431928536774,0.040019357532776814,0.03070437211376846
Optim-BFGS,true,true,1.6895122005033744e-5,21,0.000129989,true,1.1924947901091676e-10,tp204_crop1,2,1,0.46004843061975426,0.040019357532776814,0.04000246241077178
Optim-L-BFGS,true,true,1.6895122005329806e-5,14,0.000122759,true,2.540550761590843e-9,tp204_crop1,2,1,0.4600481976205732,0.040019357532776814,0.04000246241077148
TRLS,true,false,2.117511288717426e-15,4,2.597e-5,true,1.1271676132461452e-7,tp205_crop1,2,1,1.2451948980925578,1.125,1.1249999999999978
LM-QR-scaled,true,false,2.117511288717426e-15,4,2.597e-5,true,1.1271676132461452e-7,tp205_crop1,2,1,1.2451948980925578,1.125,1.1249999999999978
NonlinearSolve-TR,true,true,3.944304526105059e-31,5,5.046e-5,true,1.5383701491068516e-15,tp205_crop1,2,1,1.2451948671661086,1.125,1.125
NonlinearSolve-LM,true,true,1.0127899565149116e-21,7,7.660900000000001e-5,true,7.828581861413546e-11,tp205_crop1,2,1,1.1877728219127999,1.125,1.125
NonlinearSolve-GNBK,true,true,0.0,1,5.2879000000000007e-5,true,0.0,tp205_crop1,2,1,1.5,1.125,1.125
NonlinearSolve-GNLF,true,true,0.0,1,3.93e-5,true,0.0,tp205_crop1,2,1,1.5,1.125,1.125
LSO-Levenberg-QR,true,true,1.2079432611196743e-30,6,6.9300000000000006e-6,true,2.75663948362497e-15,tp205_crop1,2,1,1.431026501890948,1.125,1.125
Scipy-LeastSquares,true,true,1.4966308558522182e-17,15,0.011594659,true,9.476172804650944e-9,tp205_crop1,2,1,1.245194864566101,1.125,1.125
NLLSsolver-LM,true,true,0.0,3,1.149e-5,true,0.0,tp205_crop1,2,1,1.4999989615401992,1.125,1.125
LsqFit-LM,true,true,7.526237206673741e-23,0,3.5249e-5,true,4.106776518988023e-11,tp205_crop1,2,1,2.3603592679715466,1.125,1.125
Optim-BFGS,true,true,0.0,1,3.5449e-5,true,0.0,tp205_crop1,2,1,1.5,1.125,1.125
Optim-L-BFGS,true,true,0.0,1,4.707e-5,true,0.0,tp205_crop1,2,1,1.5,1.125,1.125
TRLS,true,true,0.0,2,1.561e-5,true,0.0,tp206_crop1,2,1,2.2,242.0,242.0
LM-QR-scaled,true,true,0.0,2,1.531e-5,true,0.0,tp206_crop1,2,1,2.2,242.0,242.0
NonlinearSolve-TR,true,true,0.0,2,3.672e-5,true,0.0,tp206_crop1,2,1,2.2,242.0,242.0
NonlinearSolve-LM,true,true,2.261569830648795e-19,7,8.456e-5,true,6.7254291025165e-9,tp206_crop1,2,1,2.1999999999327455,242.0,242.0
NonlinearSolve-GNBK,true,true,1.5777218104420236e-30,1,6.182900000000001e-5,true,1.7763568394002505e-14,tp206_crop1,2,1,2.2,242.0,242.0
NonlinearSolve-GNLF,true,true,1.5777218104420236e-30,1,4.661e-5,true,1.7763568394002505e-14,tp206_crop1,2,1,2.2,242.0,242.0
LSO-Levenberg-QR,true,true,8.82741663829554e-25,6,7.082e-6,true,1.3287149158713873e-11,tp206_crop1,2,1,2.199999999999867,242.0,242.0
Scipy-LeastSquares,true,true,3.209789503880195e-20,18,0.013315156000000002,true,2.5336888143101532e-9,tp206_crop1,2,1,2.200000000025337,242.0,242.0
NLLSsolver-LM,true,true,0.0,3,1.0797500000000001e-5,true,0.0,tp206_crop1,2,1,2.2,242.0,242.0
LsqFit-LM,true,true,4.041915180016888e-19,0,2.496e-5,true,8.991012379055974e-9,tp206_crop1,2,1,2.19999999991009,242.0,242.0
Optim-BFGS,true,true,0.0,1,3.952e-5,true,0.0,tp206_crop1,2,1,2.2,242.0,242.0
Optim-L-BFGS,true,true,0.0,1,4.905e-5,true,0.0,tp206_crop1,2,1,2.2,242.0,242.0
TRLS,true,true,0.0,2,1.5479000000000002e-5,true,0.0,tp207_crop1,2,1,2.2,2.4200000000000004,2.4200000000000004
LM-QR-scaled,true,true,0.0,2,1.5209000000000001e-5,true,0.0,tp207_crop1,2,1,2.2,2.4200000000000004,2.4200000000000004
NonlinearSolve-TR,true,true,0.0,2,3.604e-5,true,0.0,tp207_crop1,2,1,2.2,2.4200000000000004,2.4200000000000004
NonlinearSolve-LM,true,true,2.26064554439675e-21,7,8.4039e-5,true,6.724054646412014e-11,tp207_crop1,2,1,2.1999999999327593,2.4200000000000004,2.4200000000000004
NonlinearSolve-GNBK,true,true,2.465190328815662e-32,1,6.159e-5,true,2.220446049250313e-16,tp207_crop1,2,1,2.2,2.4200000000000004,2.4200000000000004
NonlinearSolve-GNLF,true,true,2.465190328815662e-32,1,4.725e-5,true,2.220446049250313e-16,tp207_crop1,2,1,2.2,2.4200000000000004,2.4200000000000004
LSO-Levenberg-QR,true,true,8.800883548267464e-27,6,7.126000000000001e-6,true,1.326716514427062e-13,tp207_crop1,2,1,2.1999999999998674,2.4200000000000004,2.4200000000000004
Scipy-LeastSquares,true,true,9.413375443645048e-18,16,0.011778257,true,4.338980397200487e-9,tp207_crop1,2,1,2.1999999956610194,2.4200000000000004,2.4200000000000004
NLLSsolver-LM,true,true,0.0,3,1.0714750000000001e-5,true,0.0,tp207_crop1,2,1,2.2,2.4200000000000004,2.4200000000000004
LsqFit-LM,true,true,4.041911187206291e-21,0,2.7910000000000002e-5,true,8.991007938163875e-11,tp207_crop1,2,1,2.19999999991009,2.4200000000000004,2.4200000000000004
Optim-BFGS,true,true,2.465190328815662e-32,1,3.464e-5,true,2.220446049250313e-16,tp207_crop1,2,1,2.2,2.4200000000000004,2.4200000000000004
Optim-L-BFGS,true,true,2.465190328815662e-32,1,4.303e-5,true,2.220446049250313e-16,tp207_crop1,2,1,2.2,2.4200000000000004,2.4200000000000004
TRLS,true,true,0.0,2,1.548e-5,true,0.0,tp208_crop1,2,1,2.2,2.4200000000000004,2.4200000000000004
LM-QR-scaled,true,true,0.0,2,1.5360000000000002e-5,true,0.0,tp208_crop1,2,1,2.2,2.4200000000000004,2.4200000000000004
NonlinearSolve-TR,true,true,0.0,2,3.672e-5,true,0.0,tp208_crop1,2,1,2.2,2.4200000000000004,2.4200000000000004
NonlinearSolve-LM,true,true,2.26064554439675e-21,7,8.340000000000001e-5,true,6.724054646412014e-11,tp208_crop1,2,1,2.1999999999327593,2.4200000000000004,2.4200000000000004
NonlinearSolve-GNBK,true,true,2.465190328815662e-32,1,6.133e-5,true,2.220446049250313e-16,tp208_crop1,2,1,2.2,2.4200000000000004,2.4200000000000004
NonlinearSolve-GNLF,true,true,2.465190328815662e-32,1,4.6840000000000006e-5,true,2.220446049250313e-16,tp208_crop1,2,1,2.2,2.4200000000000004,2.4200000000000004
LSO-Levenberg-QR,true,true,8.800883548267464e-27,6,7.124e-6,true,1.326716514427062e-13,tp208_crop1,2,1,2.1999999999998674,2.4200000000000004,2.4200000000000004
Scipy-LeastSquares,true,true,9.413375443645048e-18,16,0.011978846000000001,true,4.338980397200487e-9,tp208_crop1,2,1,2.1999999956610194,2.4200000000000004,2.4200000000000004
NLLSsolver-LM,true,true,0.0,3,1.07625e-5,true,0.0,tp208_crop1,2,1,2.2,2.4200000000000004,2.4200000000000004
LsqFit-LM,true,true,4.041911187206291e-21,0,2.7740000000000002e-5,true,8.991007938163875e-11,tp208_crop1,2,1,2.19999999991009,2.4200000000000004,2.4200000000000004
Optim-BFGS,true,true,2.465190328815662e-32,1,3.483e-5,true,2.220446049250313e-16,tp208_crop1,2,1,2.2,2.4200000000000004,2.4200000000000004
Optim-L-BFGS,true,true,2.465190328815662e-32,1,4.5319e-5,true,2.220446049250313e-16,tp208_crop1,2,1,2.2,2.4200000000000004,2.4200000000000004
TRLS,true,true,0.0,2,1.54e-5,true,0.0,tp209_crop1,2,1,2.2,2.4200000000000004,2.4200000000000004
LM-QR-scaled,true,true,0.0,2,1.5340000000000002e-5,true,0.0,tp209_crop1,2,1,2.2,2.4200000000000004,2.4200000000000004
NonlinearSolve-TR,true,true,0.0,2,3.6329000000000004e-5,true,0.0,tp209_crop1,2,1,2.2,2.4200000000000004,2.4200000000000004
NonlinearSolve-LM,true,true,2.26064554439675e-21,7,8.779000000000001e-5,true,6.724054646412014e-11,tp209_crop1,2,1,2.1999999999327593,2.4200000000000004,2.4200000000000004
NonlinearSolve-GNBK,true,true,2.465190328815662e-32,1,6.5549e-5,true,2.220446049250313e-16,tp209_crop1,2,1,2.2,2.4200000000000004,2.4200000000000004
NonlinearSolve-GNLF,true,true,2.465190328815662e-32,1,5.034e-5,true,2.220446049250313e-16,tp209_crop1,2,1,2.2,2.4200000000000004,2.4200000000000004
LSO-Levenberg-QR,true,true,8.800883548267464e-27,6,7.012e-6,true,1.326716514427062e-13,tp209_crop1,2,1,2.1999999999998674,2.4200000000000004,2.4200000000000004
Scipy-LeastSquares,true,true,9.413375443645048e-18,16,0.011934436000000001,true,4.338980397200487e-9,tp209_crop1,2,1,2.1999999956610194,2.4200000000000004,2.4200000000000004
NLLSsolver-LM,true,true,0.0,3,1.0685e-5,true,0.0,tp209_crop1,2,1,2.2,2.4200000000000004,2.4200000000000004
LsqFit-LM,true,true,4.041911187206291e-21,0,2.784e-5,true,8.991007938163875e-11,tp209_crop1,2,1,2.19999999991009,2.4200000000000004,2.4200000000000004
Optim-BFGS,true,true,2.465190328815662e-32,1,4.194e-5,true,2.220446049250313e-16,tp209_crop1,2,1,2.2,2.4200000000000004,2.4200000000000004
Optim-L-BFGS,true,true,2.465190328815662e-32,1,4.455e-5,true,2.220446049250313e-16,tp209_crop1,2,1,2.2,2.4200000000000004,2.4200000000000004
TRLS,true,true,0.0,2,1.543e-5,true,0.0,tp210_crop1,2,1,2.2,2.4200000000000004,2.4200000000000004
LM-QR-scaled,true,true,0.0,2,1.531e-5,true,0.0,tp210_crop1,2,1,2.2,2.4200000000000004,2.4200000000000004
NonlinearSolve-TR,true,true,0.0,2,3.673e-5,true,0.0,tp210_crop1,2,1,2.2,2.4200000000000004,2.4200000000000004
NonlinearSolve-LM,true,true,2.26064554439675e-21,7,8.381e-5,true,6.724054646412014e-11,tp210_crop1,2,1,2.1999999999327593,2.4200000000000004,2.4200000000000004
NonlinearSolve-GNBK,true,true,2.465190328815662e-32,1,6.193e-5,true,2.220446049250313e-16,tp210_crop1,2,1,2.2,2.4200000000000004,2.4200000000000004
NonlinearSolve-GNLF,true,true,2.465190328815662e-32,1,4.6879e-5,true,2.220446049250313e-16,tp210_crop1,2,1,2.2,2.4200000000000004,2.4200000000000004
LSO-Levenberg-QR,true,true,8.800883548267464e-27,6,7.1338e-6,true,1.326716514427062e-13,tp210_crop1,2,1,2.1999999999998674,2.4200000000000004,2.4200000000000004
Scipy-LeastSquares,true,true,9.413375443645048e-18,16,0.011701757,true,4.338980397200487e-9,tp210_crop1,2,1,2.1999999956610194,2.4200000000000004,2.4200000000000004
NLLSsolver-LM,true,true,0.0,3,1.07275e-5,true,0.0,tp210_crop1,2,1,2.2,2.4200000000000004,2.4200000000000004
LsqFit-LM,true,true,4.041911187206291e-21,0,2.7719e-5,true,8.991007938163875e-11,tp210_crop1,2,1,2.19999999991009,2.4200000000000004,2.4200000000000004
Optim-BFGS,true,true,2.465190328815662e-32,1,3.488e-5,true,2.220446049250313e-16,tp210_crop1,2,1,2.2,2.4200000000000004,2.4200000000000004
Optim-L-BFGS,true,true,2.465190328815662e-32,1,4.3879e-5,true,2.220446049250313e-16,tp210_crop1,2,1,2.2,2.4200000000000004,2.4200000000000004
TRLS,true,true,0.0,2,1.5530000000000002e-5,true,0.0,tp211_crop1,2,1,2.2,2.4200000000000004,2.4200000000000004
LM-QR-scaled,true,true,0.0,2,1.612e-5,true,0.0,tp211_crop1,2,1,2.2,2.4200000000000004,2.4200000000000004
NonlinearSolve-TR,true,true,0.0,2,3.7089000000000004e-5,true,0.0,tp211_crop1,2,1,2.2,2.4200000000000004,2.4200000000000004
NonlinearSolve-LM,true,true,2.26064554439675e-21,7,7.137900000000001e-5,true,6.724054646412014e-11,tp211_crop1,2,1,2.1999999999327593,2.4200000000000004,2.4200000000000004
NonlinearSolve-GNBK,true,true,2.465190328815662e-32,1,6.521000000000001e-5,true,2.220446049250313e-16,tp211_crop1,2,1,2.2,2.4200000000000004,2.4200000000000004
NonlinearSolve-GNLF,true,true,2.465190328815662e-32,1,4.8299000000000006e-5,true,2.220446049250313e-16,tp211_crop1,2,1,2.2,2.4200000000000004,2.4200000000000004
LSO-Levenberg-QR,true,true,8.800883548267464e-27,6,8.157500000000001e-6,true,1.326716514427062e-13,tp211_crop1,2,1,2.1999999999998674,2.4200000000000004,2.4200000000000004
Scipy-LeastSquares,true,true,9.413375443645048e-18,16,0.011800416000000001,true,4.338980397200487e-9,tp211_crop1,2,1,2.1999999956610194,2.4200000000000004,2.4200000000000004
NLLSsolver-LM,true,true,0.0,3,1.08475e-5,true,0.0,tp211_crop1,2,1,2.2,2.4200000000000004,2.4200000000000004
LsqFit-LM,true,true,4.041911187206291e-21,0,2.733e-5,true,8.991007938163875e-11,tp211_crop1,2,1,2.19999999991009,2.4200000000000004,2.4200000000000004
Optim-BFGS,true,true,2.465190328815662e-32,1,3.5e-5,true,2.220446049250313e-16,tp211_crop1,2,1,2.2,2.4200000000000004,2.4200000000000004
Optim-L-BFGS,true,true,2.465190328815662e-32,1,4.757e-5,true,2.220446049250313e-16,tp211_crop1,2,1,2.2,2.4200000000000004,2.4200000000000004
TRLS,true,true,2.465190328815662e-30,1,5.850000000000001e-6,true,1.2560739669470201e-14,tp212_crop1,2,1,1.4142135623730947,32.0,32.0
LM-QR-scaled,true,true,2.465190328815662e-30,1,5.940000000000001e-6,true,1.2560739669470201e-14,tp212_crop1,2,1,1.4142135623730947,32.0,32.0
NonlinearSolve-TR,true,true,0.0,1,3.5559e-5,true,0.0,tp212_crop1,2,1,1.4142135623730951,32.0,32.0
NonlinearSolve-LM,true,true,2.989674282304342e-20,7,8.597900000000001e-5,true,1.3832539682483396e-9,tp212_crop1,2,1,1.4142135623298684,32.0,32.0
NonlinearSolve-GNBK,true,true,2.465190328815662e-30,1,5.0979e-5,true,1.2560739669470201e-14,tp212_crop1,2,1,1.4142135623730947,32.0,32.0
NonlinearSolve-GNLF,true,true,2.465190328815662e-30,1,3.986e-5,true,1.2560739669470201e-14,tp212_crop1,2,1,1.4142135623730947,32.0,32.0
LSO-Levenberg-QR,true,true,3.559734834809816e-29,6,8.34725e-6,true,4.773081074398676e-14,tp212_crop1,2,1,1.4142135623730936,32.0,32.0
Scipy-LeastSquares,true,true,7.862563480702436e-19,21,0.014467248,true,7.093687776925031e-9,tp212_crop1,2,1,1.4142135621514174,32.0,32.0
NLLSsolver-LM,true,true,3.944304526105059e-31,3,1.10875e-5,true,5.0242958677880805e-15,tp212_crop1,2,1,1.414213562373095,32.0,32.0
LsqFit-LM,true,true,8.651867881043396e-23,0,3.108e-5,true,7.441233394987536e-11,tp212_crop1,2,1,1.4142135623707697,32.0,32.0
Optim-BFGS,true,true,0.0,1,3.989e-5,true,0.0,tp212_crop1,2,1,1.4142135623730951,32.0,32.0
Optim-L-BFGS,true,true,0.0,1,5.035e-5,true,0.0,tp212_crop1,2,1,1.4142135623730951,32.0,32.0
TRLS,true,false,6.507214690791917e-9,43,0.000290758,true,6.281779168121118e-7,tp213,2,1,1.8995939267561885,1.874048e6,1.8740479999999935e6
LM-QR-scaled,true,false,9.441705766073457e-9,48,0.000362947,true,7.036220080636139e-7,tp213,2,1,1.9007581069189532,1.874048e6,1.8740479999999905e6
NonlinearSolve-TR,true,true,1.8543129975027722e-17,87,0.000217268,true,1.9946317823644843e-14,tp213,2,1,1.9911986932858412,1.874048e6,1.874048e6
NonlinearSolve-LM,true,true,4.4625075160032135e-17,192,0.000499296,true,4.015144147171843e-14,tp213,2,1,1.99078050137891,1.874048e6,1.874048e6
NonlinearSolve-GNBK,true,true,4.969379967334343e-17,78,0.000461067,true,5.579476696754098e-14,tp213,2,1,1.9909692348640304,1.874048e6,1.874048e6
NonlinearSolve-GNLF,true,true,3.49379987275118e-17,73,0.00035425800000000004,true,2.6096667518338704e-14,tp213,2,1,1.9908499756393192,1.874048e6,1.874048e6
LSO-Levenberg-QR,true,false,0.9847846583229443,400,0.001200162,true,7.23056851899444,tp213,2,1,1.4198198288811266,1.874048e6,1.8740470152153417e6
Scipy-LeastSquares,true,true,6.256943918951371e-11,42,0.013721343,true,9.307459695788342e-9,tp213,2,1,1.943030552130882,1.874048e6,1.874048e6
NLLSsolver-LM,true,true,1.2430628910276702e-15,85,0.00047053700000000004,true,7.546319351704765e-13,tp213,2,1,1.9851238006120047,1.874048e6,1.874048e6
LsqFit-LM,true,false,0.7513797988906581,0,0.001056022,true,5.710664136030019,tp213,2,1,1.4161686156936752,1.874048e6,1.8740472486202011e6
Optim-BFGS,true,true,8.069891706620186e-12,46,0.000167369,true,6.413302731955867e-9,tp213,2,1,1.984518039409527,1.874048e6,1.874048e6
Optim-L-BFGS,true,true,6.064409950959448e-11,46,0.000215179,true,6.165410096934205e-9,tp213,2,1,1.944586887310077,1.874048e6,1.874048e6
TRLS,true,true,1.9721522630525295e-27,1,5.2375e-6,true,9.223381159804355e-14,tp240_crop2,3,2,100.03062031198243,10012.25,10012.25
LM-QR-scaled,true,true,1.9721522630525295e-27,1,5.306666666666667e-6,true,9.223381159804355e-14,tp240_crop2,3,2,100.03062031198243,10012.25,10012.25
NonlinearSolve-TR,true,true,0.0,2,3.6389e-5,true,0.0,tp240_crop2,3,2,100.03062031198247,10012.25,10012.25
NonlinearSolve-LM,true,true,5.573746044066999e-22,8,7.833900000000001e-5,true,4.721756623754235e-11,tp240_crop2,3,2,100.03062031195887,10012.25,10012.25
NonlinearSolve-GNBK,true,true,1.9721522630525295e-27,1,5.0360000000000006e-5,true,9.223381159804355e-14,tp240_crop2,3,2,100.03062031198243,10012.25,10012.25
NonlinearSolve-GNLF,true,true,1.9721522630525295e-27,1,3.7909e-5,true,9.223381159804355e-14,tp240_crop2,3,2,100.03062031198243,10012.25,10012.25
LSO-Levenberg-QR,true,true,7.888609052210118e-31,7,6.965000000000001e-6,true,1.7763568394002505e-15,tp240_crop2,3,2,100.03062031198247,10012.25,10012.25
Scipy-LeastSquares,true,true,2.1098569043022752e-18,13,0.010795564,true,2.905069296678313e-9,tp240_crop2,3,2,100.03062031053038,10012.25,10012.25
NLLSsolver-LM,true,true,0.0,3,9.73e-6,true,0.0,tp240_crop2,3,2,100.03062031198247,10012.25,10012.25
LsqFit-LM,true,true,1.6702149836870652e-17,0,2.6959e-5,true,8.173660858543582e-9,tp240_crop2,3,2,100.03062030789678,10012.25,10012.25
Optim-BFGS,true,true,3.1554436208840472e-30,2,4.439e-5,true,3.552713678800501e-15,tp240_crop2,3,2,100.03062031198247,10012.25,10012.25
Optim-L-BFGS,true,true,2.0214560696288428e-30,2,5.953e-5,true,3.352800008858181e-15,tp240_crop2,3,2,100.03062031198247,10012.25,10012.25
TRLS,true,false,3.4836699162753466e-14,7,0.000123829,true,1.288711479028968e-5,tp241_crop2,3,2,1.5859617172022074,266.5,266.49999999999994
LM-QR-scaled,true,false,2.8348658396946262e-9,12,0.000223529,true,0.0043591106984028054,tp241_crop2,3,2,1.4041481753745388,266.5,266.49999999716516
NonlinearSolve-TR,true,true,2.465190328815662e-32,8,7.157000000000001e-5,true,3.8459253727671276e-16,tp241_crop2,3,2,1.5859617149574188,266.5,266.5
NonlinearSolve-LM,true,true,1.7626883700222306e-18,12,0.000103449,true,9.880948033853304e-8,tp241_crop2,3,2,1.3666190265122036,266.5,266.5
NonlinearSolve-GNBK,true,true,3.888926490805063e-22,7,0.00014026900000000002,true,1.4806697707600864e-9,tp241_crop2,3,2,1.3494542498228457,266.5,266.5
NonlinearSolve-GNLF,true,true,6.1857254418815095e-18,5,8.0469e-5,true,1.786263797925063e-7,tp241_crop2,3,2,1.463872928312108,266.5,266.5
LSO-Levenberg-QR,true,true,6.402138342409844e-23,17,4.40195e-5,true,9.91394491650123e-11,tp241_crop2,3,2,1.9799121408849387,266.5,266.5
Scipy-LeastSquares,true,true,1.4952249766433733e-17,22,0.014813095,true,9.09796982747932e-9,tp241_crop2,3,2,1.585481967509004,266.5,266.5
NLLSsolver-LM,true,true,0.0,10,5.75245e-5,true,0.0,tp241_crop2,3,2,1.7337214528997498,266.5,266.5
LsqFit-LM,true,true,7.635491726245273e-20,0,7.608900000000001e-5,true,3.424334745237319e-9,tp241_crop2,3,2,1.8043897582812471,266.5,266.5
Optim-BFGS,true,true,5.935434835036846e-24,24,0.000226758,true,1.059723066406404e-10,tp241_crop2,3,2,2.7408961738983466,266.5,266.5
Optim-L-BFGS,true,true,1.0935235736737519e-21,25,0.000246639,true,5.954662661590182e-10,tp241_crop2,3,2,3.2900483373274536,266.5,266.5
TRLS,true,false,1.38489740677543e-13,4,4.9359000000000006e-5,true,2.939303588877762e-7,tp245_crop2,3,2,18.96647812536978,71.28010260437006,71.28010260436992
LM-QR-scaled,true,false,1.38489740677543e-13,4,4.94e-5,true,2.939303588877762e-7,tp245_crop2,3,2,18.96647812536978,71.28010260437006,71.28010260436992
NonlinearSolve-TR,true,true,1.0375288445122066e-25,5,8.8979e-5,true,2.5442285308086223e-13,tp245_crop2,3,2,18.966478429514048,71.28010260437006,71.28010260437006
NonlinearSolve-LM,true,true,9.324337539170933e-19,10,0.00019128800000000002,true,7.29901010268637e-10,tp245_crop2,3,2,18.96659346216513,71.28010260437006,71.28010260437006
NonlinearSolve-GNBK,true,true,1.037759231955874e-25,5,0.00012897,true,2.543573727767301e-13,tp245_crop2,3,2,18.966478429514048,71.28010260437006,71.28010260437006
NonlinearSolve-GNLF,true,true,1.037759231955874e-25,5,0.00010424900000000001,true,2.543573727767301e-13,tp245_crop2,3,2,18.966478429514048,71.28010260437006,71.28010260437006
LSO-Levenberg-QR,true,true,1.0831676526266696e-27,14,7.30095e-5,true,1.7354259668117896e-14,tp245_crop2,3,2,105.4396810566058,71.28010260437006,71.28010260437006
Scipy-LeastSquares,true,true,5.333461039216611e-16,14,0.010624165000000001,true,8.041058289906507e-9,tp245_crop2,3,2,18.973913814924902,71.28010260437006,71.28010260437006
NLLSsolver-LM,true,true,0.0,6,5.0455000000000004e-5,true,0.0,tp245_crop2,3,2,18.96647842905187,71.28010260437006,71.28010260437006
LsqFit-LM,true,true,4.4717494122336995e-20,0,0.00010333,true,2.1975708150633955e-10,tp245_crop2,3,2,831.0475608343781,71.28010260437006,71.28010260437006
Optim-BFGS,true,true,8.402284392578564e-18,16,0.000299928,true,1.3777099696818807e-9,tp245_crop2,3,2,18.972986579470223,71.28010260437006,71.28010260437006
Optim-L-BFGS,true,true,4.6923474124458e-17,18,0.000365377,true,3.4813564496875914e-9,tp245_crop2,3,2,18.96785469978511,71.28010260437006,71.28010260437006
TRLS,true,false,1.1831846616294293e-9,6,8.498e-5,true,0.0008968099981052126,tp246_crop2,3,2,2.633261844370071,3.700000000000001,3.6999999988168164
LM-QR-scaled,true,false,6.827580658659304e-9,3,2.9210000000000003e-5,true,0.001831957168234315,tp246_crop2,3,2,2.653649925571352,3.700000000000001,3.6999999931724203
NonlinearSolve-TR,true,true,1.0767675501469017e-22,7,5.3899e-5,true,2.7054207484478537e-10,tp246_crop2,3,2,2.633263596570298,3.700000000000001,3.700000000000001
NonlinearSolve-LM,true,true,5.0709767488367094e-21,8,7.561e-5,true,1.8071775831063801e-9,tp246_crop2,3,2,2.6220550287936204,3.700000000000001,3.700000000000001
NonlinearSolve-GNBK,true,true,2.465190328815662e-30,7,0.000102349,true,4.074213130746995e-14,tp246_crop2,3,2,2.6305700589520704,3.700000000000001,3.700000000000001
NonlinearSolve-GNLF,true,true,5.91913548453263e-18,5,7.243000000000001e-5,true,6.295138988324367e-8,tp246_crop2,3,2,2.6290540921489853,3.700000000000001,3.700000000000001
LSO-Levenberg-QR,true,true,1.9614835356069975e-26,10,1.389e-5,true,1.6680603998699465e-13,tp246_crop2,3,2,2.6653635090584213,3.700000000000001,3.700000000000001
Scipy-LeastSquares,true,true,2.172393619454127e-18,18,0.011318650000000001,true,1.6758957907659106e-9,tp246_crop2,3,2,2.633273735049002,3.700000000000001,3.700000000000001
NLLSsolver-LM,true,true,0.0,8,2.955e-5,true,0.0,tp246_crop2,3,2,2.6317333502677047,3.700000000000001,3.700000000000001
LsqFit-LM,true,true,5.665927118655069e-22,0,4.008e-5,true,2.879565874431992e-11,tp246_crop2,3,2,2.6798493963588195,3.700000000000001,3.700000000000001
Optim-BFGS,true,true,4.4426998388068515e-23,11,8.3879e-5,true,9.898337686153103e-12,tp246_crop2,3,2,3.3327670083240375,3.700000000000001,3.700000000000001
Optim-L-BFGS,true,true,2.3467747325682818e-20,15,0.000112459,true,3.427712196155449e-9,tp246_crop2,3,2,2.6380202799686896,3.700000000000001,3.700000000000001
TRLS,true,false,1.1641532182693484e-9,9,4.618e-5,true,1.6858739404357615e-6,tp256_crop2,4,2,1.6213266612487738,104.50000000000001,104.49999999883586
LM-QR-scaled,true,false,1.1641532182693484e-9,9,4.6970000000000006e-5,true,1.6858739404357615e-6,tp256_crop2,4,2,1.6213266612487738,104.50000000000001,104.49999999883586
NonlinearSolve-TR,true,true,4.3368086899420185e-18,16,0.000119679,true,8.03887338846093e-13,tp256_crop2,4,2,1.6238080109575108,104.50000000000001,104.50000000000001
NonlinearSolve-LM,true,true,6.1607612209240635e-18,21,0.00012975900000000002,true,1.0522825209123839e-12,tp256_crop2,4,2,1.6238062183720354,104.50000000000001,104.50000000000001
NonlinearSolve-GNBK,true,true,4.3368086899420185e-18,16,0.00017226900000000001,true,8.03887338846093e-13,tp256_crop2,4,2,1.6238080109575108,104.50000000000001,104.50000000000001
NonlinearSolve-GNLF,true,true,4.3368086899420185e-18,16,0.000138319,true,8.03887338846093e-13,tp256_crop2,4,2,1.6238080109575108,104.50000000000001,104.50000000000001
LSO-Levenberg-QR,true,true,2.4043392293915042e-14,13,1.93525e-5,true,5.164925161394895e-10,tp256_crop2,4,2,1.6271414528720147,104.50000000000001,104.49999999999999
Scipy-LeastSquares,true,true,2.3986567705813025e-14,12,0.006782633000000001,true,6.91932093397438e-10,tp256_crop2,4,2,1.6239960777697031,104.50000000000001,104.49999999999999
NLLSsolver-LM,true,true,4.3322067409421274e-18,16,6.73845e-5,true,8.012581848682445e-13,tp256_crop2,4,2,1.6238080161436435,104.50000000000001,104.50000000000001
LsqFit-LM,true,true,5.1698321430589163e-14,0,6.631000000000001e-5,true,9.171171653465602e-10,tp256_crop2,4,2,1.6291627777874735,104.50000000000001,104.49999999999996
Optim-BFGS,true,true,1.150328623153529e-12,29,0.000191889,true,9.395803703872122e-9,tp256_crop2,4,2,1.62338408695264,104.50000000000001,104.49999999999886
Optim-L-BFGS,true,true,3.094414838130468e-14,32,0.000243228,true,9.25886922933509e-9,tp256_crop2,4,2,1.6236479528242853,104.50000000000001,104.49999999999999
TRLS,true,false,1.4209749059406697e-12,5,2.72e-5,true,1.6610733230369987e-5,tp260_crop2,4,2,5.021712946444066,4508.000000000001,4507.999999999999
LM-QR-scaled,true,false,1.4209749059406697e-12,5,2.735e-5,true,1.6610733230369987e-5,tp260_crop2,4,2,5.021712946444066,4508.000000000001,4507.999999999999
NonlinearSolve-TR,true,true,2.0553909552489463e-28,6,6.3669e-5,true,1.9977576820506056e-13,tp260_crop2,4,2,5.021713006216719,4508.000000000001,4508.000000000001
NonlinearSolve-LM,true,true,7.566410957502963e-20,10,8.846e-5,true,4.007704632855107e-9,tp260_crop2,4,2,4.986595444552012,4508.000000000001,4508.000000000001
NonlinearSolve-GNBK,true,true,2.0553909552489463e-28,6,9.538000000000001e-5,true,1.9977576820506056e-13,tp260_crop2,4,2,5.021713006216719,4508.000000000001,4508.000000000001
NonlinearSolve-GNLF,true,true,2.0553909552489463e-28,6,7.645e-5,true,1.9977576820506056e-13,tp260_crop2,4,2,5.021713006216719,4508.000000000001,4508.000000000001
LSO-Levenberg-QR,true,true,1.2881709698484752e-25,6,2.883e-5,true,1.8120332854861968e-11,tp260_crop2,4,2,6.721429246209683,4508.000000000001,4508.000000000001
Scipy-LeastSquares,true,true,1.432178300571674e-17,21,0.013451335,true,5.351968423994435e-9,tp260_crop2,4,2,5.432721730616487,4508.000000000001,4508.000000000001
NLLSsolver-LM,true,true,0.0,7,2.428e-5,true,0.0,tp260_crop2,4,2,5.021712721556488,4508.000000000001,4508.000000000001
LsqFit-LM,true,true,3.688541029490434e-29,0,4.486e-5,true,3.3627918348714994e-13,tp260_crop2,4,2,6.609761598648486,4508.000000000001,4508.000000000001
Optim-BFGS,true,true,2.127268201517433e-27,8,9.1079e-5,true,1.7186246531077816e-12,tp260_crop2,4,2,8.920305729171252,4508.000000000001,4508.000000000001
Optim-L-BFGS,true,true,3.3966306581449533e-19,22,0.000205569,true,7.091001318416402e-9,tp260_crop2,4,2,5.1996375687932535,4508.000000000001,4508.000000000001
TRLS,true,true,0.0,1,7.390000000000001e-6,true,0.0,tp261_crop2,4,2,1.0,0.5,0.5
LM-QR-scaled,true,true,0.0,1,7.430000000000001e-6,true,0.0,tp261_crop2,4,2,1.0,0.5,0.5
NonlinearSolve-TR,true,true,0.0,1,3.6309e-5,true,0.0,tp261_crop2,4,2,1.0,0.5,0.5
NonlinearSolve-LM,true,true,4.669635544089792e-22,7,9.3109e-5,true,3.0560221020436984e-11,tp261_crop2,4,2,0.9999999999694398,0.5,0.5
NonlinearSolve-GNBK,true,true,0.0,1,6.643e-5,true,0.0,tp261_crop2,4,2,1.0,0.5,0.5
NonlinearSolve-GNLF,true,true,0.0,1,5.721e-5,true,0.0,tp261_crop2,4,2,1.0,0.5,0.5
LSO-Levenberg-QR,true,true,1.8171472581524227e-27,6,1.8785e-5,true,6.0285110237146e-14,tp261_crop2,4,2,0.9999999999999397,0.5,0.5
Scipy-LeastSquares,true,true,0.0,2,0.000616725,true,0.0,tp261_crop2,4,2,1.0,0.5,0.5
NLLSsolver-LM,true,true,0.0,3,1.4513333333333334e-5,true,0.0,tp261_crop2,4,2,1.0,0.5,0.5
LsqFit-LM,true,true,8.351047922309227e-22,0,3.396e-5,true,4.086819771487171e-11,tp261_crop2,4,2,0.9999999999591318,0.5,0.5
Optim-BFGS,true,true,0.0,1,4.198e-5,true,0.0,tp261_crop2,4,2,1.0,0.5,0.5
Optim-L-BFGS,true,true,0.0,1,5.65e-5,true,0.0,tp261_crop2,4,2,1.0,0.5,0.5
TRLS,true,false,9.42692206527986e-9,4,0.000161058,true,0.00017011249355947052,tp266_crop3,5,3,0.7259910170888769,0.26381208359524566,0.2638120741683236
LM-QR-scaled,true,false,5.005732763096931e-15,5,0.00018267900000000002,true,1.238846970704646e-7,tp266_crop3,5,3,0.7259317433507628,0.26381208359524566,0.26381208359524067
NonlinearSolve-TR,true,true,1.2182399145481315e-29,6,0.00017723900000000002,true,6.29373595477684e-15,tp266_crop3,5,3,0.7261663109416517,0.26381208359524566,0.26381208359524566
NonlinearSolve-LM,true,true,9.962648739543405e-18,8,0.000312397,true,3.0163769327640634e-9,tp266_crop3,5,3,0.72595346027043,0.26381208359524566,0.26381208359524566
NonlinearSolve-GNBK,true,true,3.804945198294171e-27,5,0.000205409,true,1.0816484712097802e-13,tp266_crop3,5,3,0.7256391891096191,0.26381208359524566,0.26381208359524566
NonlinearSolve-GNLF,true,true,3.804945198294171e-27,5,0.000163429,true,1.0816484712097802e-13,tp266_crop3,5,3,0.7256391891096191,0.26381208359524566,0.26381208359524566
LSO-Levenberg-QR,true,true,6.439882223098404e-25,7,0.000164759,true,4.439481236065691e-13,tp266_crop3,5,3,0.7317780905382115,0.26381208359524566,0.26381208359524566
Scipy-LeastSquares,true,true,6.62986990258577e-16,16,0.011312180000000002,true,1.3092393492701973e-8,tp266_crop3,5,3,0.7282194723570576,0.26381208359524566,0.263812083595245
NLLSsolver-LM,true,true,1.3024101248918682e-32,6,0.00015871800000000002,true,1.48419117059133e-16,tp266_crop3,5,3,0.7256391943533825,0.26381208359524566,0.26381208359524566
LsqFit-LM,true,true,1.2237440298861294e-21,0,0.00016926900000000002,true,2.0102026564151886e-11,tp266_crop3,5,3,0.7350950328153807,0.26381208359524566,0.26381208359524566
Optim-BFGS,true,true,2.1102226304604456e-18,11,0.000312858,true,3.916989369727151e-9,tp266_crop3,5,3,0.7267693484664914,0.26381208359524566,0.26381208359524566
Optim-L-BFGS,true,true,1.9807884047501818e-16,12,0.000330948,true,9.477915634103525e-9,tp266_crop3,5,3,0.7256002674127161,0.26381208359524566,0.26381208359524544
TRLS,true,false,1.8379944106950541e-13,4,6.1269e-5,true,7.160381041720606e-7,tp267_crop3,5,3,2.1111355699001386,0.9571186881298333,0.9571186881296494
LM-QR-scaled,true,false,1.8379944106950541e-13,4,6.1989e-5,true,7.160381041720606e-7,tp267_crop3,5,3,2.1111355699001386,0.9571186881298333,0.9571186881296494
NonlinearSolve-TR,true,true,4.7767117566153e-22,8,0.000152179,true,2.2460861683607296e-11,tp267_crop3,5,3,2.5083608516007385,0.9571186881298333,0.9571186881298333
NonlinearSolve-LM,true,true,4.817090239498569e-20,11,0.000240198,true,7.012382025407515e-11,tp267_crop3,5,3,2.0786168485770355,0.9571186881298333,0.9571186881298333
NonlinearSolve-GNBK,true,true,2.0258775425579692e-26,5,0.000147589,true,9.632692027049561e-14,tp267_crop3,5,3,2.1111382038323203,0.9571186881298333,0.9571186881298333
NonlinearSolve-GNLF,true,true,2.0258775425579692e-26,5,0.000116849,true,9.632692027049561e-14,tp267_crop3,5,3,2.1111382038323203,0.9571186881298333,0.9571186881298333
LSO-Levenberg-QR,true,true,2.9525417787321934e-20,8,0.000107119,true,1.5960691043541912e-11,tp267_crop3,5,3,2.0988492279027366,0.9571186881298333,0.9571186881298333
Scipy-LeastSquares,true,true,8.379162817050707e-16,14,0.010738354,true,3.1257927595654213e-9,tp267_crop3,5,3,4.519858623814963,0.9571186881298333,0.9571186881298324
NLLSsolver-LM,true,true,0.0,6,6.0524500000000006e-5,true,0.0,tp267_crop3,5,3,2.111135962960648,0.9571186881298333,0.9571186881298333
LsqFit-LM,true,true,2.3000221128199234e-16,0,0.00010676,true,3.815480016721497e-9,tp267_crop3,5,3,2.1009385180158837,0.9571186881298333,0.957118688129833
Optim-BFGS,true,true,1.3617634911260406e-18,19,0.000376177,true,8.692993235256691e-10,tp267_crop3,5,3,2.1133991185283136,0.9571186881298333,0.9571186881298333
Optim-L-BFGS,true,true,5.678830199622043e-19,20,0.000430027,true,9.885401373968243e-10,tp267_crop3,5,3,2.248099577288026,0.9571186881298333,0.9571186881298333
TRLS,true,true,0.0,2,3.5949000000000004e-5,true,0.0,tp271_crop3,6,3,1.7320508075688772,185.0,185.0
LM-QR-scaled,true,true,0.0,5,9.095900000000001e-5,true,0.0,tp271_crop3,6,3,1.7320508075688772,185.0,185.0
NonlinearSolve-TR,true,true,0.0,2,4.071e-5,true,0.0,tp271_crop3,6,3,1.7320508075688772,185.0,185.0
NonlinearSolve-LM,true,true,1.728780367354728e-19,7,7.871000000000001e-5,true,6.620541778908763e-9,tp271_crop3,6,3,1.732050807515933,185.0,185.0
NonlinearSolve-GNBK,true,true,0.0,1,6.5189e-5,true,0.0,tp271_crop3,6,3,1.7320508075688772,185.0,185.0
NonlinearSolve-GNLF,true,true,0.0,1,3.913e-5,true,0.0,tp271_crop3,6,3,1.7320508075688772,185.0,185.0
LSO-Levenberg-QR,true,true,6.726790488218716e-25,6,1.1412500000000001e-5,true,1.3060340367992258e-11,tp271_crop3,6,3,1.7320508075687728,185.0,185.0
Scipy-LeastSquares,true,true,2.6131518801660346e-19,19,0.013409495,true,7.230477818867535e-9,tp271_crop3,6,3,1.7320508075256178,185.0,185.0
NLLSsolver-LM,true,true,0.0,3,1.044725e-5,true,0.0,tp271_crop3,6,3,1.7320508075688772,185.0,185.0
LsqFit-LM,true,true,3.089896859493298e-19,0,2.5280000000000002e-5,true,8.850595153201113e-9,tp271_crop3,6,3,1.7320508074980914,185.0,185.0
Optim-BFGS,true,true,1.5777218104420236e-30,3,5.184e-5,true,1.7763568394002505e-14,tp271_crop3,6,3,1.7320508075688774,185.0,185.0
Optim-L-BFGS,true,true,6.087670686710214e-23,7,8.214e-5,true,1.1802137606875173e-10,tp271_crop3,6,3,1.7320508075688272,185.0,185.0
TRLS,true,false,1.0925054093989235e-11,3,5.2550000000000003e-5,true,6.470521537285029e-6,tp272_crop3,6,3,1.7723510362583672,0.02276290524256954,0.022762905231644488
LM-QR-scaled,true,false,1.0925054093989235e-11,3,5.296e-5,true,6.470521537285029e-6,tp272_crop3,6,3,1.7723510362583672,0.02276290524256954,0.022762905231644488
NonlinearSolve-TR,true,true,2.099102075276094e-23,4,0.00011185000000000001,true,5.382887146880161e-12,tp272_crop3,6,3,1.772352435892259,0.02276290524256954,0.02276290524256954
NonlinearSolve-LM,true,true,4.291342462181093e-22,12,0.000276228,true,7.726031503519943e-12,tp272_crop3,6,3,1.7748754542955165,0.02276290524256954,0.02276290524256954
NonlinearSolve-GNBK,true,true,2.0990546633490206e-23,4,0.000134979,true,5.3826108023314294e-12,tp272_crop3,6,3,1.7723524358922595,0.02276290524256954,0.02276290524256954
NonlinearSolve-GNLF,true,true,2.0990546633490206e-23,4,0.00010731900000000001,true,5.3826108023314294e-12,tp272_crop3,6,3,1.7723524358922595,0.02276290524256954,0.02276290524256954
LSO-Levenberg-QR,true,true,4.586719351543458e-24,10,0.000148979,true,1.6070780319920715e-13,tp272_crop3,6,3,2.900888200957074,0.02276290524256954,0.02276290524256954
Scipy-LeastSquares,true,true,2.791484783839834e-14,13,0.009602212,true,9.258300312253272e-9,tp272_crop3,6,3,1.978736441652425,0.02276290524256954,0.022762905242541626
NLLSsolver-LM,true,true,2.619264724366641e-32,5,9.655e-5,true,3.237898411142914e-16,tp272_crop3,6,3,1.7723511224226736,0.02276290524256954,0.02276290524256954
LsqFit-LM,true,true,5.1762485413024124e-24,0,0.000149789,true,2.160377609634816e-13,tp272_crop3,6,3,2.894505509259726,0.02276290524256954,0.02276290524256954
Optim-BFGS,true,true,1.0587418848957885e-17,20,0.000433147,true,2.9443261276923086e-9,tp272_crop3,6,3,1.8400467140247203,0.02276290524256954,0.02276290524256953
Optim-L-BFGS,true,true,5.749023067423645e-17,16,0.000386567,true,8.081417377874405e-9,tp272_crop3,6,3,1.784893625284951,0.02276290524256954,0.022762905242569482
TRLS,true,false,7.848233735057193e-9,11,0.000112979,true,1.5898541855467043e-5,tp273_crop3,6,3,2.4483930699286427,28260.0,28259.999999992153
LM-QR-scaled,true,false,1.2170747456435942e-9,17,0.000255609,true,3.953704889113131e-6,tp273_crop3,6,3,2.4487401555166675,28260.0,28259.99999999878
NonlinearSolve-TR,true,true,2.960541803035698e-17,18,0.000191759,true,7.607019333215673e-12,tp273_crop3,6,3,2.449482250626672,28260.0,28260.0
NonlinearSolve-LM,true,true,4.2324052288014716e-17,23,0.00016319900000000002,true,9.952366176840532e-12,tp273_crop3,6,3,2.4494813567118374,28260.0,28260.0
NonlinearSolve-GNBK,true,true,1.770760047409938e-17,18,0.00020852900000000002,true,5.173260711786636e-12,tp273_crop3,6,3,2.4494831764390135,28260.0,28260.0
NonlinearSolve-GNLF,true,true,1.770760047409938e-17,18,0.000169559,true,5.173260711786636e-12,tp273_crop3,6,3,2.4494831764390135,28260.0,28260.0
LSO-Levenberg-QR,true,false,0.625167070600888,400,0.002646921,true,15.734884918990566,tp273_crop3,6,3,2.388968612392392,28260.0,28259.3748329294
Scipy-LeastSquares,true,true,4.804389828157216e-15,17,0.009019046000000001,true,3.5026270889017106e-10,tp273_crop3,6,3,2.4495190214216014,28260.0,28260.0
NLLSsolver-LM,true,true,1.7541446737229007e-17,18,8.309450000000001e-5,true,5.136807481675962e-12,tp273_crop3,6,3,2.4494831920819173,28260.0,28260.0
LsqFit-LM,true,false,3.921250084005541,0,0.0018645970000000002,true,61.93956096315309,tp273_crop3,6,3,2.309122824858575,28260.0,28256.078749915996
Optim-BFGS,true,true,1.1976113935292007e-15,98,0.000655795,true,3.4829179715927918e-9,tp273_crop3,6,3,2.4495031959426843,28260.0,28260.0
Optim-L-BFGS,true,true,1.0300052702461359e-13,54,0.000451407,true,1.2632817417299114e-8,tp273_crop3,6,3,2.4494892701918203,28260.0,28260.0
TRLS,true,true,7.000892187593782e-62,2,5.7999000000000005e-5,true,2.366582715663035e-30,tp282_crop5,10,5,2.2,2.4200000000000004,2.4200000000000004
LM-QR-scaled,true,true,7.000892187593782e-62,2,5.8099e-5,true,2.366582715663035e-30,tp282_crop5,10,5,2.2,2.4200000000000004,2.4200000000000004
NonlinearSolve-TR,true,true,0.0,2,5.81e-5,true,0.0,tp282_crop5,10,5,2.2,2.4200000000000004,2.4200000000000004
NonlinearSolve-LM,true,true,2.26064554439675e-21,7,0.000112459,true,6.724054646412014e-11,tp282_crop5,10,5,2.1999999999327593,2.4200000000000004,2.4200000000000004
NonlinearSolve-GNBK,true,true,2.465190328815662e-32,1,7.656e-5,true,2.220446049250313e-16,tp282_crop5,10,5,2.2,2.4200000000000004,2.4200000000000004
NonlinearSolve-GNLF,true,true,2.465190328815662e-32,1,6.3179e-5,true,2.220446049250313e-16,tp282_crop5,10,5,2.2,2.4200000000000004,2.4200000000000004
LSO-Levenberg-QR,true,true,8.800883548267464e-27,6,7.022900000000001e-5,true,1.326716514427062e-13,tp282_crop5,10,5,2.1999999999998674,2.4200000000000004,2.4200000000000004
Scipy-LeastSquares,true,true,1.77635689233981e-17,28,0.019574633,true,5.9604645663569045e-9,tp282_crop5,10,5,2.199999994039535,2.4200000000000004,2.4200000000000004
NLLSsolver-LM,true,true,0.0,3,2.5434500000000002e-5,true,0.0,tp282_crop5,10,5,2.2,2.4200000000000004,2.4200000000000004
LsqFit-LM,true,true,4.041911187206291e-21,0,5.6599000000000005e-5,true,8.991007938163875e-11,tp282_crop5,10,5,2.19999999991009,2.4200000000000004,2.4200000000000004
Optim-BFGS,true,true,2.465190328815662e-32,1,9.3929e-5,true,2.220446049250313e-16,tp282_crop5,10,5,2.2,2.4200000000000004,2.4200000000000004
Optim-L-BFGS,true,true,2.465190328815662e-32,1,8.2619e-5,true,2.220446049250313e-16,tp282_crop5,10,5,2.2,2.4200000000000004,2.4200000000000004
TRLS,true,false,3.9358425770254684e-16,3,5.8979000000000006e-5,true,6.446068735646665e-7,tp286_crop10,20,10,4.935751039463648,60.5,60.5
LM-QR-scaled,true,false,3.9358425770254684e-16,3,5.9059000000000005e-5,true,6.446068735646665e-7,tp286_crop10,20,10,4.935751039463648,60.5,60.5
NonlinearSolve-TR,true,true,1.8699732054110313e-22,5,0.00019121800000000002,true,4.442445778536435e-10,tp286_crop10,20,10,4.935755779341412,60.5,60.5
NonlinearSolve-LM,true,true,2.998163254948108e-17,7,0.000116489,true,1.7802226032975516e-7,tp286_crop10,20,10,4.935731259088158,60.5,60.5
NonlinearSolve-GNBK,true,true,1.8699732054110313e-22,5,0.000159419,true,4.442445778536435e-10,tp286_crop10,20,10,4.935755779341412,60.5,60.5
NonlinearSolve-GNLF,true,true,1.8699732054110313e-22,5,0.000107879,true,4.442445778536435e-10,tp286_crop10,20,10,4.935755779341412,60.5,60.5
LSO-Levenberg-QR,true,true,4.4115351306134024e-26,6,0.000135379,true,4.677677551194123e-13,tp286_crop10,20,10,4.949184643296602,60.5,60.5
Scipy-LeastSquares,true,true,6.957964126515461e-17,13,0.009878080000000001,true,1.1796579272962865e-8,tp286_crop10,20,10,4.935751396064298,60.5,60.5
NLLSsolver-LM,true,true,0.0,4,7.4899e-5,true,0.0,tp286_crop10,20,10,4.935751039496515,60.5,60.5
LsqFit-LM,true,true,2.040511804514525e-20,0,0.00010208000000000001,true,5.202700489996621e-10,tp286_crop10,20,10,4.948813912118453,60.5,60.5
Optim-BFGS,true,true,3.8468819782566025e-19,9,0.000234328,true,7.508537549771783e-9,tp286_crop10,20,10,5.279420540980435,60.5,60.5
Optim-L-BFGS,true,true,2.016575661793465e-17,16,0.000297178,true,8.32817679112662e-9,tp286_crop10,20,10,4.936701114727523,60.5,60.5
TRLS,true,false,3.507011570036412e-9,9,0.000165049,true,2.9203995060899555e-6,tp288_crop10,20,10,3.3981702876538034,319.5,319.499999996493
LM-QR-scaled,true,false,3.507011570036412e-9,9,0.00017146900000000002,true,2.9203995060899555e-6,tp288_crop10,20,10,3.3981702876538034,319.5,319.499999996493
NonlinearSolve-TR,true,true,1.3064636178450332e-17,16,0.000666675,true,1.3925550013017442e-12,tp288_crop10,20,10,3.402481939124304,319.5,319.5
NonlinearSolve-LM,true,true,1.8744545461305642e-17,21,0.000268258,true,1.8237622448514097e-12,tp288_crop10,20,10,3.402476484110208,319.5,319.5
NonlinearSolve-GNBK,true,true,1.3064636178450332e-17,16,0.00042497700000000005,true,1.3925550013017442e-12,tp288_crop10,20,10,3.402481939124304,319.5,319.5
NonlinearSolve-GNLF,true,true,1.3064636178450332e-17,16,0.000350297,true,1.3925550013017442e-12,tp288_crop10,20,10,3.402481939124304,319.5,319.5
LSO-Levenberg-QR,true,true,7.251387342006548e-14,13,0.00029885800000000004,true,8.947227150642944e-10,tp288_crop10,20,10,3.4584334103955534,319.5,319.49999999999994
Scipy-LeastSquares,true,true,3.2064726708284014e-12,12,0.007671936000000001,true,1.2419141710035098e-8,tp288_crop10,20,10,3.402675713787341,319.5,319.4999999999968
NLLSsolver-LM,true,true,1.3070640601633639e-17,16,0.00029991800000000004,true,1.3929914104900714e-12,tp288_crop10,20,10,3.4024819196303775,319.5,319.5
LsqFit-LM,true,true,1.5670914950337595e-13,0,0.00022926900000000002,true,1.5893098517199994e-9,tp288_crop10,20,10,3.479797442842498,319.5,319.49999999999983
Optim-BFGS,true,true,1.4521837562672607e-12,47,0.000831404,true,9.522505177432539e-9,tp288_crop10,20,10,3.402559386980233,319.5,319.4999999999985
Optim-L-BFGS,true,true,2.051418976220207e-15,51,0.000935523,true,1.0103615817743476e-8,tp288_crop10,20,10,3.4025092026529316,319.5,319.5
TRLS,true,false,1.8151341179504953e-9,8,3.019e-5,true,9.353712830111842e-7,tp290,2,1,1.4087355525631267,4.5,4.499999998184866
LM-QR-scaled,true,false,1.8151341179504953e-9,8,2.981e-5,true,9.353712830111842e-7,tp290,2,1,1.4087355525631267,4.5,4.499999998184866
NonlinearSolve-TR,true,true,6.7619015200081945e-18,15,6.4359e-5,true,4.460197844558636e-13,tp290,2,1,1.4141706825359708,4.5,4.5
NonlinearSolve-LM,true,true,8.577745752086165e-18,20,9.0599e-5,true,5.331290767248318e-13,tp290,2,1,1.41416805531025,4.5,4.5
NonlinearSolve-GNBK,true,true,6.761901520008204e-18,15,0.00010275,true,4.4601978445586405e-13,tp290,2,1,1.4141706825359708,4.5,4.5
NonlinearSolve-GNLF,true,true,6.761901520008204e-18,15,8.0079e-5,true,4.4601978445586405e-13,tp290,2,1,1.4141706825359708,4.5,4.5
LSO-Levenberg-QR,true,false,0.0008002582001711547,400,0.0011972220000000002,true,0.022632893998255414,tp290,2,1,1.3180165240731874,4.5,4.499199741799829
Scipy-LeastSquares,true,true,4.9666650564185773e-14,8,0.004440169,true,4.935014271909166e-10,tp290,2,1,1.4140340351240261,4.5,4.49999999999995
NLLSsolver-LM,true,true,1.6529851593276987e-21,15,2.5140000000000003e-5,true,8.719753505556828e-16,tp290,2,1,1.4142082005940086,4.5,4.5
LsqFit-LM,true,false,3.3680947396537146e-5,0,0.001007503,true,0.0021030549173924893,tp290,2,1,1.3692131003700279,4.5,4.499966319052604
Optim-BFGS,true,true,1.76731565186897e-12,40,0.00010513,true,5.556929285148885e-9,tp290,2,1,1.4148260678633537,4.5,4.4999999999982325
Optim-L-BFGS,true,true,2.466946749641169e-12,25,0.000112309,true,7.1404465222714565e-9,tp290,2,1,1.4129486844679953,4.5,4.499999999997533
TRLS,true,false,1.7399438853259304e-9,19,9.678e-5,true,1.7269365556329632e-6,tp291,10,1,3.1606572305523364,1512.5,1512.4999999982601
LM-QR-scaled,true,false,1.7399438853259304e-9,19,0.00010141900000000001,true,1.7269365556329632e-6,tp291,10,1,3.1606572305523364,1512.5,1512.4999999982601
NonlinearSolve-TR,true,true,3.5781168831675637e-17,33,0.0005075860000000001,true,1.6417240717326783e-12,tp291,10,1,3.162249790286729,1512.5,1512.5
NonlinearSolve-LM,true,true,2.4256983760427554e-17,72,0.000281038,true,1.1998064317174934e-12,tp291,10,1,3.1622506556933927,1512.5,1512.5
NonlinearSolve-GNBK,true,true,3.578116882757432e-17,33,0.000249108,true,1.641724071650188e-12,tp291,10,1,3.1622497902867295,1512.5,1512.5
NonlinearSolve-GNLF,true,true,3.578116882757432e-17,33,0.00019237800000000002,true,1.641724071650188e-12,tp291,10,1,3.1622497902867295,1512.5,1512.5
LSO-Levenberg-QR,true,false,21.09487403582093,400,0.0038018130000000002,true,96.90646158371386,tp291,10,1,3.099970542323829,1512.5,1491.405125964179
Scipy-LeastSquares,true,true,9.589371582197904e-13,24,0.010801693000000001,true,7.020317728502029e-9,tp291,10,1,3.1620648259849573,1512.5,1512.499999999999
NLLSsolver-LM,true,true,6.496711505608604e-16,35,0.000271708,true,1.3889731279829272e-11,tp291,10,1,3.1622188180743414,1512.5,1512.5
LsqFit-LM,true,false,6.416105790194391,0,0.002108135,true,41.70805663510039,tp291,10,1,2.9360316548427967,1512.5,1506.0838942098055
Optim-BFGS,true,true,2.6760581393987692e-12,93,0.000348698,true,1.2959575800927068e-8,tp291,10,1,3.162698184177229,1512.5,1512.4999999999973
Optim-L-BFGS,true,true,1.7576769658447352e-12,31,0.000180738,true,5.721850129993134e-9,tp291,10,1,3.1617683555026703,1512.5,1512.4999999999982
TRLS,true,false,8.113082011571123e-9,70,0.0076878960000000005,true,4.417580091548642e-6,tp292,30,1,5.475294214946433,108112.5,108112.49999999188
LM-QR-scaled,true,false,7.427810762393721e-9,21,0.004969945,true,1.250491430045221e-5,tp292,30,1,5.4753278159563665,108112.5,108112.49999999258
NonlinearSolve-TR,true,true,3.6782324753976686e-16,135,0.0030434290000000003,true,1.2645119333199475e-11,tp292,30,1,5.477197053782725,108112.5,108112.5
NonlinearSolve-LM,true,true,3.865277480415345e-16,231,0.001257991,true,1.6267725285857526e-11,tp292,30,1,5.47719773116713,108112.5,108112.5
NonlinearSolve-GNBK,true,true,2.901002831688193e-17,76,0.000996703,true,1.4167873406358768e-12,tp292,30,1,5.477209479641033,108112.5,108112.5
NonlinearSolve-GNLF,true,true,3.5883214127686526e-16,116,0.001040673,true,1.8545908197094648e-11,tp292,30,1,5.4771956504048225,108112.5,108112.5
LSO-Levenberg-QR,true,false,7908.873722560903,400,0.014652398,true,11194.288099930556,tp292,30,1,9.261021452108588,108112.5,100203.62627743909
Scipy-LeastSquares,true,true,3.7054389047696775e-12,99,0.025760811,true,1.3179372106408487e-8,tp292,30,1,5.476941356629438,108112.5,108112.5
NLLSsolver-LM,true,true,2.592535976551426e-15,117,0.002308394,true,5.4181043086690365e-11,tp292,30,1,5.477179038063098,108112.5,108112.5
LsqFit-LM,true,false,1888.4243794843364,0,0.007377159,true,3595.7005197688336,tp292,30,1,7.218812081788023,108112.5,106224.07562051566
Optim-BFGS,true,true,1.76610962844031e-12,167,0.001230612,true,1.9066789226247652e-8,tp292,30,1,5.47708969672905,108112.5,108112.5
Optim-L-BFGS,true,true,1.1154019687070769e-12,39,0.000320448,true,7.781295401190768e-9,tp292,30,1,5.477171716014666,108112.5,108112.5
TRLS,true,false,9.800685106924595e-9,114,0.026507276000000003,true,5.587759200106856e-6,tp293,50,1,7.069372322299458,812812.5,812812.4999999902
LM-QR-scaled,true,false,7.25512150771521e-9,22,0.007614797,true,9.029137555563729e-6,tp293,50,1,7.072028959228254,812812.5,812812.4999999928
NonlinearSolve-TR,true,true,3.957592083423911e-16,223,0.009906021000000001,true,1.456903552926017e-11,tp293,50,1,7.071044991319924,812812.5,812812.5
NonlinearSolve-LM,true,false,9.67763982603358e-16,400,0.00284414,true,4.3978956898806063e-11,tp293,50,1,7.071038309616243,812812.5,812812.5
NonlinearSolve-GNBK,true,true,2.1906179869237857e-17,76,0.001241651,true,5.8480614104885605e-12,tp293,50,1,7.07105910829661,812812.5,812812.5
NonlinearSolve-GNLF,true,true,3.3470860695964697e-16,204,0.00273864,true,2.5821747790199614e-11,tp293,50,1,7.071045812351729,812812.5,812812.5
LSO-Levenberg-QR,true,false,90001.02521342077,400,0.046891924,true,81526.30817221489,tp293,50,1,15.514529389331981,812812.5,722811.4747865793
Scipy-LeastSquares,true,true,2.270786809807142e-12,167,0.042149726000000005,true,1.140088906267485e-8,tp293,50,1,7.070859889296406,812812.5,812812.5
NLLSsolver-LM,true,true,5.393149698998591e-15,190,0.008466582,true,8.72258353108037e-11,tp293,50,1,7.071021789506014,812812.5,812812.5
LsqFit-LM,true,false,52220.73690669172,0,0.016347577000000002,true,60617.438239652045,tp293,50,1,12.539837693487307,812812.5,760591.7630933083
Optim-BFGS,true,true,1.6115865560812055e-12,298,0.002997109,true,2.5804781890005594e-8,tp293,50,1,7.071053380664537,812812.5,812812.5
Optim-L-BFGS,true,true,2.313977015417096e-12,44,0.000420017,true,1.3456410059459934e-8,tp293,50,1,7.071036674433027,812812.5,812812.5
TRLS,true,true,2.465190328815662e-30,26,0.000856444,true,5.101563313279465e-14,tp294_crop3,6,3,2.2073349118131476,21.779999999999994,21.779999999999994
LM-QR-scaled,true,true,0.0,15,0.00044405700000000003,true,0.0,tp294_crop3,6,3,2.213402462334525,21.779999999999994,21.779999999999994
NonlinearSolve-TR,true,true,0.0,26,0.000151449,true,0.0,tp294_crop3,6,3,2.2073349118131476,21.779999999999994,21.779999999999994
NonlinearSolve-LM,true,true,8.949644987808492e-23,11,0.00010464900000000001,true,2.9861713470775234e-10,tp294_crop3,6,3,2.207325541610965,21.779999999999994,21.779999999999994
NonlinearSolve-GNBK,true,true,3.944304526105059e-29,14,0.00020250900000000002,true,2.0432196410381443e-13,tp294_crop3,6,3,2.2073222484231607,21.779999999999994,21.779999999999994
NonlinearSolve-GNLF,true,true,6.71148067020064e-26,7,0.000110499,true,8.426610443966204e-12,tp294_crop3,6,3,2.2073237987534977,21.779999999999994,21.779999999999994
LSO-Levenberg-QR,true,true,2.704870667345299e-23,35,0.000225908,true,4.103935744846232e-12,tp294_crop3,6,3,2.2133426591146725,21.779999999999994,21.779999999999994
Scipy-LeastSquares,true,true,1.7020301284935714e-20,27,0.012924350000000001,true,8.244594780952075e-11,tp294_crop3,6,3,2.207334911628202,21.779999999999994,21.779999999999994
NLLSsolver-LM,true,true,2.465190328815662e-30,14,8.160450000000001e-5,true,5.1015525818003785e-14,tp294_crop3,6,3,2.2073349381275804,21.779999999999994,21.779999999999994
LsqFit-LM,true,true,6.950847939419279e-25,0,0.000224078,true,6.264584614830454e-13,tp294_crop3,6,3,2.213176863186939,21.779999999999994,21.779999999999994
Optim-BFGS,true,true,1.0951981758617426e-24,43,0.000441337,true,4.5538194774525025e-11,tp294_crop3,6,3,2.5898979930260833,21.779999999999994,21.779999999999994
Optim-L-BFGS,true,true,6.046128798124732e-23,46,0.000452777,true,2.3332479109773646e-10,tp294_crop3,6,3,2.2078659660326467,21.779999999999994,21.779999999999994
TRLS,true,true,0.0,27,0.0015023100000000002,true,0.0,tp295_crop5,10,5,3.1164607149523182,33.879999999999995,33.879999999999995
LM-QR-scaled,true,true,0.0,18,0.001042862,true,0.0,tp295_crop5,10,5,3.1207614295692028,33.879999999999995,33.879999999999995
NonlinearSolve-TR,true,true,0.0,27,0.000259798,true,0.0,tp295_crop5,10,5,3.1164607149523182,33.879999999999995,33.879999999999995
NonlinearSolve-LM,true,true,1.789887557712271e-22,11,0.000153079,true,4.223032129874695e-10,tp295_crop5,10,5,3.116454082229712,33.879999999999995,33.879999999999995
NonlinearSolve-GNBK,true,true,1.6664686622793874e-27,14,0.00026965800000000004,true,1.3280715440088485e-12,tp295_crop5,10,5,3.11645183410913,33.879999999999995,33.879999999999995
NonlinearSolve-GNLF,true,true,8.009403378322085e-27,8,0.00015942900000000002,true,2.9111698117777194e-12,tp295_crop5,10,5,3.1164525342370495,33.879999999999995,33.879999999999995
LSO-Levenberg-QR,true,true,5.430659401542163e-23,35,0.000386788,true,5.821805310748557e-12,tp295_crop5,10,5,3.1207187836497434,33.879999999999995,33.879999999999995
Scipy-LeastSquares,true,true,2.09592913592352e-16,33,0.01580238,true,9.148944686378981e-9,tp295_crop5,10,5,3.116460694528254,33.879999999999995,33.879999999999995
NLLSsolver-LM,true,true,1.3972698783727172e-28,14,0.000187529,true,2.1548625253962426e-14,tp295_crop5,10,5,3.1164607375903843,33.879999999999995,33.879999999999995
LsqFit-LM,true,true,1.3901671226935269e-24,0,0.000451276,true,8.843063975720916e-13,tp295_crop5,10,5,3.1206011965230025,33.879999999999995,33.879999999999995
Optim-BFGS,true,true,7.747534998415995e-21,45,0.000646815,true,2.168590296766991e-9,tp295_crop5,10,5,3.184015868515849,33.879999999999995,33.879999999999995
Optim-L-BFGS,true,true,6.979186355378323e-22,49,0.000807034,true,6.396280215958796e-10,tp295_crop5,10,5,3.1166177943553786,33.879999999999995,33.879999999999995
TRLS,true,false,3.1486740616203747e-16,3,5.2640000000000004e-5,true,5.765539152216826e-7,tp296_crop8,16,8,4.414669937702386,48.4,48.4
LM-QR-scaled,true,false,3.1486740616203747e-16,3,5.355e-5,true,5.765539152216826e-7,tp296_crop8,16,8,4.414669937702386,48.4,48.4
NonlinearSolve-TR,true,true,1.495978564328825e-22,5,0.00015770900000000002,true,3.973444298865778e-10,tp296_crop8,16,8,4.414674177177939,48.4,48.4
NonlinearSolve-LM,true,true,2.3985306039584866e-17,7,0.00012320900000000002,true,1.5922795024219867e-7,tp296_crop8,16,8,4.414652245596699,48.4,48.4
NonlinearSolve-GNBK,true,true,1.495978564328825e-22,5,0.000139319,true,3.973444298865778e-10,tp296_crop8,16,8,4.414674177177939,48.4,48.4
NonlinearSolve-GNLF,true,true,1.495978564328825e-22,5,0.00010568900000000001,true,3.973444298865778e-10,tp296_crop8,16,8,4.414674177177939,48.4,48.4
LSO-Levenberg-QR,true,true,3.529228104490722e-26,6,0.00011685900000000001,true,4.183841992517924e-13,tp296_crop8,16,8,4.4266853182437,48.4,48.4
Scipy-LeastSquares,true,true,5.566371301212369e-17,13,0.009814551000000001,true,1.0551181262524006e-8,tp296_crop8,16,8,4.414670256655703,48.4,48.4
NLLSsolver-LM,true,true,9.860761315262648e-30,4,6.7129e-5,true,1.0203080110617604e-13,tp296_crop8,16,8,4.4146699377318175,48.4,48.4
LsqFit-LM,true,true,1.632415727677591e-20,0,0.00013445900000000002,true,4.654231729792397e-10,tp296_crop8,16,8,4.426353726197412,48.4,48.4
Optim-BFGS,true,true,2.0441865148278686e-23,10,0.000289608,true,3.5031917241199045e-11,tp296_crop8,16,8,4.722057285209424,48.4,48.4
Optim-L-BFGS,true,true,1.613260529434772e-17,16,0.000358067,true,7.448947773438113e-9,tp296_crop8,16,8,4.415519710851891,48.4,48.4
TRLS,true,true,2.0662986635548023e-38,26,0.006763512,true,2.0329821156506728e-18,tp297_crop15,30,15,8.405484434795767,2804.7799999999997,2804.7799999999997
LM-QR-scaled,true,false,5.57650852387811e-16,4,0.000340708,true,4.6890979084672956e-7,tp297_crop15,30,15,8.38701195293249,2804.7799999999997,2804.7799999999997
NonlinearSolve-TR,true,true,2.0662986635548023e-38,26,0.001157192,true,2.0329821156498785e-18,tp297_crop15,30,15,8.405484434792958,2804.7799999999997,2804.7799999999997
NonlinearSolve-LM,true,true,4.842494368757962e-21,12,0.00027875800000000004,true,2.2013034136611518e-9,tp297_crop15,30,15,8.3994546651689,2804.7799999999997,2804.7799999999997
NonlinearSolve-GNBK,true,true,1.822879418505418e-21,7,0.000296208,true,6.038486922686917e-10,tp297_crop15,30,15,8.405663898836897,2804.7799999999997,2804.7799999999997
NonlinearSolve-GNLF,true,true,9.441596385318338e-19,5,0.00018724800000000002,true,1.3741617456373509e-8,tp297_crop15,30,15,8.404818112891071,2804.7799999999997,2804.7799999999997
LSO-Levenberg-QR,true,true,6.391266621331876e-26,28,0.001172152,true,2.470694769068589e-13,tp297_crop15,30,15,8.389298777316972,2804.7799999999997,2804.7799999999997
Scipy-LeastSquares,true,true,1.4418072073824161e-15,30,0.016929863,true,2.3995893932837538e-8,tp297_crop15,30,15,8.405484529573132,2804.7799999999997,2804.7799999999997
NLLSsolver-LM,true,true,1.7489120224459696e-26,10,0.00040141700000000005,true,8.875342567520803e-14,tp297_crop15,30,15,8.416143048711964,2804.7799999999997,2804.7799999999997
LsqFit-LM,true,true,4.856175051423222e-24,0,0.0009536540000000001,true,1.6848352352015745e-12,tp297_crop15,30,15,8.384718478571846,2804.7799999999997,2804.7799999999997
Optim-BFGS,true,true,2.597271806568054e-18,129,0.004595938,true,6.588769622290506e-9,tp297_crop15,30,15,13.696488812232255,2804.7799999999997,2804.7799999999997
Optim-L-BFGS,true,true,1.3408579074775097e-18,35,0.001279232,true,1.6800135351648807e-8,tp297_crop15,30,15,8.380341186735174,2804.7799999999997,2804.7799999999997
TRLS,true,true,9.183549615799121e-39,26,0.014339840000000001,true,1.355353617956672e-18,tp298_crop25,50,25,10.911222208056179,4559.28,4559.28
LM-QR-scaled,true,false,5.59068785867187e-16,4,0.000752265,true,4.694993255869173e-7,tp298_crop25,50,25,10.89687801689096,4559.28,4559.28
NonlinearSolve-TR,true,true,2.0662986635548023e-38,26,0.0028587400000000002,true,2.033030426934699e-18,tp298_crop25,50,25,10.911222208055483,4559.28,4559.28
NonlinearSolve-LM,true,true,8.321252063451286e-21,12,0.000462716,true,2.8856226203262453e-9,tp298_crop25,50,25,10.906458576104635,4559.28,4559.28
NonlinearSolve-GNBK,true,true,7.070603213080581e-18,6,0.00045732700000000005,true,3.760575308124296e-8,tp298_crop25,50,25,10.910939793727769,4559.28,4559.28
NonlinearSolve-GNLF,true,true,9.441596385318338e-19,5,0.000263648,true,1.3741617456373509e-8,tp298_crop25,50,25,10.910589695831376,4559.28,4559.28
LSO-Levenberg-QR,true,true,1.0956457065140358e-25,28,0.004072142,true,3.234898799539499e-13,tp298_crop25,50,25,10.89863908821111,4559.28,4559.28
Scipy-LeastSquares,true,true,5.402522132433129e-17,31,0.019124557,true,4.649721995539384e-9,tp298_crop25,50,25,10.911222170372378,4559.28,4559.28
NLLSsolver-LM,true,true,4.261061761835241e-26,10,0.000799015,true,1.5468271687887876e-13,tp298_crop25,50,25,10.91931354834688,4559.28,4559.28
LsqFit-LM,true,true,8.324871516725523e-24,0,0.0019120270000000002,true,2.2059671425256975e-12,tp298_crop25,50,25,10.89511376557521,4559.28,4559.28
Optim-BFGS,true,true,2.1119914164653993e-16,222,0.01011883,true,9.33142350683946e-9,tp298_crop25,50,25,17.486396127078457,4559.28,4559.28
Optim-L-BFGS,true,true,5.457442831366147e-19,37,0.001736648,true,2.2931285152409524e-8,tp298_crop25,50,25,10.894315729728065,4559.28,4559.28
TRLS,true,false,8.249317627419758e-14,4,0.003950022,true,4.106075836177431e-6,tp299_crop50,100,50,14.067871203172192,8772.5,8772.5
LM-QR-scaled,true,false,8.240971376854186e-14,4,0.001721508,true,4.1039987803948125e-6,tp299_crop50,100,50,14.06787257532912,8772.5,8772.5
NonlinearSolve-TR,true,true,3.321410685000636e-20,7,0.0038568430000000004,true,2.6054067609704194e-9,tp299_crop50,100,50,14.067795139924728,8772.5,8772.5
NonlinearSolve-LM,true,true,3.939371740744526e-21,9,0.000930384,true,8.890145513195365e-10,tp299_crop50,100,50,13.834235927232266,8772.5,8772.5
NonlinearSolve-GNBK,true,true,3.3155450641573916e-20,7,0.0018695370000000001,true,2.603105575704392e-9,tp299_crop50,100,50,14.067796541587441,8772.5,8772.5
NonlinearSolve-GNLF,true,true,3.3155450641573916e-20,7,0.0015276990000000002,true,2.603105575704392e-9,tp299_crop50,100,50,14.067796541587441,8772.5,8772.5
LSO-Levenberg-QR,true,true,1.078520768856852e-30,7,0.005263843000000001,true,2.113801620677826e-14,tp299_crop50,100,50,13.656814868642295,8772.5,8772.5
Scipy-LeastSquares,true,true,4.90760718863932e-16,16,0.017895736000000002,true,3.132924254340119e-8,tp299_crop50,100,50,29.999933276336776,8772.5,8772.5
NLLSsolver-LM,false,false,Inf,0,Inf,false,Inf,tp299_crop50,100,50,NaN,8772.5,-Inf
LsqFit-LM,true,true,1.734723619508471e-27,0,0.001621248,true,8.005176581447858e-13,tp299_crop50,100,50,13.586423402419776,8772.5,8772.5
Optim-BFGS,true,true,4.1761246305394685e-23,9,0.002544223,true,2.0643274319870878e-10,tp299_crop50,100,50,15.702249306806014,8772.5,8772.5
Optim-L-BFGS,true,true,1.627941276996038e-20,19,0.003028999,true,1.2201486461289289e-9,tp299_crop50,100,50,14.182586889836204,8772.5,8772.5
TRLS,true,false,5.527482471734641e-9,10,0.000216719,true,5.775757831540157e-5,tp303_crop10,20,10,0.4201190592473156,6077.57625,6077.576249994472
LM-QR-scaled,true,false,5.527482471734641e-9,10,0.000247138,true,5.775757831540157e-5,tp303_crop10,20,10,0.4201190592473156,6077.57625,6077.576249994472
NonlinearSolve-TR,true,true,2.0591476826813373e-17,17,0.00141225,true,2.754095950855239e-11,tp303_crop10,20,10,0.42047791975639026,6077.57625,6077.57625
NonlinearSolve-LM,true,true,1.8948536529758072e-17,23,0.00025678800000000004,true,2.5875828246899368e-11,tp303_crop10,20,10,0.42047797791491315,6077.57625,6077.57625
NonlinearSolve-GNBK,true,true,2.05914768269846e-17,17,0.000461147,true,2.754095950872419e-11,tp303_crop10,20,10,0.42047791975639026,6077.57625,6077.57625
NonlinearSolve-GNLF,true,true,2.05914768269846e-17,17,0.000398247,true,2.754095950872419e-11,tp303_crop10,20,10,0.42047791975639026,6077.57625,6077.57625
LSO-Levenberg-QR,true,true,5.4362634859854094e-15,15,0.000355757,true,1.8038017986953394e-9,tp303_crop10,20,10,0.7482094937893783,6077.57625,6077.57625
Scipy-LeastSquares,true,true,7.494640633896622e-16,21,0.013804193000000001,true,2.864078363935113e-9,tp303_crop10,20,10,0.4204876790819453,6077.57625,6077.57625
NLLSsolver-LM,true,true,2.0598738091976918e-17,17,0.000316928,true,2.7546095533412813e-11,tp303_crop10,20,10,0.4204779195072053,6077.57625,6077.57625
LsqFit-LM,true,true,2.0593937200692372e-14,0,0.00023103900000000002,true,4.897991004360677e-9,tp303_crop10,20,10,0.7481959553998495,6077.57625,6077.57625
Optim-BFGS,true,true,1.0348283010092972e-13,34,0.000330168,true,1.4849027891561524e-8,tp303_crop10,20,10,0.42045694557322993,6077.57625,6077.57625
Optim-L-BFGS,true,true,1.7356164346611296e-14,42,0.000498626,true,2.285668132445404e-8,tp303_crop10,20,10,0.42049593747778613,6077.57625,6077.57625
TRLS,true,false,1.833711405375486e-9,13,0.000914704,true,9.763957679011857e-5,tp304_crop25,50,25,0.6625924042976494,8.258302121953125e6,8.258302121953123e6
LM-QR-scaled,true,false,1.833711405375486e-9,13,0.0009532130000000001,true,9.763957679011857e-5,tp304_crop25,50,25,0.6625924042976494,8.258302121953125e6,8.258302121953123e6
NonlinearSolve-TR,true,true,6.831107308523685e-18,20,0.009911231000000001,true,4.655817832424181e-11,tp304_crop25,50,25,0.6626622829583629,8.258302121953125e6,8.258302121953125e6
NonlinearSolve-LM,true,true,4.0077427340206496e-17,26,0.000625456,true,1.7551026558212876e-10,tp304_crop25,50,25,0.6626619768309688,8.258302121953125e6,8.258302121953125e6
NonlinearSolve-GNBK,true,true,6.831107308922867e-18,20,0.001638939,true,4.655817832628237e-11,tp304_crop25,50,25,0.6626622829583629,8.258302121953125e6,8.258302121953125e6
NonlinearSolve-GNLF,true,true,6.831107308922867e-18,20,0.0014634000000000001,true,4.655817832628237e-11,tp304_crop25,50,25,0.6626622829583629,8.258302121953125e6,8.258302121953125e6
LSO-Levenberg-QR,true,true,1.7701942121873136e-15,18,0.0025289120000000003,true,3.0070686014851875e-9,tp304_crop25,50,25,1.7051860262320524,8.258302121953125e6,8.258302121953125e6
Scipy-LeastSquares,true,true,4.0303748355591216e-17,20,0.014760277,true,7.523222012709122e-9,tp304_crop25,50,25,0.6626622044238283,8.258302121953125e6,8.258302121953125e6
NLLSsolver-LM,true,true,6.833589269598758e-18,20,0.001043172,true,4.656686751177524e-11,tp304_crop25,50,25,0.6626622829083878,8.258302121953125e6,8.258302121953125e6
LsqFit-LM,true,true,3.5335975399908667e-15,0,0.001015133,true,5.049989342599998e-9,tp304_crop25,50,25,1.7052935307137673,8.258302121953125e6,8.258302121953125e6
Optim-BFGS,true,true,3.2205350268996066e-14,41,0.001945857,true,2.6816443390292965e-8,tp304_crop25,50,25,0.6626582736335862,8.258302121953125e6,8.258302121953125e6
Optim-L-BFGS,true,true,2.3436980547303814e-14,56,0.002704881,true,1.9345377254974278e-8,tp304_crop25,50,25,0.6626670408107985,8.258302121953125e6,8.258302121953125e6
TRLS,true,false,1.7628517630221664e-9,15,0.005600631,true,0.00026614446150836224,tp305_crop50,100,50,0.9363175664116947,2.0324297072762501e9,2.0324297072762501e9
LM-QR-scaled,true,false,1.7628517630221664e-9,15,0.00580602,true,0.00026614446150836224,tp305_crop50,100,50,0.9363175664116947,2.0324297072762501e9,2.0324297072762501e9
NonlinearSolve-TR,true,true,6.567134567535047e-18,22,0.050281629,true,1.2690756865543765e-10,tp305_crop50,100,50,0.9363420736502232,2.0324297072762501e9,2.0324297072762501e9
NonlinearSolve-LM,true,true,1.397707296715836e-17,29,0.002135536,true,2.236236652757604e-10,tp305_crop50,100,50,0.9363420335422348,2.0324297072762501e9,2.0324297072762501e9
NonlinearSolve-GNBK,true,true,6.567134567728825e-18,22,0.009141126000000001,true,1.2690756865824598e-10,tp305_crop50,100,50,0.9363420736502232,2.0324297072762501e9,2.0324297072762501e9
NonlinearSolve-GNLF,true,true,6.567134567728825e-18,22,0.007685026,true,1.2690756865824598e-10,tp305_crop50,100,50,0.9363420736502232,2.0324297072762501e9,2.0324297072762501e9
LSO-Levenberg-QR,true,true,1.0571201958252447e-16,21,0.022871000000000002,true,1.0198795052124896e-9,tp305_crop50,100,50,3.302398957668139,2.0324297072762501e9,2.0324297072762501e9
Scipy-LeastSquares,true,true,2.0513382329775293e-15,26,0.026133027000000003,true,8.529832764455095e-9,tp305_crop50,100,50,0.9363430778093289,2.0324297072762501e9,2.0324297072762501e9
NLLSsolver-LM,false,false,Inf,0,Inf,false,Inf,tp305_crop50,100,50,NaN,2.0324297072762501e9,-Inf
LsqFit-LM,true,true,5.620504062164855e-16,0,0.004185691,true,3.570976865890969e-9,tp305_crop50,100,50,5.535213108286501e11,2.0324297072762501e9,2.0324297072762501e9
Optim-BFGS,true,true,8.098369776661608e-15,48,0.002773171,true,2.6427681941719264e-8,tp305_crop50,100,50,0.9363411230815321,2.0324297072762501e9,2.0324297072762501e9
Optim-L-BFGS,true,true,9.681137880680427e-15,62,0.003865003,true,3.036429697428736e-8,tp305_crop50,100,50,0.936341071120079,2.0324297072762501e9,2.0324297072762501e9
TRLS,true,false,3.1965942587832107e-9,9,3.7789e-5,true,1.0178586858794813e-6,tp308_crop1,2,1,2.993507490222071,43.33805,43.338049996803406
LM-QR-scaled,true,false,3.1965942587832107e-9,9,3.8009e-5,true,1.0178586858794813e-6,tp308_crop1,2,1,2.993507490222071,43.33805,43.338049996803406
NonlinearSolve-TR,true,true,1.573093793851372e-17,16,9.375e-5,true,5.963230796576979e-13,tp308_crop1,2,1,3.0015912445565096,43.33805,43.33805
NonlinearSolve-LM,true,true,2.1458858351650958e-17,21,0.00013006,true,7.498811804089045e-13,tp308_crop1,2,1,3.0015880072850845,43.33805,43.33805
NonlinearSolve-GNBK,true,true,1.573093793851372e-17,16,0.000154639,true,5.963230796576979e-13,tp308_crop1,2,1,3.0015912445565096,43.33805,43.33805
NonlinearSolve-GNLF,true,true,1.573093793851372e-17,16,0.00012206900000000001,true,5.963230796576979e-13,tp308_crop1,2,1,3.0015912445565096,43.33805,43.33805
LSO-Levenberg-QR,true,false,7.262696834475109,400,0.0014027100000000002,true,12.887565783146183,tp308_crop1,2,1,1.4358641799246084,43.33805,36.075353165524895
Scipy-LeastSquares,true,true,5.813551738946307e-12,15,0.0070026310000000005,true,1.0061284709818774e-8,tp308_crop1,2,1,3.000420414510712,43.33805,43.33804999999419
NLLSsolver-LM,true,true,1.0153426314486372e-18,16,6.48995e-5,true,7.634340970556553e-14,tp308_crop1,2,1,3.0016311336159527,43.33805,43.33805
LsqFit-LM,true,false,9.38814303371945,0,0.0012538710000000002,true,15.62024937705944,tp308_crop1,2,1,1.432518839525272,43.33805,33.94990696628055
Optim-BFGS,true,true,7.844526342270064e-12,42,0.000199419,true,1.1373476610756652e-8,tp308_crop1,2,1,3.003739350005694,43.33805,43.33804999999216
Optim-L-BFGS,true,true,3.723650363703367e-12,27,0.000184099,true,6.665552063013894e-9,tp308_crop1,2,1,2.9998956537780272,43.33805,43.33804999999628
TRLS,true,false,1.7295853847700664e-11,4,2.462e-5,true,3.614210077426899e-5,tp311_crop1,2,1,2.1869239855401887,40.5,40.499999999982705
LM-QR-scaled,true,false,8.501855334911282e-12,4,5.215e-5,true,2.0340479732917144e-5,tp311_crop1,2,1,4.400739502736859,40.5,40.499999999991495
NonlinearSolve-TR,true,true,3.9917781753812595e-25,5,4.829e-5,true,5.490671448274545e-12,tp311_crop1,2,1,2.1869230506209267,40.5,40.5
NonlinearSolve-LM,true,true,7.50065120332695e-23,9,7.7489e-5,true,7.554715862451383e-11,tp311_crop1,2,1,2.172641182459416,40.5,40.5
NonlinearSolve-GNBK,true,true,2.9881899628478125e-23,5,8.014900000000001e-5,true,4.753864142817795e-11,tp311_crop1,2,1,2.184125358580036,40.5,40.5
NonlinearSolve-GNLF,true,true,4.0716923110127665e-21,4,5.9239000000000007e-5,true,5.507591964852492e-10,tp311_crop1,2,1,2.2182895538771854,40.5,40.5
LSO-Levenberg-QR,true,true,1.5777218104420236e-30,7,7.353333333333334e-6,true,1.0109225833089e-14,tp311_crop1,2,1,2.8072242027888055,40.5,40.5
Scipy-LeastSquares,true,true,2.9681467844551027e-19,23,0.016143997,true,4.7374688635923015e-9,tp311_crop1,2,1,2.184484374790992,40.5,40.5
NLLSsolver-LM,true,true,1.5777218104420236e-30,6,2.3806666666666667e-5,true,1.0908680098039446e-14,tp311_crop1,2,1,2.1896455584170726,40.5,40.5
LsqFit-LM,true,true,1.4619069321359922e-23,0,3.2009000000000005e-5,true,2.7000107803155744e-11,tp311_crop1,2,1,4.269036691101316,40.5,40.5
Optim-BFGS,true,true,1.1501591998122352e-27,8,8.241e-5,true,2.6678643296928847e-13,tp311_crop1,2,1,3.055646405674616,40.5,40.5
Optim-L-BFGS,true,true,6.357100990074964e-19,7,0.000101299,true,6.8234543717923555e-9,tp311_crop1,2,1,2.266216917913438,40.5,40.5
TRLS,true,false,4.0581537914987095e-15,2,1.06e-5,true,1.091568438921294e-6,tp312_crop1,2,1,0.9885634917827728,72.0,72.0
LM-QR-scaled,true,false,4.0581537914987095e-15,2,1.0690000000000001e-5,true,1.091568438921294e-6,tp312_crop1,2,1,0.9885634917827728,72.0,72.0
NonlinearSolve-TR,true,true,0.0,3,4.3610000000000004e-5,true,0.0,tp312_crop1,2,1,0.9885634992156371,72.0,72.0
NonlinearSolve-LM,true,true,7.303529888745562e-20,7,7.5949e-5,true,4.631572175463099e-9,tp312_crop1,2,1,0.9883960761703129,72.0,72.0
NonlinearSolve-GNBK,true,true,2.465190328815662e-32,3,6.718e-5,true,2.690369600741644e-15,tp312_crop1,2,1,0.9885634992156371,72.0,72.0
NonlinearSolve-GNLF,true,true,2.465190328815662e-32,3,5.203e-5,true,2.690369600741644e-15,tp312_crop1,2,1,0.9885634992156371,72.0,72.0
LSO-Levenberg-QR,true,true,4.892845157911264e-22,77,0.000264288,true,3.7538505637697575e-10,tp312_crop1,2,1,1.3565469767008613,72.0,72.0
Scipy-LeastSquares,true,true,8.185786529546307e-20,16,0.012408953,true,4.900205151024984e-9,tp312_crop1,2,1,0.9893706431370702,72.0,72.0
NLLSsolver-LM,true,true,0.0,4,1.5160000000000002e-5,true,0.0,tp312_crop1,2,1,0.9885634985481558,72.0,72.0
LsqFit-LM,true,false,28.45794549213898,0,0.0013506610000000002,true,90.53114580564925,tp312_crop1,2,1,1.040150120493014,72.0,43.542054507861025
Optim-BFGS,true,true,1.9461007479551878e-26,6,9.9279e-5,true,2.3868262192213244e-12,tp312_crop1,2,1,0.9931382426683987,72.0,72.0
Optim-L-BFGS,true,true,3.541024040214105e-27,4,8.526e-5,true,1.0196361488290496e-12,tp312_crop1,2,1,0.9885796732393012,72.0,72.0
TRLS,true,false,3.9364326755249517e-16,52,0.0008740540000000001,true,1.1884112251718407e-5,tp333_crop2,3,2,55.93614484896929,13.058490402409856,13.058490402409856
LM-QR-scaled,true,false,9.840595401546891e-9,4,0.00011065,true,0.0018337607095286325,tp333_crop2,3,2,66.37540458401412,13.058490402409856,13.05849039256926
NonlinearSolve-TR,true,true,1.1024878838808916e-30,53,0.00028996800000000004,true,6.274586679184413e-13,tp333_crop2,3,2,55.936144879165596,13.058490402409856,13.058490402409856
NonlinearSolve-LM,true,true,1.066396888753644e-17,107,0.0007629850000000001,true,1.3223030310238286e-6,tp333_crop2,3,2,56.28371865333384,13.058490402409856,13.058490402409856
NonlinearSolve-GNBK,true,true,3.466631501430178e-19,10,0.000201139,true,2.1194514228921275e-7,tp333_crop2,3,2,56.46568915150984,13.058490402409856,13.058490402409856
NonlinearSolve-GNLF,true,true,1.3971450811977152e-30,11,0.000217998,true,3.889284148831747e-13,tp333_crop2,3,2,56.61483235056949,13.058490402409856,13.058490402409856
LSO-Levenberg-QR,true,true,5.902452557782179e-25,7,1.751475e-5,true,1.850785104038132e-12,tp333_crop2,3,2,80.02902396681641,13.058490402409856,13.058490402409856
Scipy-LeastSquares,true,true,1.5807838248387826e-17,52,0.020464727000000002,true,2.5554423151595955e-9,tp333_crop2,3,2,56.21826629448247,13.058490402409856,13.058490402409856
NLLSsolver-LM,true,true,1.4064250080293397e-30,59,0.000734595,true,7.337916463420381e-13,tp333_crop2,3,2,55.933689826759,13.058490402409856,13.058490402409856
LsqFit-LM,true,true,6.837119279398326e-23,0,0.0016925080000000001,true,1.1311064390383669e-9,tp333_crop2,3,2,79.12000088759395,13.058490402409856,13.058490402409856
Optim-BFGS,true,true,0.4916788009471471,1,6.468e-5,true,2.6048731318080674e-12,tp333_crop2,3,2,148.18085207980383,13.058490402409856,12.566811601462708
Optim-L-BFGS,true,true,0.4916788009471471,1,6.953e-5,true,2.6048731318080674e-12,tp333_crop2,3,2,148.18085207980383,13.058490402409856,12.566811601462708
TRLS,true,false,1.539694801450086e-11,4,4.224e-5,true,1.1117850812108975e-5,tp334_crop2,3,2,1.3884675478514472,8.871553125000002,8.871553124984604
LM-QR-scaled,true,false,1.539694801450086e-11,4,4.2170000000000005e-5,true,1.1117850812108975e-5,tp334_crop2,3,2,1.3884675478514472,8.871553125000002,8.871553124984604
NonlinearSolve-TR,true,true,2.5822756468095083e-23,5,7.909900000000001e-5,true,1.4398058435472311e-11,tp334_crop2,3,2,1.3884699959612576,8.871553125000002,8.871553125000002
NonlinearSolve-LM,true,true,4.338791210261633e-22,9,0.000144589,true,5.827274195103325e-11,tp334_crop2,3,2,1.3883725532199385,8.871553125000002,8.871553125000002
NonlinearSolve-GNBK,true,true,2.5822756468095083e-23,5,0.00012236000000000001,true,1.4398058435472311e-11,tp334_crop2,3,2,1.3884699959612576,8.871553125000002,8.871553125000002
NonlinearSolve-GNLF,true,true,2.5822756468095083e-23,5,9.298000000000001e-5,true,1.4398058435472311e-11,tp334_crop2,3,2,1.3884699959612576,8.871553125000002,8.871553125000002
LSO-Levenberg-QR,true,true,1.2181680231944262e-27,7,2.584e-5,true,4.1026546711550896e-14,tp334_crop2,3,2,1.3882844358656876,8.871553125000002,8.871553125000002
Scipy-LeastSquares,true,true,5.341160544433017e-17,15,0.011081423,true,8.546072015210456e-9,tp334_crop2,3,2,1.3886550394271382,8.871553125000002,8.871553125000002
NLLSsolver-LM,true,true,0.0,6,4.81395e-5,true,0.0,tp334_crop2,3,2,1.3884699921266968,8.871553125000002,8.871553125000002
LsqFit-LM,true,true,3.508242484171409e-17,0,8.708e-5,true,9.455720426103941e-9,tp334_crop2,3,2,1.3882793753961107,8.871553125000002,8.871553125000002
Optim-BFGS,true,true,1.8062297917172436e-19,15,0.000453477,true,5.771349243981786e-10,tp334_crop2,3,2,1.3959776871377496,8.871553125000002,8.871553125000002
Optim-L-BFGS,true,true,6.91561602500643e-21,15,0.000373328,true,1.3248852923379117e-10,tp334_crop2,3,2,1.3895123014047612,8.871553125000002,8.871553125000002
TRLS,true,false,3.6966492816121405e-12,3,3.32e-5,true,4.1130787906353947e-7,tp350_crop2,4,2,0.19276585307855465,0.0011588628104622675,0.0011588628067656182
LM-QR-scaled,true,false,3.6966492816121405e-12,3,3.3519e-5,true,4.1130787906353947e-7,tp350_crop2,4,2,0.19276585307855465,0.0011588628104622675,0.0011588628067656182
NonlinearSolve-TR,true,true,3.238464253154583e-20,4,7.6359e-5,true,3.865827940213458e-11,tp350_crop2,4,2,0.19273907713952998,0.0011588628104622675,0.0011588628104622675
NonlinearSolve-LM,true,true,3.1776465207641484e-22,8,0.00013734900000000002,true,2.446189024409359e-11,tp350_crop2,4,2,0.184836680987597,0.0011588628104622675,0.0011588628104622675
NonlinearSolve-GNBK,true,true,3.238464429741549e-20,4,0.000107039,true,3.865828050409505e-11,tp350_crop2,4,2,0.1927390771395301,0.0011588628104622675,0.0011588628104622675
NonlinearSolve-GNLF,true,true,3.238464429741549e-20,4,8.259000000000001e-5,true,3.865828050409505e-11,tp350_crop2,4,2,0.1927390771395301,0.0011588628104622675,0.0011588628104622675
LSO-Levenberg-QR,true,true,4.029835845307274e-27,6,2.1254750000000002e-5,true,3.786051575131486e-14,tp350_crop2,4,2,0.5578675027129639,0.0011588628104622675,0.0011588628104622675
Scipy-LeastSquares,true,true,2.923879835542306e-15,11,0.007872875,true,7.142102356817129e-9,tp350_crop2,4,2,0.18900259049680013,0.0011588628104622675,0.0011588628104593436
NLLSsolver-LM,true,true,3.912045199536573e-34,5,7.0269e-5,true,2.7540472843867912e-17,tp350_crop2,4,2,0.1927294930899432,0.0011588628104622675,0.0011588628104622675
LsqFit-LM,true,true,5.963611396910522e-17,0,7.8869e-5,true,1.8062488499083164e-9,tp350_crop2,4,2,0.562131930424677,0.0011588628104622675,0.0011588628104622078
Optim-BFGS,true,true,4.337762548788324e-19,13,0.000219229,true,9.195666255877005e-10,tp350_crop2,4,2,0.1894265685080974,0.0011588628104622675,0.001158862810462267
Optim-L-BFGS,true,true,3.833212140756884e-18,13,0.000229579,true,2.7209174850122646e-9,tp350_crop2,4,2,0.18949109881329504,0.0011588628104622675,0.0011588628104622636
TRLS,true,false,9.674393681681403e-10,4,3.983e-5,true,0.0003615074333555716,tp351_crop2,4,2,12.040867842661621,8997.236402475048,8997.23640247408
LM-QR-scaled,true,false,9.674393681681403e-10,4,4.011e-5,true,0.0003615074333555716,tp351_crop2,4,2,12.040867842661621,8997.236402475048,8997.23640247408
NonlinearSolve-TR,true,true,7.841252888349608e-23,5,8.464e-5,true,1.0239288296097733e-10,tp351_crop2,4,2,12.04087452319206,8997.236402475048,8997.236402475048
NonlinearSolve-LM,true,true,1.1441429117896197e-18,9,0.00014216900000000001,true,7.507910835375254e-8,tp351_crop2,4,2,12.040794341563013,8997.236402475048,8997.236402475048
NonlinearSolve-GNBK,true,true,7.841252888349608e-23,5,0.00011508900000000001,true,1.0239288296097733e-10,tp351_crop2,4,2,12.04087452319206,8997.236402475048,8997.236402475048
NonlinearSolve-GNLF,true,true,7.841252888349608e-23,5,9.033000000000001e-5,true,1.0239288296097733e-10,tp351_crop2,4,2,12.04087452319206,8997.236402475048,8997.236402475048
LSO-Levenberg-QR,true,true,7.22044615013817e-29,7,2.000225e-5,true,8.840471105945543e-13,tp351_crop2,4,2,342.34805817422006,8997.236402475048,8997.236402475048
Scipy-LeastSquares,true,true,1.4897836857913212e-19,20,0.014987546000000001,true,3.5834183722761463e-9,tp351_crop2,4,2,12.046390062849794,8997.236402475048,8997.236402475048
NLLSsolver-LM,true,true,1.3653940350988387e-28,6,4.34395e-5,true,9.428007489349236e-13,tp351_crop2,4,2,12.040874527267265,8997.236402475048,8997.236402475048
LsqFit-LM,true,true,7.22044615013817e-29,0,6.9479e-5,true,8.840471105945543e-13,tp351_crop2,4,2,338.3977110726837,8997.236402475048,8997.236402475048
Optim-BFGS,true,true,2.164685379857072e-21,13,0.000201598,true,4.018861350206419e-9,tp351_crop2,4,2,12.46610649942816,8997.236402475048,8997.236402475048
Optim-L-BFGS,true,true,1.1584056470146062e-22,12,0.000194249,true,5.84413056208735e-10,tp351_crop2,4,2,12.041201328488059,8997.236402475048,8997.236402475048
TRLS,true,true,1.6085366895522194e-30,1,5.955000000000001e-6,true,2.1961905147974077e-15,tp352_crop2,4,2,24.465422529923398,313.43188917911016,313.43188917911016
LM-QR-scaled,true,true,1.6085366895522194e-30,1,6.036666666666667e-6,true,2.1961905147974077e-15,tp352_crop2,4,2,24.465422529923398,313.43188917911016,313.43188917911016
NonlinearSolve-TR,true,true,2.7733391199176196e-31,1,3.631e-5,true,7.97467488656161e-16,tp352_crop2,4,2,24.465422529923398,313.43188917911016,313.43188917911016
NonlinearSolve-LM,true,true,2.9281316925289625e-19,7,6.7369e-5,true,7.845164422057799e-10,tp352_crop2,4,2,24.465422529175612,313.43188917911016,313.43188917911016
NonlinearSolve-GNBK,true,true,1.6085366895522194e-30,1,6.0779e-5,true,2.1961905147974077e-15,tp352_crop2,4,2,24.465422529923398,313.43188917911016,313.43188917911016
NonlinearSolve-GNLF,true,true,1.6085366895522194e-30,1,4.9539e-5,true,2.1961905147974077e-15,tp352_crop2,4,2,24.465422529923398,313.43188917911016,313.43188917911016
LSO-Levenberg-QR,true,true,3.319440407508509e-28,6,2.491e-5,true,2.6396101157587485e-14,tp352_crop2,4,2,63.2432454024964,313.43188917911016,313.43188917911016
Scipy-LeastSquares,true,true,1.5370550149788635e-17,16,0.012389213000000001,true,5.654267891747543e-9,tp352_crop2,4,2,24.465422535322986,313.43188917911016,313.43188917911016
NLLSsolver-LM,true,true,6.162975822039155e-33,3,1.4076666666666667e-5,true,1.3923232619110344e-16,tp352_crop2,4,2,24.465422529923398,313.43188917911016,313.43188917911016
LsqFit-LM,true,true,8.474944499952427e-22,0,6.394900000000001e-5,true,4.220601629583058e-11,tp352_crop2,4,2,63.24324540239247,313.43188917911016,313.43188917911016
Optim-BFGS,true,true,1.40269550812957e-19,7,0.000101739,true,5.46305348548406e-10,tp352_crop2,4,2,24.465422530417076,313.43188917911016,313.43188917911016
Optim-L-BFGS,true,true,1.249130316084391e-20,5,0.00010908,true,1.9566453666722467e-10,tp352_crop2,4,2,24.465422529866885,313.43188917911016,313.43188917911016
TRLS,true,false,7.962583639894967e-16,4,0.000309068,true,1.6735315439896544e-7,tp370_crop3,6,3,0.7012715242044478,1.0,0.9999999999999992
LM-QR-scaled,true,false,8.371477296804477e-13,4,0.000353557,true,5.5200165117261545e-6,tp370_crop3,6,3,0.7753503303521324,1.0,0.9999999999991629
NonlinearSolve-TR,true,true,3.2047474274603605e-31,5,0.00041837700000000005,true,2.679302680579427e-15,tp370_crop3,6,3,0.7012715209765311,1.0,1.0
NonlinearSolve-LM,true,true,5.618476325921881e-20,8,0.0009604040000000001,true,1.3917168645417198e-9,tp370_crop3,6,3,0.7009919840096382,1.0,1.0
NonlinearSolve-GNBK,true,true,4.930380657631324e-32,5,0.000527897,true,8.941247683558783e-16,tp370_crop3,6,3,0.701271520976531,1.0,1.0
NonlinearSolve-GNLF,true,true,4.930380657631324e-32,5,0.000413867,true,8.941247683558783e-16,tp370_crop3,6,3,0.701271520976531,1.0,1.0
LSO-Levenberg-QR,true,true,3.6777454726154895e-24,8,0.000541537,true,2.1797904336888693e-12,tp370_crop3,6,3,0.7177972330673517,1.0,1.0
Scipy-LeastSquares,true,true,7.331515462715243e-17,17,0.013189707,true,8.329524272429254e-9,tp370_crop3,6,3,0.7007555825433379,1.0,0.9999999999999999
NLLSsolver-LM,true,true,3.216738566047935e-32,5,0.00039855800000000003,true,2.5364299974759544e-16,tp370_crop3,6,3,0.7012714859495391,1.0,1.0
LsqFit-LM,true,true,8.580191111736717e-24,0,0.0005923860000000001,true,3.2593133045076687e-12,tp370_crop3,6,3,0.7347032450044391,1.0,1.0
Optim-BFGS,true,true,4.0433191029469243e-19,16,0.0014445,true,1.4578636777269513e-9,tp370_crop3,6,3,0.7584277649629316,1.0,1.0
Optim-L-BFGS,true,true,1.0598991615831658e-19,19,0.001767688,true,1.2805586452849586e-9,tp370_crop3,6,3,0.7006688031883802,1.0,1.0
TRLS,true,false,1.184069595676811e-16,4,0.00045356600000000003,true,1.278041770810742e-7,tp371_crop5,9,5,0.978603596875439,2.0,1.9999999999999998
LM-QR-scaled,true,false,1.8151490529680043e-10,4,0.000528096,true,0.00015648299781548253,tp371_crop5,9,5,0.9787240398976577,2.0,1.9999999998184852
NonlinearSolve-TR,true,true,2.4651903288156624e-32,5,0.0006188260000000001,true,2.410731350545231e-16,tp371_crop5,9,5,0.9786035964274216,2.0,2.0
NonlinearSolve-LM,true,true,8.968648032596088e-22,11,0.001874687,true,2.9043515449584366e-10,tp371_crop5,9,5,0.9785913521042918,2.0,2.0
NonlinearSolve-GNBK,true,true,4.992010415851715e-31,5,0.0007055750000000001,true,8.515392441874276e-15,tp371_crop5,9,5,0.9786035964274212,2.0,2.0
NonlinearSolve-GNLF,true,true,4.992010415851715e-31,5,0.0006086150000000001,true,8.515392441874276e-15,tp371_crop5,9,5,0.9786035964274212,2.0,2.0
LSO-Levenberg-QR,true,true,4.0758578840867084e-26,10,0.001015293,true,7.967999463998251e-14,tp371_crop5,9,5,0.9810069161550741,2.0,2.0
Scipy-LeastSquares,true,true,5.3708027037420003e-20,12,0.010983883,true,6.997406054105758e-11,tp371_crop5,9,5,0.9786058738466143,2.0,2.0
NLLSsolver-LM,true,true,1.966801844745295e-28,5,0.0005780960000000001,true,5.628957458938967e-15,tp371_crop5,9,5,0.9786035347287138,2.0,2.0
LsqFit-LM,true,true,2.7901654820632436e-17,0,0.0008869640000000001,true,2.079382321262411e-9,tp371_crop5,9,5,0.9809106855127464,2.0,2.0
Optim-BFGS,true,true,5.323544639950116e-20,26,0.003312407,true,3.540588011738533e-10,tp371_crop5,9,5,0.9814316769419448,2.0,2.0
Optim-L-BFGS,true,true,1.2925151020504938e-19,33,0.003994442,true,2.6953024122480066e-9,tp371_crop5,9,5,0.9785987744318929,2.0,2.0
TRLS,true,false,9.799275365351425e-12,19,0.002216965,true,8.392227909811954e-6,tp379_crop6,11,6,1.498069238309779,0.05520577543150863,0.05520577542170936
LM-QR-scaled,true,false,3.7338497005941595e-9,12,0.001730198,true,0.00010656640560797038,tp379_crop6,11,6,3.045340224808267,0.05520577543150863,0.05520577169765893
NonlinearSolve-TR,true,true,8.274580582073715e-22,19,0.001550329,true,8.658352382648414e-11,tp379_crop6,11,6,1.4985998906737936,0.05520577543150863,0.05520577543150863
NonlinearSolve-LM,true,true,4.0563359830384107e-17,19,0.0022034750000000003,true,1.8103994242811867e-8,tp379_crop6,11,6,1.5127284280787172,0.05520577543150863,0.05520577543150859
NonlinearSolve-GNBK,true,true,1.2363641822844292e-24,12,0.001926767,true,3.300512019581213e-12,tp379_crop6,11,6,1.4738288236765338,0.05520577543150863,0.05520577543150863
NonlinearSolve-GNLF,true,true,1.2950335554184403e-18,10,0.001572599,true,3.3559889174012316e-9,tp379_crop6,11,6,1.504825102933624,0.05520577543150863,0.05520577543150863
LSO-Levenberg-QR,true,true,3.925804255314232e-23,10,0.0008111840000000001,true,2.165588729516799e-12,tp379_crop6,11,6,3.269933774478906,0.05520577543150863,0.05520577543150863
Scipy-LeastSquares,true,true,1.5557869184909321e-15,16,0.012309203000000001,true,1.8185952154605535e-9,tp379_crop6,11,6,1.5202308307703254,0.05520577543150863,0.05520577543150708
NLLSsolver-LM,true,true,8.825796110484282e-27,21,0.0023814730000000003,true,5.114171411647483e-15,tp379_crop6,11,6,1.492170153366231,0.05520577543150863,0.05520577543150863
LsqFit-LM,true,true,1.4835850344731553e-17,0,0.000759274,true,3.1088993748118624e-9,tp379_crop6,11,6,3.262217698301789,0.05520577543150863,0.05520577543150862
Optim-BFGS,true,true,3.601504282452919e-17,108,0.017635817,true,6.581478286577845e-9,tp379_crop6,11,6,1.5644161209746026,0.05520577543150863,0.0552057754315086
Optim-L-BFGS,true,true,6.999952748859642e-18,111,0.018210492,true,7.471370867542062e-9,tp379_crop6,11,6,1.5475786294522178,0.05520577543150863,0.055205775431508626
