solver,success,converged,final_cost,iterations,time,bounds_satisfied,final_gradient_norm,problem,nvars,nresiduals,dist_x0,initial_objective,improvement
LM-QRChol,true,false,9.63200376701583e-15,6,5.4292e-5,true,5.347337682897328e-7,NZF1,13,5,19.667764608503795,4956.907414728962,4956.907414728962
LM-QR,true,false,9.632003823770188e-15,6,0.000128958,true,5.347337660410613e-7,NZF1,13,5,19.667764608503795,4956.907414728962,4956.907414728962
LM-QRChol-scaled,true,false,3.2374860815112405e-14,6,6.3333e-5,true,1.137098738489887e-6,NZF1,13,5,23.437984563524875,4956.907414728962,4956.907414728962
LM-QR-scaled,true,false,3.237486077498089e-14,6,0.000112708,true,1.1370987379935991e-6,NZF1,13,5,23.43798456352487,4956.907414728962,4956.907414728962
LM-LQ,true,false,9.632003702250741e-15,6,5.0208000000000004e-5,true,5.347337665546898e-7,NZF1,13,5,19.667764608503795,4956.907414728962,4956.907414728962
LM-LQChol,true,false,9.632003756221651e-15,6,3.2083000000000004e-5,true,5.34733768000559e-7,NZF1,13,5,19.667764608503795,4956.907414728962,4956.907414728962
LM-LQ-scaled,true,false,3.237486081769902e-14,6,5.2166e-5,true,1.1370987384616613e-6,NZF1,13,5,23.437984563524875,4956.907414728962,4956.907414728962
LM-LQChol-scaled,true,false,3.2374860857517175e-14,6,3.4e-5,true,1.1370987393021734e-6,NZF1,13,5,23.43798456352487,4956.907414728962,4956.907414728962
LM-QRChol,true,true,0.0,2,6.458000000000001e-6,true,0.0,mgh01_crop1,2,1,2.2,2.4200000000000004,2.4200000000000004
LM-QR,true,true,0.0,2,7.708e-6,true,0.0,mgh01_crop1,2,1,2.2,2.4200000000000004,2.4200000000000004
LM-QRChol-scaled,true,true,0.0,2,6.5410000000000006e-6,true,0.0,mgh01_crop1,2,1,2.2,2.4200000000000004,2.4200000000000004
LM-QR-scaled,true,true,0.0,2,7.75e-6,true,0.0,mgh01_crop1,2,1,2.2,2.4200000000000004,2.4200000000000004
LM-LQ,true,true,0.0,2,5.0410000000000005e-6,true,0.0,mgh01_crop1,2,1,2.2,2.4200000000000004,2.4200000000000004
LM-LQChol,true,true,0.0,2,5.166e-6,true,0.0,mgh01_crop1,2,1,2.2,2.4200000000000004,2.4200000000000004
LM-LQ-scaled,true,true,0.0,2,5.2500000000000006e-6,true,0.0,mgh01_crop1,2,1,2.2,2.4200000000000004,2.4200000000000004
LM-LQChol-scaled,true,true,0.0,2,5.375e-6,true,0.0,mgh01_crop1,2,1,2.2,2.4200000000000004,2.4200000000000004
LM-QRChol,true,false,3.0484759648708944e-16,4,1.1042e-5,true,4.802149178958596e-7,mgh02_crop1,2,1,0.7370025446798018,190.125,190.125
LM-QR,true,false,3.0484759648708944e-16,4,1.0333000000000001e-5,true,4.802149178958596e-7,mgh02_crop1,2,1,0.7370025446798018,190.125,190.125
LM-QRChol-scaled,true,false,3.0484759648708944e-16,4,1.1208e-5,true,4.802149178958596e-7,mgh02_crop1,2,1,0.7370025446798018,190.125,190.125
LM-QR-scaled,true,false,3.0484759648708944e-16,4,1.0541000000000001e-5,true,4.802149178958596e-7,mgh02_crop1,2,1,0.7370025446798018,190.125,190.125
LM-LQ,true,false,3.0484759648708944e-16,4,8.354e-6,true,4.802149178958596e-7,mgh02_crop1,2,1,0.7370025446798018,190.125,190.125
LM-LQChol,true,false,3.0484759648708944e-16,4,8.25e-6,true,4.802149178958596e-7,mgh02_crop1,2,1,0.7370025446798018,190.125,190.125
LM-LQ-scaled,true,false,3.0484759648708944e-16,4,8.583e-6,true,4.802149178958596e-7,mgh02_crop1,2,1,0.7370025446798018,190.125,190.125
LM-LQChol-scaled,true,false,3.0484759648708944e-16,4,8.5205e-6,true,4.802149178958596e-7,mgh02_crop1,2,1,0.7370025446798018,190.125,190.125
LM-QRChol,true,true,0.0,1,3.7500000000000005e-6,true,0.0,mgh03_crop1,2,1,0.0001,0.5,0.5
LM-QR,true,true,0.0,1,3.4416000000000002e-6,true,0.0,mgh03_crop1,2,1,0.0001,0.5,0.5
LM-QRChol-scaled,true,true,0.0,1,3.7500000000000005e-6,true,0.0,mgh03_crop1,2,1,0.0001,0.5,0.5
LM-QR-scaled,true,true,0.0,1,3.552e-6,true,0.0,mgh03_crop1,2,1,0.0001,0.5,0.5
LM-LQ,true,true,0.0,1,3.0486666666666667e-6,true,0.0,mgh03_crop1,2,1,0.0001,0.5,0.5
LM-LQChol,true,true,0.0,1,3.0105000000000002e-6,true,0.0,mgh03_crop1,2,1,0.0001,0.5,0.5
LM-LQ-scaled,true,true,0.0,1,3.1582000000000005e-6,true,0.0,mgh03_crop1,2,1,0.0001,0.5,0.5
LM-LQChol-scaled,true,true,0.0,1,3.1458333333333334e-6,true,0.0,mgh03_crop1,2,1,0.0001,0.5,0.5
LM-QRChol,true,true,0.0,20,5.6375e-5,true,0.0,mgh04_crop1,2,1,999999.0,4.999990000005e11,4.999990000005e11
LM-QR,true,true,0.0,20,7.9833e-5,true,0.0,mgh04_crop1,2,1,999999.0,4.999990000005e11,4.999990000005e11
LM-QRChol-scaled,true,true,0.0,20,5.6917000000000004e-5,true,0.0,mgh04_crop1,2,1,999999.0,4.999990000005e11,4.999990000005e11
LM-QR-scaled,true,true,0.0,20,8.0084e-5,true,0.0,mgh04_crop1,2,1,999999.0,4.999990000005e11,4.999990000005e11
LM-LQ,true,true,0.0,20,4.325e-5,true,0.0,mgh04_crop1,2,1,999999.0,4.999990000005e11,4.999990000005e11
LM-LQChol,true,true,0.0,20,4.4166000000000004e-5,true,0.0,mgh04_crop1,2,1,999999.0,4.999990000005e11,4.999990000005e11
LM-LQ-scaled,true,true,0.0,20,4.4583e-5,true,0.0,mgh04_crop1,2,1,999999.0,4.999990000005e11,4.999990000005e11
LM-LQChol-scaled,true,true,0.0,20,4.6458e-5,true,0.0,mgh04_crop1,2,1,999999.0,4.999990000005e11,4.999990000005e11
LM-QRChol,true,false,2.0100078998112757e-14,3,1.0e-5,true,3.5653006049739186e-7,mgh05_crop1,2,1,1.4429808982292531,1.125,1.1249999999999798
LM-QR,true,false,2.0100078998112757e-14,3,1.1042e-5,true,3.5653006049739197e-7,mgh05_crop1,2,1,1.4429808982292536,1.125,1.1249999999999798
LM-QRChol-scaled,true,false,2.0100078998112757e-14,3,1.0083e-5,true,3.5653006049739186e-7,mgh05_crop1,2,1,1.4429808982292531,1.125,1.1249999999999798
LM-QR-scaled,true,false,2.0100078998112757e-14,3,1.1125000000000001e-5,true,3.5653006049739197e-7,mgh05_crop1,2,1,1.4429808982292536,1.125,1.1249999999999798
LM-LQ,true,false,2.0100078998112757e-14,3,8.000000000000001e-6,true,3.5653006049739186e-7,mgh05_crop1,2,1,1.4429808982292531,1.125,1.1249999999999798
LM-LQChol,true,false,2.0100078998112757e-14,3,8.000000000000001e-6,true,3.5653006049739186e-7,mgh05_crop1,2,1,1.4429808982292531,1.125,1.1249999999999798
LM-LQ-scaled,true,false,2.0100078998112757e-14,3,8.104e-6,true,3.5653006049739186e-7,mgh05_crop1,2,1,1.4429808982292531,1.125,1.1249999999999798
LM-LQChol-scaled,true,false,2.0100078998112757e-14,3,8.1875e-6,true,3.5653006049739186e-7,mgh05_crop1,2,1,1.4429808982292531,1.125,1.1249999999999798
LM-QRChol,true,false,6.410983955776408e-17,3,1.7416e-5,true,3.209865088048391e-8,mgh06_crop1,2,1,0.4827150859687667,0.670848551042871,0.6708485510428709
LM-QR,true,false,6.410983955776408e-17,3,1.8542e-5,true,3.209865088048391e-8,mgh06_crop1,2,1,0.4827150859687666,0.670848551042871,0.6708485510428709
LM-QRChol-scaled,true,false,9.254802200202411e-16,3,1.7417e-5,true,1.217470530876732e-7,mgh06_crop1,2,1,0.48529053320277543,0.670848551042871,0.6708485510428701
LM-QR-scaled,true,false,9.254802200202411e-16,3,1.8750000000000002e-5,true,1.217470530876732e-7,mgh06_crop1,2,1,0.48529053320277543,0.670848551042871,0.6708485510428701
LM-LQ,true,false,6.410983955776408e-17,3,1.5250000000000001e-5,true,3.209865088048391e-8,mgh06_crop1,2,1,0.4827150859687666,0.670848551042871,0.6708485510428709
LM-LQChol,true,false,6.410983955776408e-17,3,1.5459000000000002e-5,true,3.209865088048391e-8,mgh06_crop1,2,1,0.4827150859687666,0.670848551042871,0.6708485510428709
LM-LQ-scaled,true,false,9.254802200202411e-16,3,1.5333e-5,true,1.217470530876732e-7,mgh06_crop1,2,1,0.48529053320277543,0.670848551042871,0.6708485510428701
LM-LQChol-scaled,true,false,9.254802200202411e-16,3,1.5417e-5,true,1.217470530876732e-7,mgh06_crop1,2,1,0.48529053320277543,0.670848551042871,0.6708485510428701
LM-QRChol,true,true,0.0,0,1.763866666666667e-6,true,0.0,mgh07_crop2,3,2,0.0,0.0,0.0
LM-QR,true,true,0.0,0,1.5024705882352942e-6,true,0.0,mgh07_crop2,3,2,0.0,0.0,0.0
LM-QRChol-scaled,true,true,0.0,0,1.8028000000000001e-6,true,0.0,mgh07_crop2,3,2,0.0,0.0,0.0
LM-QR-scaled,true,true,0.0,0,1.5647777777777778e-6,true,0.0,mgh07_crop2,3,2,0.0,0.0,0.0
LM-LQ,true,true,0.0,0,1.4210526315789475e-6,true,0.0,mgh07_crop2,3,2,0.0,0.0,0.0
LM-LQChol,true,true,0.0,0,1.44585e-6,true,0.0,mgh07_crop2,3,2,0.0,0.0,0.0
LM-LQ-scaled,true,true,0.0,0,1.475842105263158e-6,true,0.0,mgh07_crop2,3,2,0.0,0.0,0.0
LM-LQChol-scaled,true,true,0.0,0,1.5219473684210527e-6,true,0.0,mgh07_crop2,3,2,0.0,0.0,0.0
LM-QRChol,true,false,1.539694801450086e-11,4,2.5542e-5,true,1.1117850812108975e-5,mgh08_crop2,3,2,1.388467547851447,8.871553125000002,8.871553124984604
LM-QR,true,false,1.539694801450086e-11,4,2.4708e-5,true,1.1117850812108975e-5,mgh08_crop2,3,2,1.388467547851447,8.871553125000002,8.871553124984604
LM-QRChol-scaled,true,false,1.539694801450086e-11,4,2.5791e-5,true,1.1117850812108975e-5,mgh08_crop2,3,2,1.388467547851447,8.871553125000002,8.871553124984604
LM-QR-scaled,true,false,1.539694801450086e-11,4,2.4958e-5,true,1.1117850812108975e-5,mgh08_crop2,3,2,1.388467547851447,8.871553125000002,8.871553124984604
LM-LQ,true,false,1.539694801450086e-11,4,2.1666000000000002e-5,true,1.1117850812108975e-5,mgh08_crop2,3,2,1.388467547851447,8.871553125000002,8.871553124984604
LM-LQChol,true,false,1.539694801450086e-11,4,2.1625e-5,true,1.1117850812108975e-5,mgh08_crop2,3,2,1.388467547851447,8.871553125000002,8.871553124984604
LM-LQ-scaled,true,false,1.539694801450086e-11,4,2.1916e-5,true,1.1117850812108975e-5,mgh08_crop2,3,2,1.388467547851447,8.871553125000002,8.871553124984604
LM-LQChol-scaled,true,false,1.539694801450086e-11,4,2.1917e-5,true,1.1117850812108975e-5,mgh08_crop2,3,2,1.388467547851447,8.871553125000002,8.871553124984604
LM-QRChol,true,true,1.2474794783842908e-13,1,1.12705e-5,true,4.205082152919394e-9,mgh09_crop2,3,2,0.004319454109748352,6.251776489641606e-10,6.250529010163221e-10
LM-QR,true,true,1.2474794783842908e-13,1,1.0833000000000001e-5,true,4.205082152919394e-9,mgh09_crop2,3,2,0.004319454109748352,6.251776489641606e-10,6.250529010163221e-10
LM-QRChol-scaled,true,true,1.2474794783842908e-13,1,1.1167e-5,true,4.205082152919394e-9,mgh09_crop2,3,2,0.004319454109748352,6.251776489641606e-10,6.250529010163221e-10
LM-QR-scaled,true,true,1.2474794783842908e-13,1,1.1000000000000001e-5,true,4.205082152919394e-9,mgh09_crop2,3,2,0.004319454109748352,6.251776489641606e-10,6.250529010163221e-10
LM-LQ,true,true,1.2474794783842908e-13,1,1.0292e-5,true,4.205082152919394e-9,mgh09_crop2,3,2,0.004319454109748352,6.251776489641606e-10,6.250529010163221e-10
LM-LQChol,true,true,1.2474794783842908e-13,1,1.01875e-5,true,4.205082152919394e-9,mgh09_crop2,3,2,0.004319454109748352,6.251776489641606e-10,6.250529010163221e-10
LM-LQ-scaled,true,true,1.2474794783842908e-13,1,1.0291e-5,true,4.205082152919394e-9,mgh09_crop2,3,2,0.004319454109748352,6.251776489641606e-10,6.250529010163221e-10
LM-LQChol-scaled,true,true,1.2474794783842908e-13,1,1.03545e-5,true,4.205082152919394e-9,mgh09_crop2,3,2,0.004319454109748352,6.251776489641606e-10,6.250529010163221e-10
LM-QRChol,true,false,1.300741513239636e-21,7,4.7209e-5,true,1.9419985765054428e-5,mgh10_crop2,3,2,11.335867973355787,2.536084609813418e8,2.536084609813418e8
LM-QR,true,false,2.6469779601696886e-22,7,5.2208000000000006e-5,true,8.058115708527076e-6,mgh10_crop2,3,2,11.335867973355843,2.536084609813418e8,2.536084609813418e8
LM-QRChol-scaled,true,false,2.14498272592657e-21,9,6.0625e-5,true,3.0104255701353624e-5,mgh10_crop2,3,2,134.16359813196652,2.536084609813418e8,2.536084609813418e8
LM-QR-scaled,true,false,2.14498272592657e-21,9,7.1667e-5,true,3.0104255701353624e-5,mgh10_crop2,3,2,134.16359813196652,2.536084609813418e8,2.536084609813418e8
LM-LQ,true,false,1.300741513239636e-21,7,4.3709000000000005e-5,true,1.941998576505446e-5,mgh10_crop2,3,2,11.335867973355771,2.536084609813418e8,2.536084609813418e8
LM-LQChol,true,false,5.957354771606905e-21,7,4.1042000000000004e-5,true,4.148799681765904e-5,mgh10_crop2,3,2,11.335867973355757,2.536084609813418e8,2.536084609813418e8
LM-LQ-scaled,true,false,1.699132375760488e-21,9,5.7125000000000006e-5,true,2.683401669835849e-5,mgh10_crop2,3,2,134.16359813196652,2.536084609813418e8,2.536084609813418e8
LM-LQChol-scaled,true,false,1.699132375760488e-21,9,5.3167e-5,true,2.683401669835849e-5,mgh10_crop2,3,2,134.16359813196652,2.536084609813418e8,2.536084609813418e8
LM-QRChol,true,false,9.895995174083746e-9,247,0.010346208,true,4.438556284119308e6,mgh11_crop2,3,2,5.84854020943514,0.3852162280806919,0.3852162181846967
LM-QR,true,false,9.895995174098561e-9,247,0.011104833000000001,true,4.43855628410726e6,mgh11_crop2,3,2,5.848540209435133,0.3852162280806919,0.3852162181846967
LM-QRChol-scaled,true,false,9.106863899410086e-9,69,0.0028594590000000004,true,0.19646470105192482,mgh11_crop2,3,2,6.343504468172233,0.3852162280806919,0.385216218973828
LM-QR-scaled,true,false,9.106863900695771e-9,69,0.0031095830000000004,true,0.19646470118340886,mgh11_crop2,3,2,6.3435044681721395,0.3852162280806919,0.385216218973828
LM-LQ,true,false,1.0074173866891203e-5,400,0.016845000000000002,true,3982.1084467526416,mgh11_crop2,3,2,5.430775615716113,0.3852162280806919,0.385206153906825
LM-LQChol,false,false,Inf,0,Inf,false,Inf,mgh11_crop2,3,2,NaN,0.3852162280806919,-Inf
LM-LQ-scaled,true,false,9.106863900696128e-9,69,0.0029013330000000003,true,0.19646470118348663,mgh11_crop2,3,2,6.343504468172148,0.3852162280806919,0.385216218973828
LM-LQChol-scaled,true,false,9.1068639005614e-9,69,0.002799667,true,0.19646470117459594,mgh11_crop2,3,2,6.343504468172607,0.3852162280806919,0.385216218973828
LM-QRChol,true,false,1.3848974067754298e-13,4,3.1458e-5,true,2.939303588877762e-7,mgh12_crop2,3,2,18.96647812536978,71.28010260437006,71.28010260436992
LM-QR,true,false,1.3848974067754298e-13,4,3.0333000000000002e-5,true,2.939303588877762e-7,mgh12_crop2,3,2,18.96647812536978,71.28010260437006,71.28010260436992
LM-QRChol-scaled,true,false,1.3848974067754298e-13,4,3.1792e-5,true,2.939303588877762e-7,mgh12_crop2,3,2,18.96647812536978,71.28010260437006,71.28010260436992
LM-QR-scaled,true,false,1.3848974067754298e-13,4,3.0833e-5,true,2.939303588877762e-7,mgh12_crop2,3,2,18.96647812536978,71.28010260437006,71.28010260436992
LM-LQ,true,false,1.3848974061651499e-13,4,2.7625e-5,true,2.939303587308658e-7,mgh12_crop2,3,2,18.96647812536978,71.28010260437006,71.28010260436992
LM-LQChol,true,false,1.3848974061651499e-13,4,2.7542e-5,true,2.939303587308658e-7,mgh12_crop2,3,2,18.96647812536978,71.28010260437006,71.28010260436992
LM-LQ-scaled,true,false,1.3848974061651499e-13,4,2.8000000000000003e-5,true,2.939303587308658e-7,mgh12_crop2,3,2,18.96647812536978,71.28010260437006,71.28010260436992
LM-LQChol-scaled,true,false,1.3848974061651499e-13,4,2.7917e-5,true,2.939303587308658e-7,mgh12_crop2,3,2,18.96647812536978,71.28010260437006,71.28010260436992
LM-QRChol,true,false,3.725290298461915e-9,8,2.4458000000000002e-5,true,2.6973983046972186e-6,mgh13_crop2,4,2,1.6188266427439408,40.5,40.49999999627471
LM-QR,true,false,3.725290298461915e-9,8,2.2792e-5,true,2.6973983046972186e-6,mgh13_crop2,4,2,1.6188266427439408,40.5,40.49999999627471
LM-QRChol-scaled,true,false,3.725290298461915e-9,8,2.5167e-5,true,2.6973983046972186e-6,mgh13_crop2,4,2,1.6188266427439408,40.5,40.49999999627471
LM-QR-scaled,true,false,3.725290298461915e-9,8,2.3791000000000003e-5,true,2.6973983046972186e-6,mgh13_crop2,4,2,1.6188266427439408,40.5,40.49999999627471
LM-LQ,true,false,3.725290298461915e-9,8,1.8375000000000003e-5,true,2.6973983046972186e-6,mgh13_crop2,4,2,1.6188266427439406,40.5,40.49999999627471
LM-LQChol,true,false,3.725290298461915e-9,8,1.7833e-5,true,2.6973983046972186e-6,mgh13_crop2,4,2,1.6188266427439406,40.5,40.49999999627471
LM-LQ-scaled,true,false,3.725290298461915e-9,8,1.8541e-5,true,2.6973983046972186e-6,mgh13_crop2,4,2,1.6188266427439406,40.5,40.49999999627471
LM-LQChol-scaled,true,false,3.725290298461915e-9,8,1.8542e-5,true,2.6973983046972186e-6,mgh13_crop2,4,2,1.6188266427439406,40.5,40.49999999627471
LM-QRChol,true,false,1.4209749058296959e-12,5,1.575e-5,true,1.6610733229721366e-5,mgh14_crop2,4,2,5.021712946444066,4508.000000000001,4507.999999999999
LM-QR,true,false,1.4209749058296959e-12,5,1.4291000000000001e-5,true,1.6610733229721366e-5,mgh14_crop2,4,2,5.021712946444066,4508.000000000001,4507.999999999999
LM-QRChol-scaled,true,false,1.4209749058296959e-12,5,1.5959e-5,true,1.6610733229721366e-5,mgh14_crop2,4,2,5.021712946444066,4508.000000000001,4507.999999999999
LM-QR-scaled,true,false,1.4209749058296959e-12,5,1.4833e-5,true,1.6610733229721366e-5,mgh14_crop2,4,2,5.021712946444066,4508.000000000001,4507.999999999999
LM-LQ,true,false,1.4209749058296959e-12,5,1.1542e-5,true,1.6610733229721366e-5,mgh14_crop2,4,2,5.021712946444066,4508.000000000001,4507.999999999999
LM-LQChol,true,false,1.4209749058296959e-12,5,1.1292000000000001e-5,true,1.6610733229721366e-5,mgh14_crop2,4,2,5.021712946444066,4508.000000000001,4507.999999999999
LM-LQ-scaled,true,false,1.4209749058296959e-12,5,1.1792e-5,true,1.6610733229721366e-5,mgh14_crop2,4,2,5.021712946444066,4508.000000000001,4507.999999999999
LM-LQChol-scaled,true,false,1.4209749058296959e-12,5,1.1875e-5,true,1.6610733229721366e-5,mgh14_crop2,4,2,5.021712946444066,4508.000000000001,4507.999999999999
LM-QRChol,true,false,3.6966492816121405e-12,3,2.0666000000000002e-5,true,4.1130787906353947e-7,mgh15_crop2,4,2,0.19276585307855465,0.0011588628104622675,0.0011588628067656182
LM-QR,true,false,3.6966492816121405e-12,3,2.0041e-5,true,4.1130787906353947e-7,mgh15_crop2,4,2,0.19276585307855465,0.0011588628104622675,0.0011588628067656182
LM-QRChol-scaled,true,false,3.6966492816121405e-12,3,2.1000000000000002e-5,true,4.1130787906353947e-7,mgh15_crop2,4,2,0.19276585307855465,0.0011588628104622675,0.0011588628067656182
LM-QR-scaled,true,false,3.6966492816121405e-12,3,2.0208e-5,true,4.1130787906353947e-7,mgh15_crop2,4,2,0.19276585307855465,0.0011588628104622675,0.0011588628067656182
LM-LQ,true,false,3.6966492816121405e-12,3,1.7833e-5,true,4.1130787906353947e-7,mgh15_crop2,4,2,0.19276585307855465,0.0011588628104622675,0.0011588628067656182
LM-LQChol,true,false,3.6966492816121405e-12,3,1.8e-5,true,4.1130787906353947e-7,mgh15_crop2,4,2,0.19276585307855465,0.0011588628104622675,0.0011588628067656182
LM-LQ-scaled,true,false,3.6966492816121405e-12,3,1.8208000000000003e-5,true,4.1130787906353947e-7,mgh15_crop2,4,2,0.19276585307855465,0.0011588628104622675,0.0011588628067656182
LM-LQChol-scaled,true,false,3.6966492816121405e-12,3,1.8125e-5,true,4.1130787906353947e-7,mgh15_crop2,4,2,0.19276585307855465,0.0011588628104622675,0.0011588628067656182
LM-QRChol,true,false,8.703811655524827e-9,75,0.000889792,true,2.4610331196589613e-6,mgh16_crop2,4,2,28.770519229299328,218166.98665259604,218166.98665258734
LM-QR,true,false,8.703811655516332e-9,75,0.0013187090000000002,true,2.461033119652685e-6,mgh16_crop2,4,2,28.770519229299328,218166.98665259604,218166.98665258734
LM-QRChol-scaled,false,false,Inf,0,Inf,false,Inf,mgh16_crop2,4,2,NaN,218166.98665259604,-Inf
LM-QR-scaled,true,false,3.3389615600755507e-9,17,0.00025512500000000003,true,2.411334953642137e-6,mgh16_crop2,4,2,28.765899123242434,218166.98665259604,218166.9866525927
LM-LQ,true,false,8.703811655524223e-9,75,0.000924291,true,2.461033119658827e-6,mgh16_crop2,4,2,28.770519229299328,218166.98665259604,218166.98665258734
LM-LQChol,true,false,8.703811655524827e-9,75,0.0008002080000000001,true,2.4610331196589613e-6,mgh16_crop2,4,2,28.770519229299328,218166.98665259604,218166.98665258734
LM-LQ-scaled,true,false,3.3389615600222612e-9,17,0.000193625,true,2.4113349535730815e-6,mgh16_crop2,4,2,28.765899123242445,218166.98665259604,218166.9866525927
LM-LQChol-scaled,true,false,3.3389615600222612e-9,17,0.000177584,true,2.4113349535730815e-6,mgh16_crop2,4,2,28.765899123242445,218166.98665259604,218166.9866525927
LM-QRChol,true,false,9.822606749489491e-13,4,6.808400000000001e-5,true,4.543577153844902e-5,mgh17_crop3,5,3,0.12680030879751372,0.04052335528877128,0.04052335528778902
LM-QR,true,false,9.822606749489491e-13,4,6.7167e-5,true,4.543577153844902e-5,mgh17_crop3,5,3,0.12680030879751372,0.04052335528877128,0.04052335528778902
LM-QRChol-scaled,true,false,9.822606749489491e-13,4,6.85e-5,true,4.543577153844902e-5,mgh17_crop3,5,3,0.12680030879751372,0.04052335528877128,0.04052335528778902
LM-QR-scaled,true,false,9.822606749489491e-13,4,6.7542e-5,true,4.543577153844902e-5,mgh17_crop3,5,3,0.12680030879751372,0.04052335528877128,0.04052335528778902
LM-LQ,true,false,9.822606749489491e-13,4,6.258300000000001e-5,true,4.5435771538449016e-5,mgh17_crop3,5,3,0.12680030879751375,0.04052335528877128,0.04052335528778902
LM-LQChol,true,false,9.822606749489491e-13,4,6.254100000000001e-5,true,4.5435771538449016e-5,mgh17_crop3,5,3,0.12680030879751375,0.04052335528877128,0.04052335528778902
LM-LQ-scaled,true,false,9.822606749489491e-13,4,6.2959e-5,true,4.5435771538449016e-5,mgh17_crop3,5,3,0.12680030879751375,0.04052335528877128,0.04052335528778902
LM-LQChol-scaled,true,false,9.822606749489491e-13,4,6.308400000000001e-5,true,4.5435771538449016e-5,mgh17_crop3,5,3,0.12680030879751375,0.04052335528877128,0.04052335528778902
LM-QRChol,true,false,1.0925054091009937e-11,3,3.4e-5,true,6.470521536221863e-6,mgh18_crop3,6,3,1.7723510362583688,0.02276290524256954,0.022762905231644488
LM-QR,true,false,1.0925054091009937e-11,3,3.3459e-5,true,6.470521536221863e-6,mgh18_crop3,6,3,1.7723510362583688,0.02276290524256954,0.022762905231644488
LM-QRChol-scaled,true,false,1.0925054091009937e-11,3,3.4542e-5,true,6.470521536221863e-6,mgh18_crop3,6,3,1.7723510362583688,0.02276290524256954,0.022762905231644488
LM-QR-scaled,true,false,1.0925054091009937e-11,3,3.3625000000000004e-5,true,6.470521536221863e-6,mgh18_crop3,6,3,1.7723510362583688,0.02276290524256954,0.022762905231644488
LM-LQ,true,false,1.092505409350711e-11,3,2.9792000000000002e-5,true,6.470521537031135e-6,mgh18_crop3,6,3,1.772351036258369,0.02276290524256954,0.022762905231644488
LM-LQChol,true,false,1.092505409350711e-11,3,2.9917000000000002e-5,true,6.470521537031135e-6,mgh18_crop3,6,3,1.772351036258369,0.02276290524256954,0.022762905231644488
LM-LQ-scaled,true,false,1.092505409350711e-11,3,3.0041000000000003e-5,true,6.470521537031135e-6,mgh18_crop3,6,3,1.772351036258369,0.02276290524256954,0.022762905231644488
LM-LQChol-scaled,true,false,1.092505409350711e-11,3,3.0042e-5,true,6.470521537031135e-6,mgh18_crop3,6,3,1.772351036258369,0.02276290524256954,0.022762905231644488
LM-QRChol,true,false,1.3852435289232815e-10,7,0.00043091600000000005,true,1.9236180981776112e-5,mgh19_crop6,11,6,1.4598656946061424,0.5902183322278652,0.5902183320893409
LM-QR,true,false,1.3852435289232683e-10,7,0.00045695900000000005,true,1.923618098178997e-5,mgh19_crop6,11,6,1.4598656946061424,0.5902183322278652,0.5902183320893409
LM-QRChol-scaled,true,false,1.5075572399190127e-12,8,0.000486125,true,1.8287858065190395e-6,mgh19_crop6,11,6,2.577165858450885,0.5902183322278652,0.5902183322263577
LM-QR-scaled,true,false,1.5075572399634563e-12,8,0.0005135000000000001,true,1.8287858065204458e-6,mgh19_crop6,11,6,2.577165858450883,0.5902183322278652,0.5902183322263577
LM-LQ,true,false,1.3852435289218898e-10,7,0.00042104200000000005,true,1.9236180981817945e-5,mgh19_crop6,11,6,1.4598656946061432,0.5902183322278652,0.5902183320893409
LM-LQChol,true,false,1.385243528920094e-10,7,0.00040670800000000004,true,1.9236180981774895e-5,mgh19_crop6,11,6,1.459865694606143,0.5902183322278652,0.5902183320893409
LM-LQ-scaled,true,false,1.5075572399679385e-12,8,0.000473083,true,1.8287858065438772e-6,mgh19_crop6,11,6,2.577165858450871,0.5902183322278652,0.5902183322263577
LM-LQChol-scaled,true,false,1.5075572399037434e-12,8,0.00045987500000000005,true,1.828785806536725e-6,mgh19_crop6,11,6,2.57716585845087,0.5902183322278652,0.5902183322263577
LM-QRChol,true,false,1.0496824742656977e-12,3,0.000146834,true,2.4153018870223233e-6,mgh20_crop3,6,3,1.027274220116866,1.0,0.9999999999989503
LM-QR,true,false,1.0496824742656977e-12,3,0.000146042,true,2.4153018870223233e-6,mgh20_crop3,6,3,1.027274220116866,1.0,0.9999999999989503
LM-QRChol-scaled,true,false,8.655809216861605e-10,3,0.000150333,true,6.895272232930257e-5,mgh20_crop3,6,3,1.0400556292304128,1.0,0.9999999991344191
LM-QR-scaled,true,false,8.655809216676832e-10,3,0.000164,true,6.895272232856714e-5,mgh20_crop3,6,3,1.0400556292304128,1.0,0.9999999991344191
LM-LQ,true,false,1.0496824749091467e-12,3,0.000142459,true,2.4153018877633145e-6,mgh20_crop3,6,3,1.0272742201168659,1.0,0.9999999999989503
LM-LQChol,true,false,1.0496824749091467e-12,3,0.000142375,true,2.4153018877633145e-6,mgh20_crop3,6,3,1.0272742201168659,1.0,0.9999999999989503
LM-LQ-scaled,true,false,8.655809216907798e-10,3,0.00015045800000000002,true,6.895272232948983e-5,mgh20_crop3,6,3,1.0400556292304128,1.0,0.9999999991344191
LM-LQChol-scaled,true,false,8.655809216815411e-10,3,0.000146291,true,6.895272232912423e-5,mgh20_crop3,6,3,1.040055629230413,1.0,0.9999999991344191
LM-QRChol,true,false,3.9358425770254684e-16,3,3.6708e-5,true,6.446068735646666e-7,mgh21_crop10,20,10,4.935751039463648,60.5,60.5
LM-QR,true,false,3.9358425770254684e-16,3,3.3209e-5,true,6.446068735646666e-7,mgh21_crop10,20,10,4.935751039463648,60.5,60.5
LM-QRChol-scaled,true,false,3.9358425770254684e-16,3,3.8e-5,true,6.446068735646666e-7,mgh21_crop10,20,10,4.935751039463648,60.5,60.5
LM-QR-scaled,true,false,3.9358425770254684e-16,3,3.4625e-5,true,6.446068735646666e-7,mgh21_crop10,20,10,4.935751039463648,60.5,60.5
LM-LQ,true,false,3.935842855630605e-16,3,2.1708000000000003e-5,true,6.446068963794487e-7,mgh21_crop10,20,10,4.935751039463648,60.5,60.5
LM-LQChol,true,false,3.935842855630605e-16,3,2.1667e-5,true,6.446068963794487e-7,mgh21_crop10,20,10,4.935751039463648,60.5,60.5
LM-LQ-scaled,true,false,3.935842855630605e-16,3,2.2958000000000003e-5,true,6.446068963794487e-7,mgh21_crop10,20,10,4.935751039463648,60.5,60.5
LM-LQChol-scaled,true,false,3.935842855630605e-16,3,2.2792e-5,true,6.446068963794487e-7,mgh21_crop10,20,10,4.935751039463648,60.5,60.5
LM-QRChol,true,false,3.492459654808045e-9,9,0.000102584,true,2.920019319991086e-6,mgh22_crop10,20,10,3.4479794105550585,319.5,319.49999999650754
LM-QR,true,false,3.492459654808045e-9,9,9.350000000000001e-5,true,2.920019319991086e-6,mgh22_crop10,20,10,3.4479794105550585,319.5,319.49999999650754
LM-QRChol-scaled,true,false,3.492459654808045e-9,9,0.000107917,true,2.920019319991086e-6,mgh22_crop10,20,10,3.4479794105550585,319.5,319.49999999650754
LM-QR-scaled,true,false,3.492459654808045e-9,9,9.800000000000001e-5,true,2.920019319991086e-6,mgh22_crop10,20,10,3.4479794105550585,319.5,319.49999999650754
LM-LQ,true,false,3.492459654808045e-9,9,6.1958e-5,true,2.920019319991086e-6,mgh22_crop10,20,10,3.447979410555059,319.5,319.49999999650754
LM-LQChol,true,false,3.492459654808045e-9,9,6.1708e-5,true,2.920019319991086e-6,mgh22_crop10,20,10,3.447979410555059,319.5,319.49999999650754
LM-LQ-scaled,true,false,3.492459654808045e-9,9,6.675000000000001e-5,true,2.920019319991086e-6,mgh22_crop10,20,10,3.447979410555059,319.5,319.49999999650754
LM-LQChol-scaled,true,false,3.492459654808045e-9,9,6.6042e-5,true,2.920019319991086e-6,mgh22_crop10,20,10,3.447979410555059,319.5,319.49999999650754
LM-QRChol,true,true,1.2499875002787336e-6,31,0.000120791,true,5.3429201235111046e-11,mgh23_crop2,4,2,5.408324063711859,442.53125,442.5312487500125
LM-QR,true,true,1.2499875002787338e-6,31,0.000275083,true,5.34292726644782e-11,mgh23_crop2,4,2,5.408324063707017,442.53125,442.5312487500125
LM-QRChol-scaled,true,true,1.2499875117288723e-6,41,0.00016183400000000002,true,9.90980733671003e-9,mgh23_crop2,4,2,5.408287062191116,442.53125,442.5312487500125
LM-QR-scaled,true,true,1.249987511728876e-6,41,0.00034541600000000003,true,9.909807063874398e-9,mgh23_crop2,4,2,5.4082870621841055,442.53125,442.5312487500125
LM-LQ,true,true,1.2499875002787338e-6,31,0.000131958,true,5.3429265396907824e-11,mgh23_crop2,4,2,5.40832406370863,442.53125,442.5312487500125
LM-LQChol,true,true,1.2499875002787338e-6,31,9.2e-5,true,5.342926975837743e-11,mgh23_crop2,4,2,5.408324063707662,442.53125,442.5312487500125
LM-LQ-scaled,true,true,1.2499875117288759e-6,41,0.000171916,true,9.909809724847824e-9,mgh23_crop2,4,2,5.408287062184953,442.53125,442.5312487500125
LM-LQChol-scaled,true,true,1.2499875117288824e-6,41,0.000123917,true,9.909806404593488e-9,mgh23_crop2,4,2,5.408287062174106,442.53125,442.5312487500125
LM-QRChol,true,false,7.411231478893781e-16,4,2.0625e-5,true,1.209475853004372e-7,mgh24_crop2,4,2,0.3633670771809415,1.17,1.1699999999999993
LM-QR,true,false,7.411231478893781e-16,4,1.9416000000000002e-5,true,1.209475853004372e-7,mgh24_crop2,4,2,0.3633670771809415,1.17,1.1699999999999993
LM-QRChol-scaled,true,false,7.411231478893781e-16,4,2.0875000000000003e-5,true,1.209475853004372e-7,mgh24_crop2,4,2,0.3633670771809415,1.17,1.1699999999999993
LM-QR-scaled,true,false,7.411231478893781e-16,4,1.9958e-5,true,1.209475853004372e-7,mgh24_crop2,4,2,0.3633670771809415,1.17,1.1699999999999993
LM-LQ,true,false,7.411231478893781e-16,4,1.7125e-5,true,1.209475853004372e-7,mgh24_crop2,4,2,0.3633670771809416,1.17,1.1699999999999993
LM-LQChol,true,false,7.411231478893781e-16,4,1.7125e-5,true,1.209475853004372e-7,mgh24_crop2,4,2,0.3633670771809416,1.17,1.1699999999999993
LM-LQ-scaled,true,false,7.411231478893781e-16,4,1.7459e-5,true,1.209475853004372e-7,mgh24_crop2,4,2,0.3633670771809416,1.17,1.1699999999999993
LM-LQChol-scaled,true,false,7.411231478893781e-16,4,1.7334e-5,true,1.209475853004372e-7,mgh24_crop2,4,2,0.3633670771809416,1.17,1.1699999999999993
LM-QRChol,true,false,3.902771550379029e-9,12,6.420900000000001e-5,true,3.2588374990411587e-5,mgh25_crop5,10,5,1.9616626797631358,1.09853320125e6,1.098533201249996e6
LM-QR,true,false,3.902771550379029e-9,12,5.8750000000000005e-5,true,3.2588374990411587e-5,mgh25_crop5,10,5,1.9616626797631358,1.09853320125e6,1.098533201249996e6
LM-QRChol-scaled,true,false,4.773109250269337e-9,12,7.025e-5,true,3.789953559632227e-5,mgh25_crop5,10,5,2.2046307135550305,1.09853320125e6,1.098533201249995e6
LM-QR-scaled,true,false,4.773109250268478e-9,12,8.6792e-5,true,3.7899535596317166e-5,mgh25_crop5,10,5,2.20463071355503,1.09853320125e6,1.098533201249995e6
LM-LQ,true,false,3.902771550378845e-9,12,4.2084000000000006e-5,true,3.2588374990410435e-5,mgh25_crop5,10,5,1.9616626797631358,1.09853320125e6,1.098533201249996e6
LM-LQChol,true,false,3.902771550378845e-9,12,4.2208e-5,true,3.2588374990410435e-5,mgh25_crop5,10,5,1.9616626797631358,1.09853320125e6,1.098533201249996e6
LM-LQ-scaled,true,false,4.773109250268478e-9,12,5.5708e-5,true,3.7899535596317166e-5,mgh25_crop5,10,5,2.2046307135550305,1.09853320125e6,1.098533201249995e6
LM-LQChol-scaled,true,false,4.773109250267622e-9,12,4.7125e-5,true,3.7899535596312056e-5,mgh25_crop5,10,5,2.204630713555031,1.09853320125e6,1.098533201249995e6
LM-QRChol,true,false,2.896567892375389e-9,3,4.0875000000000004e-5,true,4.4017002598656854e-5,mgh26_crop5,10,5,0.09748170563504199,0.0018627417547345765,0.001862738858166684
LM-QR,true,false,2.896567892375389e-9,3,3.9417000000000006e-5,true,4.4017002598656854e-5,mgh26_crop5,10,5,0.09748170563504199,0.0018627417547345765,0.001862738858166684
LM-QRChol-scaled,true,false,2.896567892375389e-9,3,4.1416000000000005e-5,true,4.4017002598656854e-5,mgh26_crop5,10,5,0.09748170563504199,0.0018627417547345765,0.001862738858166684
LM-QR-scaled,true,false,2.896567892375389e-9,3,4.0e-5,true,4.4017002598656854e-5,mgh26_crop5,10,5,0.09748170563504199,0.0018627417547345765,0.001862738858166684
LM-LQ,true,false,2.8965678925884255e-9,3,3.3125e-5,true,4.40170026014209e-5,mgh26_crop5,10,5,0.09748170563504198,0.0018627417547345765,0.0018627388581666838
LM-LQChol,true,false,2.8965678925884255e-9,3,3.2959e-5,true,4.40170026014209e-5,mgh26_crop5,10,5,0.09748170563504198,0.0018627417547345765,0.0018627388581666838
LM-LQ-scaled,true,false,2.8965678925884255e-9,3,3.375e-5,true,4.40170026014209e-5,mgh26_crop5,10,5,0.09748170563504198,0.0018627417547345765,0.0018627388581666838
LM-LQChol-scaled,true,false,2.8965678925884255e-9,3,3.3875000000000003e-5,true,4.40170026014209e-5,mgh26_crop5,10,5,0.09748170563504198,0.0018627417547345765,0.0018627388581666838
LM-QRChol,true,false,7.5154071724027e-10,1,1.7958e-5,true,0.000126388083348195,mgh27_crop5,10,5,1.58115109435731,60.99902391433716,60.99902391358562
LM-QR,true,false,7.515407331899039e-10,1,7.445800000000001e-5,true,0.0001263880846432122,mgh27_crop5,10,5,1.58115109435744,60.99902391433716,60.99902391358562
LM-QRChol-scaled,true,false,3.060002260988171e-10,4,3.5958000000000004e-5,true,8.222810438118885e-5,mgh27_crop5,10,5,1.7869550969377017,60.99902391433716,60.999023914031156
LM-QR-scaled,true,false,3.0600022610156366e-10,4,8.562500000000001e-5,true,8.222810440627095e-5,mgh27_crop5,10,5,1.7869550969377035,60.99902391433716,60.999023914031156
LM-LQ,true,false,7.51540733011564e-10,1,3.425e-5,true,0.00012638808465937254,mgh27_crop5,10,5,1.5811510943574387,60.99902391433716,60.99902391358562
LM-LQChol,true,false,7.515407331908728e-10,1,1.2291000000000001e-5,true,0.00012638808465557493,mgh27_crop5,10,5,1.58115109435744,60.99902391433716,60.99902391358562
LM-LQ-scaled,true,false,3.0600022610156366e-10,4,4.4792e-5,true,8.222810437537958e-5,mgh27_crop5,10,5,1.7869550969377008,60.99902391433716,60.999023914031156
LM-LQChol-scaled,true,false,3.060002261043102e-10,4,2.3042e-5,true,8.222810440046164e-5,mgh27_crop5,10,5,1.7869550969377004,60.99902391433716,60.999023914031156
LM-QRChol,true,false,8.012359508149873e-14,1,1.2083000000000001e-5,true,9.54289269514345e-7,mgh28_crop5,10,5,0.00825966844391089,0.0002076795895320516,0.000207679589451928
LM-QR,true,false,8.012359508149873e-14,1,1.1583e-5,true,9.54289269514345e-7,mgh28_crop5,10,5,0.00825966844391089,0.0002076795895320516,0.000207679589451928
LM-QRChol-scaled,true,false,8.012359508149873e-14,1,1.2250000000000001e-5,true,9.54289269514345e-7,mgh28_crop5,10,5,0.00825966844391089,0.0002076795895320516,0.000207679589451928
LM-QR-scaled,true,false,8.012359508149873e-14,1,1.1792e-5,true,9.54289269514345e-7,mgh28_crop5,10,5,0.00825966844391089,0.0002076795895320516,0.000207679589451928
LM-LQ,true,false,8.01235950878888e-14,1,1.00625e-5,true,9.542892695518547e-7,mgh28_crop5,10,5,0.008259668443910897,0.0002076795895320516,0.000207679589451928
LM-LQChol,true,false,8.01235950878888e-14,1,1.0e-5,true,9.542892695518547e-7,mgh28_crop5,10,5,0.008259668443910897,0.0002076795895320516,0.000207679589451928
LM-LQ-scaled,true,false,8.01235950878888e-14,1,1.0291500000000001e-5,true,9.542892695518547e-7,mgh28_crop5,10,5,0.008259668443910897,0.0002076795895320516,0.000207679589451928
LM-LQChol-scaled,true,false,8.01235950878888e-14,1,1.0354000000000001e-5,true,9.542892695518547e-7,mgh28_crop5,10,5,0.008259668443910897,0.0002076795895320516,0.000207679589451928
LM-QRChol,true,false,5.114830858546521e-16,2,4.975e-5,true,3.6394276811607115e-8,mgh29_crop5,10,5,0.1436459090395414,0.012741506715056167,0.012741506715055655
LM-QR,true,false,5.114830858546521e-16,2,4.8833000000000005e-5,true,3.6394276811607115e-8,mgh29_crop5,10,5,0.1436459090395414,0.012741506715056167,0.012741506715055655
LM-QRChol-scaled,true,false,5.114830858546521e-16,2,5.0292000000000006e-5,true,3.6394276811607115e-8,mgh29_crop5,10,5,0.1436459090395414,0.012741506715056167,0.012741506715055655
LM-QR-scaled,true,false,5.114830858546521e-16,2,4.9375e-5,true,3.6394276811607115e-8,mgh29_crop5,10,5,0.1436459090395414,0.012741506715056167,0.012741506715055655
LM-LQ,true,false,5.114830858179868e-16,2,4.4167000000000006e-5,true,3.6394276810367065e-8,mgh29_crop5,10,5,0.1436459090395414,0.012741506715056167,0.012741506715055655
LM-LQChol,true,false,5.114830858179868e-16,2,4.4458e-5,true,3.6394276810367065e-8,mgh29_crop5,10,5,0.1436459090395414,0.012741506715056167,0.012741506715055655
LM-LQ-scaled,true,false,5.114830858179868e-16,2,4.4958000000000006e-5,true,3.6394276810367065e-8,mgh29_crop5,10,5,0.1436459090395414,0.012741506715056167,0.012741506715055655
LM-LQChol-scaled,true,false,5.114830858179868e-16,2,4.5083e-5,true,3.6394276810367065e-8,mgh29_crop5,10,5,0.1436459090395414,0.012741506715056167,0.012741506715055655
LM-QRChol,true,false,9.723079282180712e-12,3,2.25e-5,true,2.284313373470722e-5,mgh30_crop5,10,5,0.6140325572587971,8.0,7.999999999990277
LM-QR,true,false,9.723079282180712e-12,3,2.0917e-5,true,2.284313373470722e-5,mgh30_crop5,10,5,0.6140325572587971,8.0,7.999999999990277
LM-QRChol-scaled,true,false,9.723079282180712e-12,3,2.3250000000000003e-5,true,2.284313373470722e-5,mgh30_crop5,10,5,0.6140325572587971,8.0,7.999999999990277
LM-QR-scaled,true,false,9.723079282180712e-12,3,2.1667e-5,true,2.284313373470722e-5,mgh30_crop5,10,5,0.6140325572587971,8.0,7.999999999990277
LM-LQ,true,false,9.723079282180712e-12,3,1.7375000000000002e-5,true,2.284313373470722e-5,mgh30_crop5,10,5,0.6140325572587971,8.0,7.999999999990277
LM-LQChol,true,false,9.723079282180712e-12,3,1.7209e-5,true,2.284313373470722e-5,mgh30_crop5,10,5,0.6140325572587971,8.0,7.999999999990277
LM-LQ-scaled,true,false,9.723079282180712e-12,3,1.7875e-5,true,2.284313373470722e-5,mgh30_crop5,10,5,0.6140325572587971,8.0,7.999999999990277
LM-LQChol-scaled,true,false,9.723079282180712e-12,3,1.7958e-5,true,2.284313373470722e-5,mgh30_crop5,10,5,0.6140325572587971,8.0,7.999999999990277
LM-QRChol,true,false,3.1381254571305275e-17,5,5.4250000000000004e-5,true,3.850237701719711e-8,mgh31_crop5,10,5,1.1656908110455124,90.0,90.0
LM-QR,true,false,3.1381254571305275e-17,5,5.1583000000000004e-5,true,3.850237701719711e-8,mgh31_crop5,10,5,1.1656908110455124,90.0,90.0
LM-QRChol-scaled,true,false,3.1381254571305275e-17,5,5.5167e-5,true,3.850237701719711e-8,mgh31_crop5,10,5,1.1656908110455124,90.0,90.0
LM-QR-scaled,true,false,3.1381254571305275e-17,5,5.2583e-5,true,3.850237701719711e-8,mgh31_crop5,10,5,1.1656908110455124,90.0,90.0
LM-LQ,true,false,3.138125568035709e-17,5,4.1083e-5,true,3.850237798791911e-8,mgh31_crop5,10,5,1.1656908110455124,90.0,90.0
LM-LQChol,true,false,3.138125568035709e-17,5,4.1042000000000004e-5,true,3.850237798791911e-8,mgh31_crop5,10,5,1.1656908110455124,90.0,90.0
LM-LQ-scaled,true,false,3.138125568035709e-17,5,4.2417000000000004e-5,true,3.850237798791911e-8,mgh31_crop5,10,5,1.1656908110455124,90.0,90.0
LM-LQChol-scaled,true,false,3.138125568035709e-17,5,4.2083000000000003e-5,true,3.850237798791911e-8,mgh31_crop5,10,5,1.1656908110455124,90.0,90.0
LM-QRChol,true,true,1.5407439555097887e-31,2,1.8792000000000002e-5,true,4.670860135994076e-16,mgh32_crop5,10,5,6.654751256486924,5.5,5.5
LM-QR,true,true,7.395570986446986e-32,2,4.3709000000000005e-5,true,3.781283367737842e-16,mgh32_crop5,10,5,6.654751256486923,5.5,5.5
LM-QRChol-scaled,true,true,3.4512664603419266e-31,2,1.9375e-5,true,6.586907452451086e-16,mgh32_crop5,10,5,6.654751256486923,5.5,5.5
LM-QR-scaled,true,true,4.930380657631324e-32,2,4.4166000000000004e-5,true,2.432376777795247e-16,mgh32_crop5,10,5,6.654751256486923,5.5,5.5
LM-LQ,true,true,9.121204216617949e-31,2,2.7917e-5,true,1.160169780477561e-15,mgh32_crop5,10,5,6.6547512564869225,5.5,5.5
LM-LQChol,true,true,5.17689969051289e-31,2,1.7959000000000002e-5,true,7.723833630868742e-16,mgh32_crop5,10,5,6.6547512564869225,5.5,5.5
LM-LQ-scaled,true,true,1.232595164407831e-31,2,2.9250000000000003e-5,true,4.0336405603602525e-16,mgh32_crop5,10,5,6.6547512564869225,5.5,5.5
LM-LQChol-scaled,true,true,7.395570986446986e-32,2,1.8459e-5,true,2.531698018113678e-16,mgh32_crop5,10,5,6.654751256486923,5.5,5.5
LM-QRChol,true,true,0.7257217847768916,1,7.479000000000001e-6,true,3.220568556408326e-10,mgh33_crop5,10,5,2.799581645563798,1.1496675e6,1.1496667742782151e6
LM-QR,true,true,0.7257217847768916,1,6.9375e-6,true,3.220568556408326e-10,mgh33_crop5,10,5,2.799581645563798,1.1496675e6,1.1496667742782151e6
LM-QRChol-scaled,false,false,Inf,0,Inf,false,Inf,mgh33_crop5,10,5,NaN,1.1496675e6,-Inf
LM-QR-scaled,true,true,0.7257217847769195,1,8.3167e-5,true,5.406063034305045e-11,mgh33_crop5,10,5,16.852944978268265,1.1496675e6,1.1496667742782151e6
LM-LQ,true,true,0.7257217847769045,1,6.750000000000001e-6,true,4.053953816571816e-10,mgh33_crop5,10,5,2.799581645563795,1.1496675e6,1.1496667742782151e6
LM-LQChol,true,true,0.7257217847769045,1,6.8125e-6,true,4.053953816571816e-10,mgh33_crop5,10,5,2.799581645563795,1.1496675e6,1.1496667742782151e6
LM-LQ-scaled,true,true,0.7257217847768894,2,4.6459000000000004e-5,true,2.058075958699952e-11,mgh33_crop5,10,5,6.947427589394006,1.1496675e6,1.1496667742782151e6
LM-LQChol-scaled,true,true,0.7257217847769061,2,1.9458000000000002e-5,true,1.1010808301098044e-11,mgh33_crop5,10,5,6.83843633883537,1.1496675e6,1.1496667742782151e6
LM-QRChol,true,true,1.2019867549668828,1,5.854e-6,true,4.4602292130783567e-11,mgh34_crop5,10,5,2.6054180112004133,291106.5,291105.29801324505
LM-QR,true,true,1.2019867549668828,1,5.521e-6,true,4.4602292130783567e-11,mgh34_crop5,10,5,2.6054180112004133,291106.5,291105.29801324505
LM-QRChol-scaled,false,false,Inf,0,Inf,false,Inf,mgh34_crop5,10,5,NaN,291106.5,-Inf
LM-QR-scaled,true,true,1.2019867549667835,1,8.075000000000001e-5,true,1.1495307862573589e-10,mgh34_crop5,10,5,38.01461443520637,291106.5,291105.29801324505
LM-LQ,true,true,1.2019867549668808,1,5.291666666666666e-6,true,7.960998784324367e-12,mgh34_crop5,10,5,2.6054180112004133,291106.5,291105.29801324505
LM-LQChol,true,true,1.2019867549668808,1,5.361000000000001e-6,true,7.960998784324367e-12,mgh34_crop5,10,5,2.6054180112004133,291106.5,291105.29801324505
LM-LQ-scaled,true,true,1.201986754966887,2,4.3209000000000006e-5,true,6.408137314465057e-12,mgh34_crop5,10,5,4.119426301875573,291106.5,291105.29801324505
LM-LQChol-scaled,false,false,Inf,0,Inf,false,Inf,mgh34_crop5,10,5,NaN,291106.5,-Inf
LM-QRChol,true,true,0.0,2,6.292e-6,true,0.0,nls_rosenbrock_crop1,2,1,2.2,2.4200000000000004,2.4200000000000004
LM-QR,true,true,0.0,2,7.562500000000001e-6,true,0.0,nls_rosenbrock_crop1,2,1,2.2,2.4200000000000004,2.4200000000000004
LM-QRChol-scaled,true,true,0.0,2,6.396e-6,true,0.0,nls_rosenbrock_crop1,2,1,2.2,2.4200000000000004,2.4200000000000004
LM-QR-scaled,true,true,0.0,2,8.000000000000001e-6,true,0.0,nls_rosenbrock_crop1,2,1,2.2,2.4200000000000004,2.4200000000000004
LM-LQ,true,true,0.0,2,5.2e-6,true,0.0,nls_rosenbrock_crop1,2,1,2.2,2.4200000000000004,2.4200000000000004
LM-LQChol,true,true,0.0,2,5.2500000000000006e-6,true,0.0,nls_rosenbrock_crop1,2,1,2.2,2.4200000000000004,2.4200000000000004
LM-LQ-scaled,true,true,0.0,2,5.1750000000000004e-6,true,0.0,nls_rosenbrock_crop1,2,1,2.2,2.4200000000000004,2.4200000000000004
LM-LQChol-scaled,true,true,0.0,2,5.3855e-6,true,0.0,nls_rosenbrock_crop1,2,1,2.2,2.4200000000000004,2.4200000000000004
LM-QRChol,true,true,0.0,1,2.4916e-6,true,0.0,tp201_crop1,2,1,3.0,18.0,18.0
LM-QR,true,true,0.0,1,2.261857142857143e-6,true,0.0,tp201_crop1,2,1,3.0,18.0,18.0
LM-QRChol-scaled,true,true,0.0,1,2.5625e-6,true,0.0,tp201_crop1,2,1,3.0,18.0,18.0
LM-QR-scaled,true,true,0.0,1,2.279714285714286e-6,true,0.0,tp201_crop1,2,1,3.0,18.0,18.0
LM-LQ,true,true,0.0,1,1.791666666666667e-6,true,0.0,tp201_crop1,2,1,3.0,18.0,18.0
LM-LQChol,true,true,0.0,1,1.7857142857142859e-6,true,0.0,tp201_crop1,2,1,3.0,18.0,18.0
LM-LQ-scaled,true,true,0.0,1,1.8958333333333333e-6,true,0.0,tp201_crop1,2,1,3.0,18.0,18.0
LM-LQChol-scaled,true,true,0.0,1,1.897727272727273e-6,true,0.0,tp201_crop1,2,1,3.0,18.0,18.0
LM-QRChol,true,false,1.6471501371762765e-12,8,2.2375000000000002e-5,true,1.8849143380418448e-6,tp202_crop1,2,1,2.8257675254414023,578.0,577.9999999999984
LM-QR,true,false,1.6471501372959218e-12,8,2.2958000000000003e-5,true,1.8849143381103032e-6,tp202_crop1,2,1,2.8257675254414023,578.0,577.9999999999984
LM-QRChol-scaled,true,false,2.5669063984370357e-11,6,1.7042e-5,true,8.533435986219091e-6,tp202_crop1,2,1,2.9226066403469573,578.0,577.9999999999743
LM-QR-scaled,true,false,2.5669063984370357e-11,6,1.6000000000000003e-5,true,8.533435986219091e-6,tp202_crop1,2,1,2.9226066403469573,578.0,577.9999999999743
LM-LQ,true,false,1.6471501376879174e-12,8,1.7e-5,true,1.8849143383345965e-6,tp202_crop1,2,1,2.8257675254414014,578.0,577.9999999999984
LM-LQChol,true,false,1.6471501376879174e-12,8,1.6916000000000002e-5,true,1.8849143383345965e-6,tp202_crop1,2,1,2.8257675254414014,578.0,577.9999999999984
LM-LQ-scaled,true,false,2.566906398267996e-11,6,1.2708000000000001e-5,true,8.5334359859381e-6,tp202_crop1,2,1,2.9226066403469573,578.0,577.9999999999743
LM-LQChol-scaled,true,false,2.566906398267996e-11,6,1.2792e-5,true,8.5334359859381e-6,tp202_crop1,2,1,2.9226066403469573,578.0,577.9999999999743
LM-QRChol,true,false,8.3452405768507e-16,2,6.5625e-6,true,8.669552417974427e-8,tp203_crop1,2,1,0.04677395698159296,0.005000000000000009,0.004999999999999174
LM-QR,true,false,8.3452405768507e-16,2,6.146e-6,true,8.669552417974427e-8,tp203_crop1,2,1,0.04677395698159296,0.005000000000000009,0.004999999999999174
LM-QRChol-scaled,true,false,8.3452405768507e-16,2,6.708000000000001e-6,true,8.669552417974427e-8,tp203_crop1,2,1,0.04677395698159296,0.005000000000000009,0.004999999999999174
LM-QR-scaled,true,false,8.3452405768507e-16,2,6.354500000000001e-6,true,8.669552417974427e-8,tp203_crop1,2,1,0.04677395698159296,0.005000000000000009,0.004999999999999174
LM-LQ,true,false,8.3452405768507e-16,2,5.33325e-6,true,8.669552417974427e-8,tp203_crop1,2,1,0.04677395698159296,0.005000000000000009,0.004999999999999174
LM-LQChol,true,false,8.3452405768507e-16,2,5.291666666666666e-6,true,8.669552417974427e-8,tp203_crop1,2,1,0.04677395698159296,0.005000000000000009,0.004999999999999174
LM-LQ-scaled,true,false,8.3452405768507e-16,2,5.305333333333334e-6,true,8.669552417974427e-8,tp203_crop1,2,1,0.04677395698159296,0.005000000000000009,0.004999999999999174
LM-LQChol-scaled,true,false,8.3452405768507e-16,2,5.291666666666666e-6,true,8.669552417974427e-8,tp203_crop1,2,1,0.04677395698159296,0.005000000000000009,0.004999999999999174
LM-QRChol,true,false,1.6895122427956265e-5,56,0.00020475000000000002,true,1.709936140965421e-7,tp204_crop1,2,1,0.46004073684367425,0.040019357532776814,0.040002462410348855
LM-QR,true,false,1.6895122427956265e-5,56,0.000266417,true,1.709936141081418e-7,tp204_crop1,2,1,0.4600407368436742,0.040019357532776814,0.040002462410348855
LM-QRChol-scaled,true,false,1.689512248723117e-5,59,0.000217958,true,1.6325984252445848e-7,tp204_crop1,2,1,0.46003973918811986,0.040019357532776814,0.04000246241028958
LM-QR-scaled,true,false,1.689512248723117e-5,59,0.00028545800000000004,true,1.6325984252445848e-7,tp204_crop1,2,1,0.46003973918811986,0.040019357532776814,0.04000246241028958
LM-LQ,true,false,1.6895122427956424e-5,56,0.00017087500000000002,true,1.7099361409511492e-7,tp204_crop1,2,1,0.46004073684367436,0.040019357532776814,0.040002462410348855
LM-LQChol,true,false,1.6895122427956102e-5,56,0.00017216600000000002,true,1.7099361317888296e-7,tp204_crop1,2,1,0.46004073684366575,0.040019357532776814,0.040002462410348855
LM-LQ-scaled,true,false,1.6895122487231976e-5,59,0.00018087500000000002,true,1.6325984298771038e-7,tp204_crop1,2,1,0.46003973918812435,0.040019357532776814,0.04000246241028958
LM-LQChol-scaled,true,false,1.6895122487230848e-5,59,0.00018508400000000002,true,1.6325984264473515e-7,tp204_crop1,2,1,0.46003973918812113,0.040019357532776814,0.04000246241028958
LM-QRChol,true,false,2.117511303167434e-15,4,1.2333e-5,true,1.1271676170920709e-7,tp205_crop1,2,1,1.2451948980925578,1.125,1.1249999999999978
LM-QR,true,false,2.117511288717426e-15,4,1.3167000000000001e-5,true,1.1271676132461452e-7,tp205_crop1,2,1,1.2451948980925578,1.125,1.1249999999999978
LM-QRChol-scaled,true,false,2.117511303167434e-15,4,1.2458e-5,true,1.1271676170920709e-7,tp205_crop1,2,1,1.2451948980925578,1.125,1.1249999999999978
LM-QR-scaled,true,false,2.117511288717426e-15,4,1.3541000000000001e-5,true,1.1271676132461452e-7,tp205_crop1,2,1,1.2451948980925578,1.125,1.1249999999999978
LM-LQ,true,false,2.117511303167434e-15,4,9.625e-6,true,1.1271676170920709e-7,tp205_crop1,2,1,1.2451948980925578,1.125,1.1249999999999978
LM-LQChol,true,false,2.117511303167434e-15,4,9.604e-6,true,1.1271676170920709e-7,tp205_crop1,2,1,1.2451948980925578,1.125,1.1249999999999978
LM-LQ-scaled,true,false,2.117511303167434e-15,4,1.0042000000000001e-5,true,1.1271676170920709e-7,tp205_crop1,2,1,1.2451948980925578,1.125,1.1249999999999978
LM-LQChol-scaled,true,false,2.117511303167434e-15,4,1.0083e-5,true,1.1271676170920709e-7,tp205_crop1,2,1,1.2451948980925578,1.125,1.1249999999999978
LM-QRChol,true,true,0.0,2,6.437500000000001e-6,true,0.0,tp206_crop1,2,1,2.2,242.0,242.0
LM-QR,true,true,0.0,2,7.6665e-6,true,0.0,tp206_crop1,2,1,2.2,242.0,242.0
LM-QRChol-scaled,true,true,0.0,2,6.479e-6,true,0.0,tp206_crop1,2,1,2.2,242.0,242.0
LM-QR-scaled,true,true,0.0,2,7.8335e-6,true,0.0,tp206_crop1,2,1,2.2,242.0,242.0
LM-LQ,true,true,0.0,2,5.139e-6,true,0.0,tp206_crop1,2,1,2.2,242.0,242.0
LM-LQChol,true,true,0.0,2,5.1803333333333344e-6,true,0.0,tp206_crop1,2,1,2.2,242.0,242.0
LM-LQ-scaled,true,true,0.0,2,5.319333333333334e-6,true,0.0,tp206_crop1,2,1,2.2,242.0,242.0
LM-LQChol-scaled,true,true,0.0,2,5.402666666666667e-6,true,0.0,tp206_crop1,2,1,2.2,242.0,242.0
LM-QRChol,true,true,0.0,2,6.437500000000001e-6,true,0.0,tp207_crop1,2,1,2.2,2.4200000000000004,2.4200000000000004
LM-QR,true,true,0.0,2,7.875e-6,true,0.0,tp207_crop1,2,1,2.2,2.4200000000000004,2.4200000000000004
LM-QRChol-scaled,true,true,0.0,2,6.510500000000001e-6,true,0.0,tp207_crop1,2,1,2.2,2.4200000000000004,2.4200000000000004
LM-QR-scaled,true,true,0.0,2,7.8335e-6,true,0.0,tp207_crop1,2,1,2.2,2.4200000000000004,2.4200000000000004
LM-LQ,true,true,0.0,2,5.09375e-6,true,0.0,tp207_crop1,2,1,2.2,2.4200000000000004,2.4200000000000004
LM-LQChol,true,true,0.0,2,5.125e-6,true,0.0,tp207_crop1,2,1,2.2,2.4200000000000004,2.4200000000000004
LM-LQ-scaled,true,true,0.0,2,5.208333333333333e-6,true,0.0,tp207_crop1,2,1,2.2,2.4200000000000004,2.4200000000000004
LM-LQChol-scaled,true,true,0.0,2,5.2812500000000005e-6,true,0.0,tp207_crop1,2,1,2.2,2.4200000000000004,2.4200000000000004
LM-QRChol,true,true,0.0,2,6.3540000000000005e-6,true,0.0,tp208_crop1,2,1,2.2,2.4200000000000004,2.4200000000000004
LM-QR,true,true,0.0,2,7.6665e-6,true,0.0,tp208_crop1,2,1,2.2,2.4200000000000004,2.4200000000000004
LM-QRChol-scaled,true,true,0.0,2,6.5000000000000004e-6,true,0.0,tp208_crop1,2,1,2.2,2.4200000000000004,2.4200000000000004
LM-QR-scaled,true,true,0.0,2,7.834e-6,true,0.0,tp208_crop1,2,1,2.2,2.4200000000000004,2.4200000000000004
LM-LQ,true,true,0.0,2,5.15625e-6,true,0.0,tp208_crop1,2,1,2.2,2.4200000000000004,2.4200000000000004
LM-LQChol,true,true,0.0,2,5.229e-6,true,0.0,tp208_crop1,2,1,2.2,2.4200000000000004,2.4200000000000004
LM-LQ-scaled,true,true,0.0,2,5.3125e-6,true,0.0,tp208_crop1,2,1,2.2,2.4200000000000004,2.4200000000000004
LM-LQChol-scaled,true,true,0.0,2,5.430666666666668e-6,true,0.0,tp208_crop1,2,1,2.2,2.4200000000000004,2.4200000000000004
LM-QRChol,true,true,0.0,2,6.437500000000001e-6,true,0.0,tp209_crop1,2,1,2.2,2.4200000000000004,2.4200000000000004
LM-QR,true,true,0.0,2,7.708e-6,true,0.0,tp209_crop1,2,1,2.2,2.4200000000000004,2.4200000000000004
LM-QRChol-scaled,true,true,0.0,2,6.5625e-6,true,0.0,tp209_crop1,2,1,2.2,2.4200000000000004,2.4200000000000004
LM-QR-scaled,true,true,0.0,2,7.729e-6,true,0.0,tp209_crop1,2,1,2.2,2.4200000000000004,2.4200000000000004
LM-LQ,true,true,0.0,2,5.187500000000001e-6,true,0.0,tp209_crop1,2,1,2.2,2.4200000000000004,2.4200000000000004
LM-LQChol,true,true,0.0,2,5.3230000000000005e-6,true,0.0,tp209_crop1,2,1,2.2,2.4200000000000004,2.4200000000000004
LM-LQ-scaled,true,true,0.0,2,5.198e-6,true,0.0,tp209_crop1,2,1,2.2,2.4200000000000004,2.4200000000000004
LM-LQChol-scaled,true,true,0.0,2,5.2636666666666675e-6,true,0.0,tp209_crop1,2,1,2.2,2.4200000000000004,2.4200000000000004
LM-QRChol,true,true,0.0,2,6.437500000000001e-6,true,0.0,tp210_crop1,2,1,2.2,2.4200000000000004,2.4200000000000004
LM-QR,true,true,0.0,2,7.6665e-6,true,0.0,tp210_crop1,2,1,2.2,2.4200000000000004,2.4200000000000004
LM-QRChol-scaled,true,true,0.0,2,6.541500000000001e-6,true,0.0,tp210_crop1,2,1,2.2,2.4200000000000004,2.4200000000000004
LM-QR-scaled,true,true,0.0,2,7.833333333333333e-6,true,0.0,tp210_crop1,2,1,2.2,2.4200000000000004,2.4200000000000004
LM-LQ,true,true,0.0,2,5.1145e-6,true,0.0,tp210_crop1,2,1,2.2,2.4200000000000004,2.4200000000000004
LM-LQChol,true,true,0.0,2,5.218750000000001e-6,true,0.0,tp210_crop1,2,1,2.2,2.4200000000000004,2.4200000000000004
LM-LQ-scaled,true,true,0.0,2,5.2636666666666675e-6,true,0.0,tp210_crop1,2,1,2.2,2.4200000000000004,2.4200000000000004
LM-LQChol-scaled,true,true,0.0,2,5.375e-6,true,0.0,tp210_crop1,2,1,2.2,2.4200000000000004,2.4200000000000004
LM-QRChol,true,true,0.0,2,6.479e-6,true,0.0,tp211_crop1,2,1,2.2,2.4200000000000004,2.4200000000000004
LM-QR,true,true,0.0,2,7.646000000000001e-6,true,0.0,tp211_crop1,2,1,2.2,2.4200000000000004,2.4200000000000004
LM-QRChol-scaled,true,true,0.0,2,6.437500000000001e-6,true,0.0,tp211_crop1,2,1,2.2,2.4200000000000004,2.4200000000000004
LM-QR-scaled,true,true,0.0,2,7.708e-6,true,0.0,tp211_crop1,2,1,2.2,2.4200000000000004,2.4200000000000004
LM-LQ,true,true,0.0,2,5.0417500000000005e-6,true,0.0,tp211_crop1,2,1,2.2,2.4200000000000004,2.4200000000000004
LM-LQChol,true,true,0.0,2,5.125e-6,true,0.0,tp211_crop1,2,1,2.2,2.4200000000000004,2.4200000000000004
LM-LQ-scaled,true,true,0.0,2,5.139e-6,true,0.0,tp211_crop1,2,1,2.2,2.4200000000000004,2.4200000000000004
LM-LQChol-scaled,true,true,0.0,2,5.402666666666667e-6,true,0.0,tp211_crop1,2,1,2.2,2.4200000000000004,2.4200000000000004
LM-QRChol,true,true,2.465190328815662e-30,1,3.7707500000000003e-6,true,1.2560739669470201e-14,tp212_crop1,2,1,1.4142135623730947,32.0,32.0
LM-QR,true,true,2.465190328815662e-30,1,3.5312500000000003e-6,true,1.2560739669470201e-14,tp212_crop1,2,1,1.4142135623730947,32.0,32.0
LM-QRChol-scaled,true,true,2.465190328815662e-30,1,3.833200000000001e-6,true,1.2560739669470201e-14,tp212_crop1,2,1,1.4142135623730947,32.0,32.0
LM-QR-scaled,true,true,2.465190328815662e-30,1,3.5312500000000003e-6,true,1.2560739669470201e-14,tp212_crop1,2,1,1.4142135623730947,32.0,32.0
LM-LQ,true,true,2.465190328815662e-30,1,3.0555000000000002e-6,true,1.2560739669470201e-14,tp212_crop1,2,1,1.4142135623730947,32.0,32.0
LM-LQChol,true,true,2.465190328815662e-30,1,3.034666666666667e-6,true,1.2560739669470201e-14,tp212_crop1,2,1,1.4142135623730947,32.0,32.0
LM-LQ-scaled,true,true,2.465190328815662e-30,1,3.125e-6,true,1.2560739669470201e-14,tp212_crop1,2,1,1.4142135623730947,32.0,32.0
LM-LQChol-scaled,true,true,2.465190328815662e-30,1,3.15e-6,true,1.2560739669470201e-14,tp212_crop1,2,1,1.4142135623730947,32.0,32.0
LM-QRChol,true,false,6.507214547914943e-9,43,0.000112125,true,6.28177882999288e-7,tp213,2,1,1.899593926960195,1.874048e6,1.8740479999999935e6
LM-QR,true,false,6.507214589740522e-9,43,0.000138459,true,6.281778928976119e-7,tp213,2,1,1.8995939269004745,1.874048e6,1.8740479999999935e6
LM-QRChol-scaled,true,false,9.441705766058748e-9,48,0.00013175,true,7.03622008067408e-7,tp213,2,1,1.9007581069190451,1.874048e6,1.8740479999999905e6
LM-QR-scaled,true,false,9.441705766073457e-9,48,0.000173625,true,7.036220080636139e-7,tp213,2,1,1.9007581069189532,1.874048e6,1.8740479999999905e6
LM-LQ,true,false,6.507214622744582e-9,43,8.3541e-5,true,6.281779007082532e-7,tp213,2,1,1.8995939268533497,1.874048e6,1.8740479999999935e6
LM-LQChol,true,false,6.507214482036526e-9,43,8.466700000000001e-5,true,6.28177867408712e-7,tp213,2,1,1.8995939270542592,1.874048e6,1.8740479999999935e6
LM-LQ-scaled,true,false,9.441705766075088e-9,48,0.00010091700000000001,true,7.036220080634914e-7,tp213,2,1,1.9007581069189476,1.874048e6,1.8740479999999905e6
LM-LQChol-scaled,true,false,9.441705766058748e-9,48,0.000103417,true,7.03622008067408e-7,tp213,2,1,1.9007581069190451,1.874048e6,1.8740479999999905e6
LM-QRChol,true,true,1.8887302223254075e-27,1,3.125e-6,true,8.854207856203973e-14,tp240_crop2,3,2,100.03062031198243,10012.25,10012.25
LM-QR,true,true,1.8887302223254075e-27,1,2.8750000000000004e-6,true,8.854207856203973e-14,tp240_crop2,3,2,100.03062031198243,10012.25,10012.25
LM-QRChol-scaled,true,true,1.8887302223254075e-27,1,3.1770000000000002e-6,true,8.854207856203973e-14,tp240_crop2,3,2,100.03062031198243,10012.25,10012.25
LM-QR-scaled,true,true,1.8887302223254075e-27,1,2.9375000000000003e-6,true,8.854207856203973e-14,tp240_crop2,3,2,100.03062031198243,10012.25,10012.25
LM-LQ,true,true,8.866796574684173e-28,1,2.2201428571428577e-6,true,6.21471076717338e-14,tp240_crop2,3,2,100.0306203119825,10012.25,10012.25
LM-LQChol,true,true,8.866796574684173e-28,1,2.234375e-6,true,6.21471076717338e-14,tp240_crop2,3,2,100.0306203119825,10012.25,10012.25
LM-LQ-scaled,true,true,8.866796574684173e-28,1,2.33325e-6,true,6.21471076717338e-14,tp240_crop2,3,2,100.0306203119825,10012.25,10012.25
LM-LQChol-scaled,true,true,8.866796574684173e-28,1,2.3385e-6,true,6.21471076717338e-14,tp240_crop2,3,2,100.0306203119825,10012.25,10012.25
LM-QRChol,true,false,3.4836699162753466e-14,7,3.375e-5,true,1.2887114790182853e-5,tp241_crop2,3,2,1.5859617172021943,266.5,266.49999999999994
LM-QR,true,false,3.483670103828213e-14,7,5.8667000000000006e-5,true,1.2887115136982402e-5,tp241_crop2,3,2,1.5859617172022067,266.5,266.49999999999994
LM-QRChol-scaled,false,false,Inf,0,Inf,false,Inf,tp241_crop2,3,2,NaN,266.5,-Inf
LM-QR-scaled,true,false,2.8348658402296483e-9,12,0.00010800000000000001,true,0.004359110698813883,tp241_crop2,3,2,1.4041481753745368,266.5,266.49999999716516
LM-LQ,true,false,3.483670291381085e-14,7,3.7333e-5,true,1.288711548420951e-5,tp241_crop2,3,2,1.5859617172022058,266.5,266.49999999999994
LM-LQChol,true,false,3.483670478933962e-14,7,2.7209000000000003e-5,true,1.2887115830902233e-5,tp241_crop2,3,2,1.5859617172022062,266.5,266.49999999999994
LM-LQ-scaled,true,false,2.8348658396946262e-9,12,6.6958e-5,true,0.004359110698402669,tp241_crop2,3,2,1.4041481753745355,266.5,266.49999999716516
LM-LQChol-scaled,true,false,2.8348658402296483e-9,12,4.7000000000000004e-5,true,0.004359110698814016,tp241_crop2,3,2,1.4041481753745362,266.5,266.49999999716516
LM-QRChol,true,false,1.3848974067754298e-13,4,3.0042e-5,true,2.939303588877762e-7,tp245_crop2,3,2,18.96647812536978,71.28010260437006,71.28010260436992
LM-QR,true,false,1.3848974067754298e-13,4,2.9333000000000002e-5,true,2.939303588877762e-7,tp245_crop2,3,2,18.96647812536978,71.28010260437006,71.28010260436992
LM-QRChol-scaled,true,false,1.3848974067754298e-13,4,3.0375000000000003e-5,true,2.939303588877762e-7,tp245_crop2,3,2,18.96647812536978,71.28010260437006,71.28010260436992
LM-QR-scaled,true,false,1.3848974067754298e-13,4,2.9583e-5,true,2.939303588877762e-7,tp245_crop2,3,2,18.96647812536978,71.28010260437006,71.28010260436992
LM-LQ,true,false,1.3848974061651499e-13,4,2.6458000000000003e-5,true,2.939303587308658e-7,tp245_crop2,3,2,18.96647812536978,71.28010260437006,71.28010260436992
LM-LQChol,true,false,1.3848974061651499e-13,4,2.6458000000000003e-5,true,2.939303587308658e-7,tp245_crop2,3,2,18.96647812536978,71.28010260437006,71.28010260436992
LM-LQ-scaled,true,false,1.3848974061651499e-13,4,2.6625e-5,true,2.939303587308658e-7,tp245_crop2,3,2,18.96647812536978,71.28010260437006,71.28010260436992
LM-LQChol-scaled,true,false,1.3848974061651499e-13,4,2.6208e-5,true,2.939303587308658e-7,tp245_crop2,3,2,18.96647812536978,71.28010260437006,71.28010260436992
LM-QRChol,true,false,1.1831846617374438e-9,6,2.3333000000000002e-5,true,0.0008968099981460819,tp246_crop2,3,2,2.6332618443700704,3.700000000000001,3.6999999988168164
LM-QR,true,false,1.1831846617374438e-9,6,4.0292e-5,true,0.0008968099981462803,tp246_crop2,3,2,2.6332618443700713,3.700000000000001,3.6999999988168164
LM-QRChol-scaled,true,false,6.827580658659304e-9,3,1.1291e-5,true,0.0018319571682343108,tp246_crop2,3,2,2.653649925571354,3.700000000000001,3.6999999931724203
LM-QR-scaled,true,false,6.827580658789039e-9,3,1.4625000000000001e-5,true,0.0018319571682517204,tp246_crop2,3,2,2.653649925571352,3.700000000000001,3.6999999931724203
LM-LQ,true,false,1.183184661845458e-9,6,2.5375e-5,true,0.0008968099981870836,tp246_crop2,3,2,2.633261844370071,3.700000000000001,3.6999999988168164
LM-LQChol,true,false,1.183184661521415e-9,6,1.8792000000000002e-5,true,0.0008968099980642772,tp246_crop2,3,2,2.6332618443700713,3.700000000000001,3.6999999988168164
LM-LQ-scaled,true,false,6.827580658659304e-9,3,1.0479e-5,true,0.001831957168234315,tp246_crop2,3,2,2.653649925571352,3.700000000000001,3.6999999931724203
LM-LQChol-scaled,true,false,6.827580658659304e-9,3,8.8955e-6,true,0.001831957168234315,tp246_crop2,3,2,2.653649925571352,3.700000000000001,3.6999999931724203
LM-QRChol,true,false,1.1641532182693484e-9,9,2.6667e-5,true,1.6858739404357615e-6,tp256_crop2,4,2,1.6213266612487738,104.50000000000001,104.49999999883586
LM-QR,true,false,1.1641532182693484e-9,9,2.5458000000000003e-5,true,1.6858739404357615e-6,tp256_crop2,4,2,1.6213266612487738,104.50000000000001,104.49999999883586
LM-QRChol-scaled,true,false,1.1641532182693484e-9,9,2.775e-5,true,1.6858739404357615e-6,tp256_crop2,4,2,1.6213266612487738,104.50000000000001,104.49999999883586
LM-QR-scaled,true,false,1.1641532182693484e-9,9,2.5667e-5,true,1.6858739404357615e-6,tp256_crop2,4,2,1.6213266612487738,104.50000000000001,104.49999999883586
LM-LQ,true,false,1.1641532182693484e-9,9,2.0041e-5,true,1.6858739404357615e-6,tp256_crop2,4,2,1.6213266612487738,104.50000000000001,104.49999999883586
LM-LQChol,true,false,1.1641532182693484e-9,9,1.9584e-5,true,1.6858739404357615e-6,tp256_crop2,4,2,1.6213266612487738,104.50000000000001,104.49999999883586
LM-LQ-scaled,true,false,1.1641532182693484e-9,9,2.0667e-5,true,1.6858739404357615e-6,tp256_crop2,4,2,1.6213266612487738,104.50000000000001,104.49999999883586
LM-LQChol-scaled,true,false,1.1641532182693484e-9,9,2.0417e-5,true,1.6858739404357615e-6,tp256_crop2,4,2,1.6213266612487738,104.50000000000001,104.49999999883586
LM-QRChol,true,false,1.4209749058296959e-12,5,1.5875e-5,true,1.6610733229721366e-5,tp260_crop2,4,2,5.021712946444066,4508.000000000001,4507.999999999999
LM-QR,true,false,1.4209749058296959e-12,5,1.45e-5,true,1.6610733229721366e-5,tp260_crop2,4,2,5.021712946444066,4508.000000000001,4507.999999999999
LM-QRChol-scaled,true,false,1.4209749058296959e-12,5,1.6208e-5,true,1.6610733229721366e-5,tp260_crop2,4,2,5.021712946444066,4508.000000000001,4507.999999999999
LM-QR-scaled,true,false,1.4209749058296959e-12,5,1.4958000000000001e-5,true,1.6610733229721366e-5,tp260_crop2,4,2,5.021712946444066,4508.000000000001,4507.999999999999
LM-LQ,true,false,1.4209749058296959e-12,5,1.1833e-5,true,1.6610733229721366e-5,tp260_crop2,4,2,5.021712946444066,4508.000000000001,4507.999999999999
LM-LQChol,true,false,1.4209749058296959e-12,5,1.1458000000000001e-5,true,1.6610733229721366e-5,tp260_crop2,4,2,5.021712946444066,4508.000000000001,4507.999999999999
LM-LQ-scaled,true,false,1.4209749058296959e-12,5,1.2e-5,true,1.6610733229721366e-5,tp260_crop2,4,2,5.021712946444066,4508.000000000001,4507.999999999999
LM-LQChol-scaled,true,false,1.4209749058296959e-12,5,1.2083000000000001e-5,true,1.6610733229721366e-5,tp260_crop2,4,2,5.021712946444066,4508.000000000001,4507.999999999999
LM-QRChol,true,true,0.0,1,4.583333333333333e-6,true,0.0,tp261_crop2,4,2,1.0,0.5,0.5
LM-QR,true,true,0.0,1,4.23975e-6,true,0.0,tp261_crop2,4,2,1.0,0.5,0.5
LM-QRChol-scaled,true,true,0.0,1,4.652666666666667e-6,true,0.0,tp261_crop2,4,2,1.0,0.5,0.5
LM-QR-scaled,true,true,0.0,1,4.389000000000001e-6,true,0.0,tp261_crop2,4,2,1.0,0.5,0.5
LM-LQ,true,true,0.0,1,4.5e-6,true,0.0,tp261_crop2,4,2,1.0,0.5,0.5
LM-LQChol,true,true,0.0,1,4.6168e-6,true,0.0,tp261_crop2,4,2,1.0,0.5,0.5
LM-LQ-scaled,true,true,0.0,1,4.569333333333334e-6,true,0.0,tp261_crop2,4,2,1.0,0.5,0.5
LM-LQChol-scaled,true,true,0.0,1,4.611333333333334e-6,true,0.0,tp261_crop2,4,2,1.0,0.5,0.5
LM-QRChol,true,false,9.426922065290928e-9,4,7.8292e-5,true,0.00017011249355979702,tp266_crop3,5,3,0.725991017088877,0.26381208359524566,0.2638120741683236
LM-QR,true,false,9.426922065288412e-9,4,9.929100000000001e-5,true,0.00017011249355995426,tp266_crop3,5,3,0.7259910170888771,0.26381208359524566,0.2638120741683236
LM-QRChol-scaled,true,false,5.005732761172289e-15,5,9.304200000000001e-5,true,1.2388469692047985e-7,tp266_crop3,5,3,0.7259317433507629,0.26381208359524566,0.26381208359524067
LM-QR-scaled,true,false,5.005732774384894e-15,5,0.00011654100000000001,true,1.238846969617357e-7,tp266_crop3,5,3,0.7259317433507627,0.26381208359524566,0.26381208359524067
LM-LQ,true,false,9.426922065297706e-9,4,9.4417e-5,true,0.00017011249355999283,tp266_crop3,5,3,0.725991017088877,0.26381208359524566,0.2638120741683236
LM-LQChol,true,false,9.426922065292731e-9,4,8.491600000000001e-5,true,0.00017011249355977924,tp266_crop3,5,3,0.7259910170888769,0.26381208359524566,0.2638120741683236
LM-LQ-scaled,true,false,5.005732762204718e-15,5,0.00015716700000000002,true,1.2388469699987105e-7,tp266_crop3,5,3,0.7259317433507629,0.26381208359524566,0.26381208359524067
LM-LQChol-scaled,true,false,5.005732762204718e-15,5,0.000142917,true,1.2388469699987105e-7,tp266_crop3,5,3,0.7259317433507629,0.26381208359524566,0.26381208359524067
LM-QRChol,true,false,1.8379944125771432e-13,4,4.2250000000000004e-5,true,7.160381045855844e-7,tp267_crop3,5,3,2.1111355699001386,0.9571186881298333,0.9571186881296494
LM-QR,true,false,1.8379944125771432e-13,4,3.5292e-5,true,7.160381045855844e-7,tp267_crop3,5,3,2.1111355699001386,0.9571186881298333,0.9571186881296494
LM-QRChol-scaled,true,false,1.8379944125771432e-13,4,3.6833000000000005e-5,true,7.160381045855844e-7,tp267_crop3,5,3,2.1111355699001386,0.9571186881298333,0.9571186881296494
LM-QR-scaled,true,false,1.8379944125771432e-13,4,3.5875000000000005e-5,true,7.160381045855844e-7,tp267_crop3,5,3,2.1111355699001386,0.9571186881298333,0.9571186881296494
LM-LQ,true,false,1.8379944116636587e-13,4,3.275e-5,true,7.160381043469432e-7,tp267_crop3,5,3,2.111135569900139,0.9571186881298333,0.9571186881296494
LM-LQChol,true,false,1.8379944116636587e-13,4,3.2500000000000004e-5,true,7.160381043469432e-7,tp267_crop3,5,3,2.111135569900139,0.9571186881298333,0.9571186881296494
LM-LQ-scaled,true,false,1.8379944116636587e-13,4,3.2792e-5,true,7.160381043469432e-7,tp267_crop3,5,3,2.111135569900139,0.9571186881298333,0.9571186881296494
LM-LQChol-scaled,true,false,1.8379944116636587e-13,4,3.2791000000000005e-5,true,7.160381043469432e-7,tp267_crop3,5,3,2.111135569900139,0.9571186881298333,0.9571186881296494
LM-QRChol,true,true,0.0,2,7.5e-6,true,0.0,tp271_crop3,6,3,1.7320508075688772,185.0,185.0
LM-QR,true,true,0.0,2,1.7208000000000002e-5,true,0.0,tp271_crop3,6,3,1.7320508075688772,185.0,185.0
LM-QRChol-scaled,true,true,0.0,5,1.7916000000000003e-5,true,0.0,tp271_crop3,6,3,1.7320508075688772,185.0,185.0
LM-QR-scaled,true,true,0.0,5,4.4750000000000004e-5,true,0.0,tp271_crop3,6,3,1.7320508075688772,185.0,185.0
LM-LQ,true,true,0.0,2,9.0415e-6,true,0.0,tp271_crop3,6,3,1.7320508075688772,185.0,185.0
LM-LQChol,true,true,0.0,2,5.958500000000001e-6,true,0.0,tp271_crop3,6,3,1.7320508075688772,185.0,185.0
LM-LQ-scaled,true,true,0.0,5,2.3500000000000002e-5,true,0.0,tp271_crop3,6,3,1.7320508075688772,185.0,185.0
LM-LQChol-scaled,true,true,0.0,5,1.3959000000000001e-5,true,0.0,tp271_crop3,6,3,1.7320508075688772,185.0,185.0
LM-QRChol,true,false,1.0925054092760413e-11,3,3.325e-5,true,6.470521536891387e-6,tp272_crop3,6,3,1.7723510362583674,0.02276290524256954,0.022762905231644488
LM-QR,true,false,1.0925054092760413e-11,3,3.2292e-5,true,6.470521536891387e-6,tp272_crop3,6,3,1.7723510362583674,0.02276290524256954,0.022762905231644488
LM-QRChol-scaled,true,false,1.0925054092760413e-11,3,3.3875000000000003e-5,true,6.470521536891387e-6,tp272_crop3,6,3,1.7723510362583674,0.02276290524256954,0.022762905231644488
LM-QR-scaled,true,false,1.0925054092760413e-11,3,3.2958000000000005e-5,true,6.470521536891387e-6,tp272_crop3,6,3,1.7723510362583674,0.02276290524256954,0.022762905231644488
LM-LQ,true,false,1.0925054093337916e-11,3,2.8958000000000003e-5,true,6.4705215371589625e-6,tp272_crop3,6,3,1.7723510362583645,0.02276290524256954,0.022762905231644488
LM-LQChol,true,false,1.0925054093337916e-11,3,2.9291e-5,true,6.4705215371589625e-6,tp272_crop3,6,3,1.7723510362583645,0.02276290524256954,0.022762905231644488
LM-LQ-scaled,true,false,1.0925054093337916e-11,3,2.9459e-5,true,6.4705215371589625e-6,tp272_crop3,6,3,1.7723510362583645,0.02276290524256954,0.022762905231644488
LM-LQChol-scaled,true,false,1.0925054093337916e-11,3,2.9375000000000003e-5,true,6.4705215371589625e-6,tp272_crop3,6,3,1.7723510362583645,0.02276290524256954,0.022762905231644488
LM-QRChol,true,false,7.848233735057193e-9,11,4.5375000000000005e-5,true,1.5898541855467043e-5,tp273_crop3,6,3,2.4483930699286427,28260.0,28259.999999992153
LM-QR,true,false,7.848233735057193e-9,11,5.975e-5,true,1.5898541855467043e-5,tp273_crop3,6,3,2.4483930699286427,28260.0,28259.999999992153
LM-QRChol-scaled,true,false,1.2170747456435942e-9,17,8.108300000000001e-5,true,3.953704889113131e-6,tp273_crop3,6,3,2.4487401555166675,28260.0,28259.99999999878
LM-QR-scaled,true,false,1.2170747456435942e-9,17,0.00013350000000000002,true,3.953704889113131e-6,tp273_crop3,6,3,2.4487401555166675,28260.0,28259.99999999878
LM-LQ,true,false,7.848233735057193e-9,11,3.9667000000000005e-5,true,1.5898541855467043e-5,tp273_crop3,6,3,2.4483930699286427,28260.0,28259.999999992153
LM-LQChol,true,false,7.848233735057193e-9,11,3.3417e-5,true,1.5898541855467043e-5,tp273_crop3,6,3,2.4483930699286427,28260.0,28259.999999992153
LM-LQ-scaled,true,false,1.2170747456435942e-9,17,7.9542e-5,true,3.953704889113131e-6,tp273_crop3,6,3,2.4487401555166675,28260.0,28259.99999999878
LM-LQChol-scaled,true,false,1.2170747456435942e-9,17,5.9125e-5,true,3.953704889113131e-6,tp273_crop3,6,3,2.4487401555166675,28260.0,28259.99999999878
LM-QRChol,true,true,0.0,2,1.65e-5,true,0.0,tp282_crop5,10,5,2.2,2.4200000000000004,2.4200000000000004
LM-QR,true,true,7.000892187593782e-62,2,2.8583e-5,true,2.366582715663035e-30,tp282_crop5,10,5,2.2,2.4200000000000004,2.4200000000000004
LM-QRChol-scaled,true,true,0.0,2,1.6667e-5,true,0.0,tp282_crop5,10,5,2.2,2.4200000000000004,2.4200000000000004
LM-QR-scaled,true,true,7.000892187593782e-62,2,2.9333000000000002e-5,true,2.366582715663035e-30,tp282_crop5,10,5,2.2,2.4200000000000004,2.4200000000000004
LM-LQ,true,true,0.0,2,1.8167e-5,true,0.0,tp282_crop5,10,5,2.2,2.4200000000000004,2.4200000000000004
LM-LQChol,true,true,0.0,2,1.3166e-5,true,0.0,tp282_crop5,10,5,2.2,2.4200000000000004,2.4200000000000004
LM-LQ-scaled,true,true,0.0,2,1.8916e-5,true,0.0,tp282_crop5,10,5,2.2,2.4200000000000004,2.4200000000000004
LM-LQChol-scaled,true,true,0.0,2,1.3625e-5,true,0.0,tp282_crop5,10,5,2.2,2.4200000000000004,2.4200000000000004
LM-QRChol,true,false,3.9358425770254684e-16,3,3.6291e-5,true,6.446068735646665e-7,tp286_crop10,20,10,4.935751039463648,60.5,60.5
LM-QR,true,false,3.9358425770254684e-16,3,3.2875e-5,true,6.446068735646665e-7,tp286_crop10,20,10,4.935751039463648,60.5,60.5
LM-QRChol-scaled,true,false,3.9358425770254684e-16,3,3.7791000000000005e-5,true,6.446068735646665e-7,tp286_crop10,20,10,4.935751039463648,60.5,60.5
LM-QR-scaled,true,false,3.9358425770254684e-16,3,3.425e-5,true,6.446068735646665e-7,tp286_crop10,20,10,4.935751039463648,60.5,60.5
LM-LQ,true,false,3.935842855630605e-16,3,2.1959e-5,true,6.446068963794487e-7,tp286_crop10,20,10,4.935751039463648,60.5,60.5
LM-LQChol,true,false,3.935842855630605e-16,3,2.1917e-5,true,6.446068963794487e-7,tp286_crop10,20,10,4.935751039463648,60.5,60.5
LM-LQ-scaled,true,false,3.935842855630605e-16,3,2.3250000000000003e-5,true,6.446068963794487e-7,tp286_crop10,20,10,4.935751039463648,60.5,60.5
LM-LQChol-scaled,true,false,3.935842855630605e-16,3,2.3417000000000003e-5,true,6.446068963794487e-7,tp286_crop10,20,10,4.935751039463648,60.5,60.5
LM-QRChol,true,false,3.5070115700364117e-9,9,0.00010754200000000001,true,2.9203995060899555e-6,tp288_crop10,20,10,3.3981702876538034,319.5,319.499999996493
LM-QR,true,false,3.5070115700364117e-9,9,9.7e-5,true,2.9203995060899555e-6,tp288_crop10,20,10,3.3981702876538034,319.5,319.499999996493
LM-QRChol-scaled,true,false,3.5070115700364117e-9,9,0.000111583,true,2.9203995060899555e-6,tp288_crop10,20,10,3.3981702876538034,319.5,319.499999996493
LM-QR-scaled,true,false,3.5070115700364117e-9,9,0.00010137500000000001,true,2.9203995060899555e-6,tp288_crop10,20,10,3.3981702876538034,319.5,319.499999996493
LM-LQ,true,false,3.5070115700364117e-9,9,6.3125e-5,true,2.9203995060899555e-6,tp288_crop10,20,10,3.3981702876538034,319.5,319.499999996493
LM-LQChol,true,false,3.5070115700364117e-9,9,6.3458e-5,true,2.9203995060899555e-6,tp288_crop10,20,10,3.3981702876538034,319.5,319.499999996493
LM-LQ-scaled,true,false,3.5070115700364117e-9,9,6.887500000000001e-5,true,2.9203995060899555e-6,tp288_crop10,20,10,3.3981702876538034,319.5,319.499999996493
LM-LQChol-scaled,true,false,3.5070115700364117e-9,9,6.725000000000001e-5,true,2.9203995060899555e-6,tp288_crop10,20,10,3.3981702876538034,319.5,319.499999996493
LM-QRChol,true,false,1.8151341179504961e-9,8,1.8e-5,true,9.353712830111845e-7,tp290,2,1,1.4087355525631267,4.5,4.499999998184866
LM-QR,true,false,1.8151341179504961e-9,8,1.6541e-5,true,9.353712830111845e-7,tp290,2,1,1.4087355525631267,4.5,4.499999998184866
LM-QRChol-scaled,true,false,1.8151341179504961e-9,8,1.8459e-5,true,9.353712830111845e-7,tp290,2,1,1.4087355525631267,4.5,4.499999998184866
LM-QR-scaled,true,false,1.8151341179504961e-9,8,1.6917e-5,true,9.353712830111845e-7,tp290,2,1,1.4087355525631267,4.5,4.499999998184866
LM-LQ,true,false,1.815134117950501e-9,8,1.2875000000000001e-5,true,9.353712830111864e-7,tp290,2,1,1.4087355525631267,4.5,4.499999998184866
LM-LQChol,true,false,1.815134117950501e-9,8,1.2708000000000001e-5,true,9.353712830111864e-7,tp290,2,1,1.4087355525631267,4.5,4.499999998184866
LM-LQ-scaled,true,false,1.815134117950501e-9,8,1.3416000000000002e-5,true,9.353712830111864e-7,tp290,2,1,1.4087355525631267,4.5,4.499999998184866
LM-LQChol-scaled,true,false,1.815134117950501e-9,8,1.3375000000000002e-5,true,9.353712830111864e-7,tp290,2,1,1.4087355525631267,4.5,4.499999998184866
LM-QRChol,true,false,1.7399438853259513e-9,19,6.225000000000001e-5,true,1.7269365556329836e-6,tp291,10,1,3.1606572305523364,1512.5,1512.4999999982601
LM-QR,true,false,1.7399438853259513e-9,19,5.4042e-5,true,1.7269365556329836e-6,tp291,10,1,3.1606572305523364,1512.5,1512.4999999982601
LM-QRChol-scaled,true,false,1.7399438853259513e-9,19,6.5416e-5,true,1.7269365556329836e-6,tp291,10,1,3.1606572305523364,1512.5,1512.4999999982601
LM-QR-scaled,true,false,1.7399438853259513e-9,19,5.6542e-5,true,1.7269365556329836e-6,tp291,10,1,3.1606572305523364,1512.5,1512.4999999982601
LM-LQ,true,false,1.7399438853249343e-9,19,4.2666e-5,true,1.7269365556320038e-6,tp291,10,1,3.1606572305523364,1512.5,1512.4999999982601
LM-LQChol,true,false,1.7399438853249343e-9,19,4.25e-5,true,1.7269365556320038e-6,tp291,10,1,3.1606572305523364,1512.5,1512.4999999982601
LM-LQ-scaled,true,false,1.7399438853249343e-9,19,4.6167e-5,true,1.7269365556320038e-6,tp291,10,1,3.1606572305523364,1512.5,1512.4999999982601
LM-LQChol-scaled,true,false,1.7399438853249343e-9,19,4.4709e-5,true,1.7269365556320038e-6,tp291,10,1,3.1606572305523364,1512.5,1512.4999999982601
LM-QRChol,true,false,8.113082011571179e-9,70,0.0010325830000000001,true,4.4175800915486806e-6,tp292,30,1,5.475294214946433,108112.5,108112.49999999188
LM-QR,true,false,8.113082011571134e-9,70,0.0037070410000000003,true,4.417580091548684e-6,tp292,30,1,5.475294214946433,108112.5,108112.49999999188
LM-QRChol-scaled,false,false,Inf,0,Inf,false,Inf,tp292,30,1,NaN,108112.5,-Inf
LM-QR-scaled,true,false,7.427810762345545e-9,21,0.002369625,true,1.2504914300398415e-5,tp292,30,1,5.475327815956373,108112.5,108112.49999999258
LM-LQ,true,false,8.113082011571202e-9,70,0.000355417,true,4.417580091548672e-6,tp292,30,1,5.475294214946433,108112.5,108112.49999999188
LM-LQChol,true,false,8.113082011571186e-9,70,0.000357541,true,4.417580091548675e-6,tp292,30,1,5.475294214946433,108112.5,108112.49999999188
LM-LQ-scaled,true,false,7.427810762373764e-9,21,0.000139917,true,1.2504914300429933e-5,tp292,30,1,5.475327815956369,108112.5,108112.49999999258
LM-LQChol-scaled,true,false,7.427810762373742e-9,21,0.000135375,true,1.2504914300429902e-5,tp292,30,1,5.475327815956369,108112.5,108112.49999999258
LM-QRChol,true,false,9.800685106924642e-9,114,0.004055667000000001,true,5.587759200106853e-6,tp293,50,1,7.069372322299459,812812.5,812812.4999999902
LM-QR,true,false,9.800685106924516e-9,114,0.013061417,true,5.587759200106771e-6,tp293,50,1,7.069372322299459,812812.5,812812.4999999902
LM-QRChol-scaled,false,false,Inf,0,Inf,false,Inf,tp293,50,1,NaN,812812.5,-Inf
LM-QR-scaled,true,false,7.255121506401922e-9,22,0.0036928750000000004,true,9.029137553692496e-6,tp293,50,1,7.072028959228149,812812.5,812812.4999999928
LM-LQ,true,false,9.800685106924653e-9,114,0.000827583,true,5.5877592001068485e-6,tp293,50,1,7.069372322299459,812812.5,812812.4999999902
LM-LQChol,true,false,9.800685106924665e-9,114,0.000830917,true,5.58775920010686e-6,tp293,50,1,7.069372322299459,812812.5,812812.4999999902
LM-LQ-scaled,true,false,7.2551215061634345e-9,22,0.00018445900000000002,true,9.029137553353039e-6,tp293,50,1,7.072028959228127,812812.5,812812.4999999928
LM-LQChol-scaled,true,false,7.255121506159922e-9,22,0.00017475000000000002,true,9.029137553347916e-6,tp293,50,1,7.0720289592281285,812812.5,812812.4999999928
LM-QRChol,true,true,0.0,26,0.000142416,true,0.0,tp294_crop3,6,3,2.2073349118131476,21.779999999999994,21.779999999999994
LM-QR,true,true,0.0,26,0.000401958,true,0.0,tp294_crop3,6,3,2.2073349118131476,21.779999999999994,21.779999999999994
LM-QRChol-scaled,true,true,2.465190328815662e-30,15,8.6625e-5,true,5.3926372305691016e-14,tp294_crop3,6,3,2.213402462334525,21.779999999999994,21.779999999999994
LM-QR-scaled,true,true,0.0,15,0.00022191700000000002,true,0.0,tp294_crop3,6,3,2.213402462334525,21.779999999999994,21.779999999999994
LM-LQ,true,true,0.0,26,0.000191625,true,0.0,tp294_crop3,6,3,2.2073349118131476,21.779999999999994,21.779999999999994
LM-LQChol,true,true,0.0,26,0.00011220800000000001,true,0.0,tp294_crop3,6,3,2.2073349118131476,21.779999999999994,21.779999999999994
LM-LQ-scaled,true,true,0.0,15,0.00011458300000000001,true,0.0,tp294_crop3,6,3,2.213402462334525,21.779999999999994,21.779999999999994
LM-LQChol-scaled,true,true,0.0,15,6.7042e-5,true,0.0,tp294_crop3,6,3,2.213402462334525,21.779999999999994,21.779999999999994
LM-QRChol,true,true,2.465190328815662e-30,27,0.00021870800000000002,true,5.101565629955649e-14,tp295_crop5,10,5,3.1164607149523182,33.879999999999995,33.879999999999995
LM-QR,true,true,2.465190328815662e-30,27,0.000711,true,5.101565629955669e-14,tp295_crop5,10,5,3.1164607149523182,33.879999999999995,33.879999999999995
LM-QRChol-scaled,true,true,0.0,18,0.00015375,true,0.0,tp295_crop5,10,5,3.1207614295692028,33.879999999999995,33.879999999999995
LM-QR-scaled,true,true,2.465190328815662e-30,18,0.000464583,true,5.39264445030698e-14,tp295_crop5,10,5,3.1207614295692028,33.879999999999995,33.879999999999995
LM-LQ,true,true,0.0,27,0.000348083,true,0.0,tp295_crop5,10,5,3.1164607149523182,33.879999999999995,33.879999999999995
LM-LQChol,true,true,0.0,27,0.000159917,true,0.0,tp295_crop5,10,5,3.1164607149523182,33.879999999999995,33.879999999999995
LM-LQ-scaled,true,true,0.0,18,0.000243042,true,0.0,tp295_crop5,10,5,3.1207614295692028,33.879999999999995,33.879999999999995
LM-LQChol-scaled,true,true,0.0,18,0.00011254200000000001,true,0.0,tp295_crop5,10,5,3.1207614295692028,33.879999999999995,33.879999999999995
LM-QRChol,true,false,3.1486740616203747e-16,3,3.2167e-5,true,5.765539152216826e-7,tp296_crop8,16,8,4.414669937702386,48.4,48.4
LM-QR,true,false,3.1486740616203747e-16,3,2.9500000000000002e-5,true,5.765539152216826e-7,tp296_crop8,16,8,4.414669937702386,48.4,48.4
LM-QRChol-scaled,true,false,3.1486740616203747e-16,3,3.3166e-5,true,5.765539152216826e-7,tp296_crop8,16,8,4.414669937702386,48.4,48.4
LM-QR-scaled,true,false,3.1486740616203747e-16,3,3.0708000000000005e-5,true,5.765539152216826e-7,tp296_crop8,16,8,4.414669937702386,48.4,48.4
LM-LQ,true,false,3.1486743402255114e-16,3,2.1958000000000002e-5,true,5.765539407293844e-7,tp296_crop8,16,8,4.414669937702386,48.4,48.4
LM-LQChol,true,false,3.1486743402255114e-16,3,2.1917e-5,true,5.765539407293844e-7,tp296_crop8,16,8,4.414669937702386,48.4,48.4
LM-LQ-scaled,true,false,3.1486743402255114e-16,3,2.2834000000000002e-5,true,5.765539407293844e-7,tp296_crop8,16,8,4.414669937702386,48.4,48.4
LM-LQChol-scaled,true,false,3.1486743402255114e-16,3,2.2958000000000003e-5,true,5.765539407293844e-7,tp296_crop8,16,8,4.414669937702386,48.4,48.4
LM-QRChol,true,true,9.183549615799121e-39,26,0.0008614170000000001,true,1.3553214104337818e-18,tp297_crop15,30,15,8.405484434795767,2804.7799999999997,2804.7799999999997
LM-QR,true,true,2.2958874039497803e-39,26,0.00308725,true,6.776607052168909e-19,tp297_crop15,30,15,8.405484434795767,2804.7799999999997,2804.7799999999997
LM-QRChol-scaled,true,false,5.57650852387811e-16,4,0.000105542,true,4.689097908467322e-7,tp297_crop15,30,15,8.38701195293249,2804.7799999999997,2804.7799999999997
LM-QR-scaled,true,false,5.576508616571e-16,4,0.00017962500000000002,true,4.689097947438457e-7,tp297_crop15,30,15,8.38701195293249,2804.7799999999997,2804.7799999999997
LM-LQ,true,true,0.0,26,0.001444958,true,0.0,tp297_crop15,30,15,8.405484434795767,2804.7799999999997,2804.7799999999997
LM-LQChol,true,true,0.0,26,0.000506709,true,0.0,tp297_crop15,30,15,8.405484434795767,2804.7799999999997,2804.7799999999997
LM-LQ-scaled,true,false,5.576508616571e-16,4,0.00010737500000000001,true,4.689097947438456e-7,tp297_crop15,30,15,8.38701195293249,2804.7799999999997,2804.7799999999997
LM-LQChol-scaled,true,false,5.57650852387811e-16,4,7.2166e-5,true,4.689097908467294e-7,tp297_crop15,30,15,8.38701195293249,2804.7799999999997,2804.7799999999997
LM-QRChol,true,true,9.183549615799121e-39,26,0.002039041,true,1.355353617956672e-18,tp298_crop25,50,25,10.911222208056179,4559.28,4559.28
LM-QR,true,true,2.2958874039497803e-39,26,0.006891583000000001,true,6.77676808978336e-19,tp298_crop25,50,25,10.911222208056179,4559.28,4559.28
LM-QRChol-scaled,true,false,5.590687765861211e-16,4,0.00021970800000000002,true,4.694993216898761e-7,tp298_crop25,50,25,10.896878016890962,4559.28,4559.28
LM-QR-scaled,true,false,5.590687765861211e-16,4,0.00038512500000000005,true,4.69499321689857e-7,tp298_crop25,50,25,10.896878016890959,4559.28,4559.28
LM-LQ,true,true,3.76158192263132e-35,26,0.003284167,true,8.674263154922701e-17,tp298_crop25,50,25,10.911222208056179,4559.28,4559.28
LM-LQChol,true,true,3.0893460907548244e-35,26,0.001033375,true,7.861050984148697e-17,tp298_crop25,50,25,10.911222208056179,4559.28,4559.28
LM-LQ-scaled,true,false,5.590687765861211e-16,4,0.00023133300000000002,true,4.6949932168985724e-7,tp298_crop25,50,25,10.896878016890959,4559.28,4559.28
LM-LQChol-scaled,true,false,5.590687765861211e-16,4,0.000147916,true,4.694993216898573e-7,tp298_crop25,50,25,10.89687801689096,4559.28,4559.28
LM-QRChol,true,false,8.24931762601052e-14,4,0.0009595410000000001,true,4.106075835823498e-6,tp299_crop50,100,50,14.06787120316522,8772.5,8772.5
LM-QR,true,false,8.249317627349294e-14,4,0.0015003330000000002,true,4.106075836159902e-6,tp299_crop50,100,50,14.067871203172205,8772.5,8772.5
LM-QRChol-scaled,true,false,8.24097137861484e-14,4,0.000799333,true,4.103998780833216e-6,tp299_crop50,100,50,14.06787257532913,8772.5,8772.5
LM-QR-scaled,true,false,8.24097137861484e-14,4,0.0007119580000000001,true,4.103998780833216e-6,tp299_crop50,100,50,14.06787257532913,8772.5,8772.5
LM-LQ,true,false,8.249317627842527e-14,4,0.0008370840000000001,true,4.106075836282651e-6,tp299_crop50,100,50,14.067871203172198,8772.5,8772.5
LM-LQChol,true,false,8.249317627278832e-14,4,0.00053425,true,4.106075836142362e-6,tp299_crop50,100,50,14.067871203172194,8772.5,8772.5
LM-LQ-scaled,true,false,8.240971376854186e-14,4,0.00048587500000000003,true,4.103998780394813e-6,tp299_crop50,100,50,14.06787257532913,8772.5,8772.5
LM-LQChol-scaled,true,false,8.240971376854186e-14,4,0.00048670900000000005,true,4.103998780394813e-6,tp299_crop50,100,50,14.06787257532913,8772.5,8772.5
LM-QRChol,true,false,5.527482471734761e-9,10,0.00013658300000000002,true,5.775757831540255e-5,tp303_crop10,20,10,0.4201190592473156,6077.57625,6077.576249994472
LM-QR,true,false,5.527482471734761e-9,10,0.000125625,true,5.775757831540255e-5,tp303_crop10,20,10,0.4201190592473156,6077.57625,6077.576249994472
LM-QRChol-scaled,true,false,5.527482471734761e-9,10,0.000141042,true,5.775757831540255e-5,tp303_crop10,20,10,0.4201190592473156,6077.57625,6077.576249994472
LM-QR-scaled,true,false,5.527482471734761e-9,10,0.000129917,true,5.775757831540255e-5,tp303_crop10,20,10,0.4201190592473156,6077.57625,6077.576249994472
LM-LQ,true,false,5.527482471734039e-9,10,7.275e-5,true,5.775757831539689e-5,tp303_crop10,20,10,0.4201190592473156,6077.57625,6077.576249994472
LM-LQChol,true,false,5.527482471734039e-9,10,7.2167e-5,true,5.775757831539689e-5,tp303_crop10,20,10,0.4201190592473156,6077.57625,6077.576249994472
LM-LQ-scaled,true,false,5.527482471734039e-9,10,7.6334e-5,true,5.775757831539689e-5,tp303_crop10,20,10,0.4201190592473156,6077.57625,6077.576249994472
LM-LQChol-scaled,true,false,5.527482471734039e-9,10,7.6291e-5,true,5.775757831539689e-5,tp303_crop10,20,10,0.4201190592473156,6077.57625,6077.576249994472
LM-QRChol,true,false,1.8337114053761139e-9,13,0.000827791,true,9.763957679014363e-5,tp304_crop25,50,25,0.6625924042976494,8.258302121953125e6,8.258302121953123e6
LM-QR,true,false,1.8337114053761139e-9,13,0.0007488750000000001,true,9.763957679014363e-5,tp304_crop25,50,25,0.6625924042976494,8.258302121953125e6,8.258302121953123e6
LM-QRChol-scaled,true,false,1.8337114053761139e-9,13,0.000849125,true,9.763957679014363e-5,tp304_crop25,50,25,0.6625924042976494,8.258302121953125e6,8.258302121953123e6
LM-QR-scaled,true,false,1.8337114053761139e-9,13,0.000773,true,9.763957679014363e-5,tp304_crop25,50,25,0.6625924042976494,8.258302121953125e6,8.258302121953123e6
LM-LQ,true,false,1.8337114053759046e-9,13,0.000353333,true,9.763957679013531e-5,tp304_crop25,50,25,0.6625924042976493,8.258302121953125e6,8.258302121953123e6
LM-LQChol,true,false,1.8337114053759046e-9,13,0.000353833,true,9.763957679013531e-5,tp304_crop25,50,25,0.6625924042976493,8.258302121953125e6,8.258302121953123e6
LM-LQ-scaled,true,false,1.8337114053759046e-9,13,0.000378333,true,9.763957679013531e-5,tp304_crop25,50,25,0.6625924042976493,8.258302121953125e6,8.258302121953123e6
LM-LQChol-scaled,true,false,1.8337114053759046e-9,13,0.000377541,true,9.763957679013531e-5,tp304_crop25,50,25,0.6625924042976493,8.258302121953125e6,8.258302121953123e6
LM-QRChol,true,false,1.7628517630343563e-9,15,0.004368167,true,0.00026614446150974243,tp305_crop50,100,50,0.9363175664116946,2.0324297072762501e9,2.0324297072762501e9
LM-QR,true,false,1.7628517630343563e-9,15,0.004048917,true,0.00026614446150974243,tp305_crop50,100,50,0.9363175664116946,2.0324297072762501e9,2.0324297072762501e9
LM-QRChol-scaled,true,false,1.7628517630343563e-9,15,0.004444916,true,0.00026614446150974243,tp305_crop50,100,50,0.9363175664116946,2.0324297072762501e9,2.0324297072762501e9
LM-QR-scaled,true,false,1.7628517630343563e-9,15,0.004108792,true,0.00026614446150974243,tp305_crop50,100,50,0.9363175664116946,2.0324297072762501e9,2.0324297072762501e9
LM-LQ,true,false,1.7628517630315125e-9,15,0.0020066660000000003,true,0.0002661444615094205,tp305_crop50,100,50,0.9363175664116947,2.0324297072762501e9,2.0324297072762501e9
LM-LQChol,true,false,1.7628517630315125e-9,15,0.0020054170000000002,true,0.0002661444615094205,tp305_crop50,100,50,0.9363175664116947,2.0324297072762501e9,2.0324297072762501e9
LM-LQ-scaled,true,false,1.7628517630315125e-9,15,0.00207775,true,0.0002661444615094205,tp305_crop50,100,50,0.9363175664116947,2.0324297072762501e9,2.0324297072762501e9
LM-LQChol-scaled,true,false,1.7628517630315125e-9,15,0.0020825830000000003,true,0.0002661444615094205,tp305_crop50,100,50,0.9363175664116947,2.0324297072762501e9,2.0324297072762501e9
LM-QRChol,true,false,3.196594258783204e-9,9,2.4417e-5,true,1.0178586858794798e-6,tp308_crop1,2,1,2.993507490222071,43.33805,43.338049996803406
LM-QR,true,false,3.196594258783204e-9,9,2.275e-5,true,1.0178586858794798e-6,tp308_crop1,2,1,2.993507490222071,43.33805,43.338049996803406
LM-QRChol-scaled,true,false,3.196594258783204e-9,9,2.4958e-5,true,1.0178586858794798e-6,tp308_crop1,2,1,2.993507490222071,43.33805,43.338049996803406
LM-QR-scaled,true,false,3.196594258783204e-9,9,2.3625e-5,true,1.0178586858794798e-6,tp308_crop1,2,1,2.993507490222071,43.33805,43.338049996803406
LM-LQ,true,false,3.1965942587832173e-9,9,1.8417e-5,true,1.017858685879483e-6,tp308_crop1,2,1,2.993507490222071,43.33805,43.338049996803406
LM-LQChol,true,false,3.1965942587832173e-9,9,1.7833e-5,true,1.017858685879483e-6,tp308_crop1,2,1,2.993507490222071,43.33805,43.338049996803406
LM-LQ-scaled,true,false,3.1965942587832173e-9,9,1.8792000000000002e-5,true,1.017858685879483e-6,tp308_crop1,2,1,2.993507490222071,43.33805,43.338049996803406
LM-LQChol-scaled,true,false,3.1965942587832173e-9,9,1.8833e-5,true,1.017858685879483e-6,tp308_crop1,2,1,2.993507490222071,43.33805,43.338049996803406
LM-QRChol,true,false,1.7295853847700664e-11,4,1.15e-5,true,3.614210077426899e-5,tp311_crop1,2,1,2.1869239855401887,40.5,40.499999999982705
LM-QR,true,false,1.7295853847700664e-11,4,1.2417000000000002e-5,true,3.614210077426899e-5,tp311_crop1,2,1,2.1869239855401887,40.5,40.499999999982705
LM-QRChol-scaled,false,false,Inf,0,Inf,false,Inf,tp311_crop1,2,1,NaN,40.5,-Inf
LM-QR-scaled,true,false,8.501855334911282e-12,4,2.4459e-5,true,2.0340479732917144e-5,tp311_crop1,2,1,4.400739502736859,40.5,40.499999999991495
LM-LQ,true,false,1.7295853847700664e-11,4,8.792e-6,true,3.614210077426899e-5,tp311_crop1,2,1,2.1869239855401887,40.5,40.499999999982705
LM-LQChol,true,false,1.7295853847700664e-11,4,8.8955e-6,true,3.614210077426899e-5,tp311_crop1,2,1,2.1869239855401887,40.5,40.499999999982705
LM-LQ-scaled,true,false,8.501855342236189e-12,4,1.2708000000000001e-5,true,2.0340479741679472e-5,tp311_crop1,2,1,4.40073950273686,40.5,40.499999999991495
LM-LQChol-scaled,true,false,8.501855342236189e-12,4,1.3541000000000001e-5,true,2.0340479741679472e-5,tp311_crop1,2,1,4.40073950273686,40.5,40.499999999991495
LM-QRChol,true,false,4.0581537914987095e-15,2,6.458000000000001e-6,true,1.091568438921294e-6,tp312_crop1,2,1,0.9885634917827728,72.0,72.0
LM-QR,true,false,4.0581537914987095e-15,2,6.083e-6,true,1.091568438921294e-6,tp312_crop1,2,1,0.9885634917827728,72.0,72.0
LM-QRChol-scaled,true,false,4.0581537914987095e-15,2,6.639000000000001e-6,true,1.091568438921294e-6,tp312_crop1,2,1,0.9885634917827728,72.0,72.0
LM-QR-scaled,true,false,4.0581537914987095e-15,2,6.3125e-6,true,1.091568438921294e-6,tp312_crop1,2,1,0.9885634917827728,72.0,72.0
LM-LQ,true,false,4.0581537914987095e-15,2,5.218750000000001e-6,true,1.091568438921294e-6,tp312_crop1,2,1,0.9885634917827728,72.0,72.0
LM-LQChol,true,false,4.0581537914987095e-15,2,5.08325e-6,true,1.091568438921294e-6,tp312_crop1,2,1,0.9885634917827728,72.0,72.0
LM-LQ-scaled,true,false,4.0581537914987095e-15,2,5.187500000000001e-6,true,1.091568438921294e-6,tp312_crop1,2,1,0.9885634917827728,72.0,72.0
LM-LQChol-scaled,true,false,4.0581537914987095e-15,2,5.27075e-6,true,1.091568438921294e-6,tp312_crop1,2,1,0.9885634917827728,72.0,72.0
LM-QRChol,true,false,3.9364330908501164e-16,52,0.000279375,true,1.188411287937539e-5,tp333_crop2,3,2,55.93614484896878,13.058490402409856,13.058490402409856
LM-QR,true,false,3.936433298515694e-16,52,0.00043975000000000004,true,1.1884113193123631e-5,tp333_crop2,3,2,55.93614484896864,13.058490402409856,13.058490402409856
LM-QRChol-scaled,true,false,5.6728539658658063e-11,3,2.1833000000000003e-5,true,0.002748629675348992,tp333_crop2,3,2,56.44308225336103,13.058490402409856,13.058490402353128
LM-QR-scaled,true,false,9.8405954015065e-9,4,5.4167000000000005e-5,true,0.0018337607095247831,tp333_crop2,3,2,66.37540458401412,13.058490402409856,13.05849039256926
LM-LQ,true,false,3.9364328832084436e-16,52,0.000296542,true,1.1884112546529274e-5,tp333_crop2,3,2,55.93614484942397,13.058490402409856,13.058490402409856
LM-LQChol,true,false,3.936432883188528e-16,52,0.000233417,true,1.1884112561150323e-5,tp333_crop2,3,2,55.93614484907661,13.058490402409856,13.058490402409856
LM-LQ-scaled,true,false,9.840595401531217e-9,4,3.3875000000000003e-5,true,0.0018337607095271046,tp333_crop2,3,2,66.3754045840141,13.058490402409856,13.05849039256926
LM-LQChol-scaled,true,false,9.84059540150664e-9,4,2.3583e-5,true,0.0018337607095248007,tp333_crop2,3,2,66.3754045840141,13.058490402409856,13.05849039256926
LM-QRChol,true,false,1.539694801450086e-11,4,2.5375e-5,true,1.1117850812108975e-5,tp334_crop2,3,2,1.388467547851447,8.871553125000002,8.871553124984604
LM-QR,true,false,1.539694801450086e-11,4,2.4542000000000003e-5,true,1.1117850812108975e-5,tp334_crop2,3,2,1.388467547851447,8.871553125000002,8.871553124984604
LM-QRChol-scaled,true,false,1.539694801450086e-11,4,2.5625000000000003e-5,true,1.1117850812108975e-5,tp334_crop2,3,2,1.388467547851447,8.871553125000002,8.871553124984604
LM-QR-scaled,true,false,1.539694801450086e-11,4,2.4583e-5,true,1.1117850812108975e-5,tp334_crop2,3,2,1.388467547851447,8.871553125000002,8.871553124984604
LM-LQ,true,false,1.539694801450086e-11,4,2.1625e-5,true,1.1117850812108975e-5,tp334_crop2,3,2,1.388467547851447,8.871553125000002,8.871553124984604
LM-LQChol,true,false,1.539694801450086e-11,4,2.1583e-5,true,1.1117850812108975e-5,tp334_crop2,3,2,1.388467547851447,8.871553125000002,8.871553124984604
LM-LQ-scaled,true,false,1.539694801450086e-11,4,2.1833000000000003e-5,true,1.1117850812108975e-5,tp334_crop2,3,2,1.388467547851447,8.871553125000002,8.871553124984604
LM-LQChol-scaled,true,false,1.539694801450086e-11,4,2.1583e-5,true,1.1117850812108975e-5,tp334_crop2,3,2,1.388467547851447,8.871553125000002,8.871553124984604
LM-QRChol,true,false,3.6966492816121405e-12,3,2.0625e-5,true,4.1130787906353947e-7,tp350_crop2,4,2,0.19276585307855465,0.0011588628104622675,0.0011588628067656182
LM-QR,true,false,3.6966492816121405e-12,3,1.9875000000000002e-5,true,4.1130787906353947e-7,tp350_crop2,4,2,0.19276585307855465,0.0011588628104622675,0.0011588628067656182
LM-QRChol-scaled,true,false,3.6966492816121405e-12,3,2.0875000000000003e-5,true,4.1130787906353947e-7,tp350_crop2,4,2,0.19276585307855465,0.0011588628104622675,0.0011588628067656182
LM-QR-scaled,true,false,3.6966492816121405e-12,3,2.0083e-5,true,4.1130787906353947e-7,tp350_crop2,4,2,0.19276585307855465,0.0011588628104622675,0.0011588628067656182
LM-LQ,true,false,3.6966492816121405e-12,3,1.7625e-5,true,4.1130787906353947e-7,tp350_crop2,4,2,0.19276585307855465,0.0011588628104622675,0.0011588628067656182
LM-LQChol,true,false,3.6966492816121405e-12,3,1.7666e-5,true,4.1130787906353947e-7,tp350_crop2,4,2,0.19276585307855465,0.0011588628104622675,0.0011588628067656182
LM-LQ-scaled,true,false,3.6966492816121405e-12,3,1.7792000000000002e-5,true,4.1130787906353947e-7,tp350_crop2,4,2,0.19276585307855465,0.0011588628104622675,0.0011588628067656182
LM-LQChol-scaled,true,false,3.6966492816121405e-12,3,1.7959000000000002e-5,true,4.1130787906353947e-7,tp350_crop2,4,2,0.19276585307855465,0.0011588628104622675,0.0011588628067656182
LM-QRChol,true,false,9.674393681681403e-10,4,2.525e-5,true,0.0003615074333555716,tp351_crop2,4,2,12.040867842661621,8997.236402475048,8997.23640247408
LM-QR,true,false,9.674393681681403e-10,4,2.4333000000000002e-5,true,0.0003615074333555716,tp351_crop2,4,2,12.040867842661621,8997.236402475048,8997.23640247408
LM-QRChol-scaled,true,false,9.674393681681403e-10,4,2.5625000000000003e-5,true,0.0003615074333555716,tp351_crop2,4,2,12.040867842661621,8997.236402475048,8997.23640247408
LM-QR-scaled,true,false,9.674393681681403e-10,4,2.5083e-5,true,0.0003615074333555716,tp351_crop2,4,2,12.040867842661621,8997.236402475048,8997.23640247408
LM-LQ,true,false,9.674393681681403e-10,4,2.1291e-5,true,0.0003615074333555716,tp351_crop2,4,2,12.040867842661621,8997.236402475048,8997.23640247408
LM-LQChol,true,false,9.674393681681403e-10,4,2.0833000000000002e-5,true,0.0003615074333555716,tp351_crop2,4,2,12.040867842661621,8997.236402475048,8997.23640247408
LM-LQ-scaled,true,false,9.674393681681403e-10,4,2.1375e-5,true,0.0003615074333555716,tp351_crop2,4,2,12.040867842661621,8997.236402475048,8997.23640247408
LM-LQChol-scaled,true,false,9.674393681681403e-10,4,2.1666000000000002e-5,true,0.0003615074333555716,tp351_crop2,4,2,12.040867842661621,8997.236402475048,8997.23640247408
LM-QRChol,true,true,9.645057161491277e-30,1,3.7640000000000003e-6,true,4.566868036242993e-15,tp352_crop2,4,2,24.465422529923398,313.43188917911016,313.43188917911016
LM-QR,true,true,9.645057161491277e-30,1,3.514e-6,true,4.566868036242993e-15,tp352_crop2,4,2,24.465422529923398,313.43188917911016,313.43188917911016
LM-QRChol-scaled,true,true,9.645057161491277e-30,1,3.8834e-6,true,4.566868036242993e-15,tp352_crop2,4,2,24.465422529923398,313.43188917911016,313.43188917911016
LM-QR-scaled,true,true,9.645057161491277e-30,1,3.5835e-6,true,4.566868036242993e-15,tp352_crop2,4,2,24.465422529923398,313.43188917911016,313.43188917911016
LM-LQ,true,true,8.437113900371603e-30,1,2.9666e-6,true,5.151596069070827e-15,tp352_crop2,4,2,24.465422529923398,313.43188917911016,313.43188917911016
LM-LQChol,true,true,8.437113900371603e-30,1,2.9443333333333333e-6,true,5.151596069070827e-15,tp352_crop2,4,2,24.465422529923398,313.43188917911016,313.43188917911016
LM-LQ-scaled,true,true,8.437113900371603e-30,1,3.0166e-6,true,5.151596069070827e-15,tp352_crop2,4,2,24.465422529923398,313.43188917911016,313.43188917911016
LM-LQChol-scaled,true,true,8.437113900371603e-30,1,3.0e-6,true,5.151596069070827e-15,tp352_crop2,4,2,24.465422529923398,313.43188917911016,313.43188917911016
LM-QRChol,true,false,7.96258381760308e-16,4,0.00021825000000000002,true,1.6735315635485248e-7,tp370_crop3,6,3,0.7012715242044477,1.0,0.9999999999999992
LM-QR,true,false,7.96258381760308e-16,4,0.000218,true,1.6735315635485248e-7,tp370_crop3,6,3,0.7012715242044477,1.0,0.9999999999999992
LM-QRChol-scaled,true,false,8.371477270956434e-13,4,0.000222959,true,5.5200165032220394e-6,tp370_crop3,6,3,0.775350330352132,1.0,0.9999999999991629
LM-QR-scaled,true,false,8.371477276619805e-13,4,0.00023587500000000003,true,5.520016505014494e-6,tp370_crop3,6,3,0.7753503303521324,1.0,0.9999999999991629
LM-LQ,true,false,7.962584083428692e-16,4,0.000212792,true,1.6735315914685351e-7,tp370_crop3,6,3,0.7012715242044478,1.0,0.9999999999999992
LM-LQChol,true,false,7.962584083428692e-16,4,0.00021195800000000002,true,1.6735315914685351e-7,tp370_crop3,6,3,0.7012715242044478,1.0,0.9999999999999992
LM-LQ-scaled,true,false,8.371477285316458e-13,4,0.00022075000000000003,true,5.52001650794643e-6,tp370_crop3,6,3,0.7753503303521324,1.0,0.9999999999991629
LM-LQChol-scaled,true,false,8.371477265252744e-13,4,0.000216125,true,5.520016501381162e-6,tp370_crop3,6,3,0.7753503303521321,1.0,0.9999999999991629
LM-QRChol,true,false,1.1840694595238927e-16,4,0.00032504100000000003,true,1.2780417015031018e-7,tp371_crop5,9,5,0.9786035968754393,2.0,1.9999999999999998
LM-QR,true,false,1.1840694595238927e-16,4,0.000324458,true,1.2780417015031018e-7,tp371_crop5,9,5,0.9786035968754393,2.0,1.9999999999999998
LM-QRChol-scaled,true,false,1.8151490528833532e-10,4,0.000332875,true,0.0001564829978129314,tp371_crop5,9,5,0.9787240398976572,2.0,1.9999999998184852
LM-QR-scaled,true,false,1.8151490529680205e-10,4,0.00035904100000000005,true,0.00015648299781556894,tp371_crop5,9,5,0.9787240398976575,2.0,1.9999999998184852
LM-LQ,true,false,1.184069595432659e-16,4,0.000317,true,1.2780417710769071e-7,tp371_crop5,9,5,0.9786035968754392,2.0,1.9999999999999998
LM-LQChol,true,false,1.184069595432659e-16,4,0.000316125,true,1.2780417710769071e-7,tp371_crop5,9,5,0.9786035968754392,2.0,1.9999999999999998
LM-LQ-scaled,true,false,1.815149052798716e-10,4,0.00033475000000000003,true,0.00015648299780696633,tp371_crop5,9,5,0.9787240398976575,2.0,1.9999999998184852
LM-LQChol-scaled,true,false,1.8151490532218823e-10,4,0.000322041,true,0.00015648299782693934,tp371_crop5,9,5,0.9787240398976574,2.0,1.9999999998184852
LM-QRChol,true,false,9.799275364496908e-12,19,0.001113042,true,8.392227909209998e-6,tp379_crop6,11,6,1.498069238309777,0.05520577543150863,0.05520577542170936
LM-QR,true,false,9.799275365120095e-12,19,0.001402458,true,8.392227909521273e-6,tp379_crop6,11,6,1.498069238309779,0.05520577543150863,0.05520577542170936
LM-QRChol-scaled,true,false,1.2366675296156986e-10,12,0.0007104580000000001,true,1.766614656131826e-5,tp379_crop6,11,6,3.142706391748322,0.05520577543150863,0.05520577530784188
LM-QR-scaled,true,false,3.733849700641053e-9,12,0.00102675,true,0.00010656640560875425,tp379_crop6,11,6,3.0453402248082755,0.05520577543150863,0.05520577169765893
LM-LQ,true,false,9.799275364792984e-12,19,0.00117825,true,8.39222790909599e-6,tp379_crop6,11,6,1.4980692383097804,0.05520577543150863,0.05520577542170936
LM-LQChol,true,false,9.799275365387423e-12,19,0.0010410410000000001,true,8.392227910068676e-6,tp379_crop6,11,6,1.4980692383097791,0.05520577543150863,0.05520577542170936
LM-LQ-scaled,true,false,3.733849700656434e-9,12,0.000808709,true,0.00010656640560946737,tp379_crop6,11,6,3.045340224808286,0.05520577543150863,0.05520577169765893
LM-LQChol-scaled,true,false,3.733849700660105e-9,12,0.000660458,true,0.00010656640560961318,tp379_crop6,11,6,3.0453402248082853,0.05520577543150863,0.05520577169765893
